"region","order_date","total_revenue","total_orders","avg_order_value"
"Latin America","2022-01-09","119.43","1","119.43"
"Europe","2022-01-13","936.72","1","936.72"
"North America","2022-01-13","247.09","1","247.09"
"Europe","2022-02-10","69.58","1","69.58"
"Europe","2022-02-12","672.68","1","672.68"
"North America","2022-02-16","317.11","1","317.11"
"Middle East","2022-03-02","11.8","1","11.8"
"North America","2022-03-05","202.17","1","202.17"
"North America","2022-03-06","606.4","1","606.4"
"Europe","2022-03-08","222.3","1","222.3"
"Europe","2022-03-20","1939.78","3","646.5933333333334"
"Europe","2022-03-21","162.02","1","162.02"
"Europe","2022-03-22","163.7","1","163.7"
"Europe","2022-03-24","657.93","1","657.93"
"Europe","2022-03-25","237.15","1","237.15"
"North America","2022-03-25","1373.57","1","1373.57"
"Europe","2022-04-05","479.78999999999996","3","159.92999999999998"
"Latin America","2022-04-07","240.64","1","240.64"
"North America","2022-04-07","372.4","1","372.4"
"Europe","2022-04-09","35.31","1","35.31"
"Europe","2022-04-15","27.69","1","27.69"
"North America","2022-04-18","2127.23","1","2127.23"
"Europe","2022-04-23","115.44","1","115.44"
"Southeast Asia","2022-04-27","109.64","1","109.64"
"Europe","2022-05-02","51.78","1","51.78"
"Europe","2022-05-04","145.34","1","145.34"
"Latin America","2022-05-04","1096.4","1","1096.4"
"Middle East","2022-05-04","111.74","1","111.74"
"Middle East","2022-05-05","52.26","1","52.26"
"Europe","2022-05-08","743.31","1","743.31"
"North America","2022-05-09","26.5","1","26.5"
"Middle East","2022-05-10","74.09","1","74.09"
"North America","2022-05-12","105.72","1","105.72"
"Latin America","2022-05-14","95.76","1","95.76"
"Latin America","2022-05-15","426.94","2","213.47"
"Southeast Asia","2022-05-15","322.35","1","322.35"
"Europe","2022-05-20","740.3","3","246.76666666666665"
"Europe","2022-05-21","1338.38","1","1338.38"
"Southeast Asia","2022-05-24","44.46","1","44.46"
"Europe","2022-05-25","392.3","1","392.3"
"Europe","2022-05-26","711.01","1","711.01"
"Europe","2022-05-28","564.52","3","188.17333333333332"
"Europe","2022-06-01","183.16","1","183.16"
"North America","2022-06-01","173.88","1","173.88"
"Latin America","2022-06-02","83.19","1","83.19"
"Europe","2022-06-03","106.54","1","106.54"
"North America","2022-06-03","69.82","1","69.82"
"Europe","2022-06-06","53.58","1","53.58"
"Europe","2022-06-08","175.75","1","175.75"
"Europe","2022-06-10","134.91","1","134.91"
"Latin America","2022-06-10","144.41","1","144.41"
"North America","2022-06-10","548.5","1","548.5"
"North America","2022-06-13","45.41","1","45.41"
"Europe","2022-06-14","812.6700000000001","2","406.33500000000004"
"Middle East","2022-06-14","354.1","1","354.1"
"Europe","2022-06-15","92.52","1","92.52"
"Europe","2022-06-16","936.12","1","936.12"
"Europe","2022-06-17","265.19","2","132.595"
"North America","2022-06-17","168.6","2","84.3"
"Europe","2022-06-19","145.5","1","145.5"
"Europe","2022-06-20","150.59","1","150.59"
"Latin America","2022-06-20","80.44","1","80.44"
"Latin America","2022-06-23","20.81","1","20.81"
"Europe","2022-06-24","193.04","1","193.04"
"North America","2022-06-24","227.8","1","227.8"
"Europe","2022-06-25","34.64","1","34.64"
"North America","2022-06-28","58.62","1","58.62"
"Europe","2022-07-01","556.79","2","278.395"
"Europe","2022-07-02","60.82","1","60.82"
"North America","2022-07-02","742.28","3","247.42666666666665"
"Southeast Asia","2022-07-02","136.25","1","136.25"
"North America","2022-07-03","779.78","2","389.89"
"Middle East","2022-07-04","30.23","1","30.23"
"North America","2022-07-04","19.51","1","19.51"
"Europe","2022-07-05","414.03","1","414.03"
"Europe","2022-07-06","269.89","3","89.96333333333332"
"North America","2022-07-06","20.47","1","20.47"
"Europe","2022-07-07","1746.1100000000001","2","873.0550000000001"
"Middle East","2022-07-07","60.23","1","60.23"
"North America","2022-07-07","861.91","1","861.91"
"Southeast Asia","2022-07-07","141.93","1","141.93"
"Europe","2022-07-08","1824.54","3","608.18"
"North America","2022-07-08","904.56","2","452.28"
"Southeast Asia","2022-07-08","106.49","1","106.49"
"Europe","2022-07-09","658.6800000000001","4","164.67000000000002"
"Southeast Asia","2022-07-09","18.74","1","18.74"
"Europe","2022-07-12","592.22","2","296.11"
"Europe","2022-07-13","114.64","1","114.64"
"Europe","2022-07-14","24.99","1","24.99"
"Europe","2022-07-15","1009.9200000000001","2","504.96000000000004"
"Europe","2022-07-16","391.71","3","130.57"
"North America","2022-07-16","1587.88","4","396.97"
"North America","2022-07-17","263.67","1","263.67"
"Latin America","2022-07-18","368.3","1","368.3"
"Southeast Asia","2022-07-18","53.41","1","53.41"
"Europe","2022-07-20","114.15","1","114.15"
"Europe","2022-07-22","89.89","1","89.89"
"Latin America","2022-07-22","78.18","1","78.18"
"North America","2022-07-22","255.48","1","255.48"
"Europe","2022-07-23","576.32","1","576.32"
"North America","2022-07-23","451.97","1","451.97"
"Southeast Asia","2022-07-23","117.42","1","117.42"
"Europe","2022-07-25","246.98","3","82.32666666666667"
"North America","2022-07-25","485.92","1","485.92"
"North America","2022-07-26","79.25","1","79.25"
"Southeast Asia","2022-07-27","173.26","1","173.26"
"Europe","2022-07-31","117.42","1","117.42"
"Europe","2022-08-01","147.35","2","73.675"
"Europe","2022-08-02","918.05","1","918.05"
"North America","2022-08-02","1678.38","1","1678.38"
"Europe","2022-08-04","172.95999999999998","2","86.47999999999999"
"North America","2022-08-04","95.76","1","95.76"
"Europe","2022-08-05","507.52","1","507.52"
"Latin America","2022-08-05","33.45","1","33.45"
"North America","2022-08-05","680.0999999999999","2","340.04999999999995"
"Europe","2022-08-06","34.12","1","34.12"
"Europe","2022-08-07","730.8599999999999","2","365.42999999999995"
"North America","2022-08-07","479.26","1","479.26"
"Europe","2022-08-08","163.97","2","81.985"
"Latin America","2022-08-08","1388.76","1","1388.76"
"North America","2022-08-09","132.24","1","132.24"
"Southeast Asia","2022-08-09","1039.12","1","1039.12"
"Europe","2022-08-10","955.6","3","318.53333333333336"
"Latin America","2022-08-10","29.04","1","29.04"
"North America","2022-08-10","641.29","1","641.29"
"Europe","2022-08-11","700.29","2","350.145"
"Middle East","2022-08-11","95.16","1","95.16"
"North America","2022-08-11","608.33","1","608.33"
"Europe","2022-08-12","185.14","1","185.14"
"North America","2022-08-12","153.84","1","153.84"
"Europe","2022-08-13","170.74","3","56.913333333333334"
"North America","2022-08-13","18.74","1","18.74"
"North America","2022-08-14","55.47","1","55.47"
"Europe","2022-08-15","108.24000000000001","2","54.120000000000005"
"North America","2022-08-15","814.3599999999999","2","407.17999999999995"
"Europe","2022-08-16","26.25","1","26.25"
"Middle East","2022-08-16","81.7","1","81.7"
"North America","2022-08-17","95.63","1","95.63"
"Europe","2022-08-18","73.3","1","73.3"
"Latin America","2022-08-18","186.69","1","186.69"
"North America","2022-08-18","77.81","1","77.81"
"Europe","2022-08-19","91.85","1","91.85"
"North America","2022-08-19","61.2","2","30.6"
"Southeast Asia","2022-08-19","421.7","1","421.7"
"North America","2022-08-20","2002.08","1","2002.08"
"Southeast Asia","2022-08-20","548.58","1","548.58"
"Europe","2022-08-21","1748.49","3","582.83"
"Southeast Asia","2022-08-21","133.65","1","133.65"
"Europe","2022-08-22","305.78","1","305.78"
"Middle East","2022-08-22","916.19","1","916.19"
"Europe","2022-08-23","522.53","2","261.265"
"North America","2022-08-23","502.38","2","251.19"
"Europe","2022-08-25","14.82","1","14.82"
"North America","2022-08-25","26.01","1","26.01"
"Europe","2022-08-26","73.96","1","73.96"
"Middle East","2022-08-26","133.5","1","133.5"
"North America","2022-08-26","258.14","1","258.14"
"Europe","2022-08-28","313.73","1","313.73"
"Middle East","2022-08-28","233.18","1","233.18"
"North America","2022-08-28","826.37","3","275.45666666666665"
"Europe","2022-08-30","63.37","1","63.37"
"Europe","2022-09-01","61.91","1","61.91"
"North America","2022-09-01","161.68","1","161.68"
"North America","2022-09-02","172.78","1","172.78"
"Europe","2022-09-03","360.16","1","360.16"
"Europe","2022-09-04","498.58","1","498.58"
"Latin America","2022-09-04","180.73","1","180.73"
"North America","2022-09-04","402.66","2","201.33"
"Southeast Asia","2022-09-04","1756.78","1","1756.78"
"Europe","2022-09-05","221.02999999999997","2","110.51499999999999"
"North America","2022-09-05","2714.28","1","2714.28"
"Middle East","2022-09-06","26.95","1","26.95"
"North America","2022-09-06","640.01","1","640.01"
"Europe","2022-09-07","90.24","1","90.24"
"North America","2022-09-07","22.9","1","22.9"
"Europe","2022-09-09","58.86","1","58.86"
"Europe","2022-09-10","145.85","1","145.85"
"Middle East","2022-09-11","28.45","1","28.45"
"North America","2022-09-11","215.9","1","215.9"
"Europe","2022-09-12","106.06","1","106.06"
"Europe","2022-09-13","80.79","1","80.79"
"Middle East","2022-09-13","411.79","2","205.895"
"North America","2022-09-13","30.71","1","30.71"
"Europe","2022-09-14","17.26","1","17.26"
"Europe","2022-09-15","14.71","1","14.71"
"Europe","2022-09-16","520.51","2","260.255"
"Middle East","2022-09-16","53.48","1","53.48"
"Europe","2022-09-17","106.05","1","106.05"
"North America","2022-09-17","338.45","1","338.45"
"Europe","2022-09-18","55.52","1","55.52"
"North America","2022-09-18","2517.54","1","2517.54"
"Europe","2022-09-19","504.23","1","504.23"
"North America","2022-09-19","989.81","1","989.81"
"Europe","2022-09-20","25.52","1","25.52"
"North America","2022-09-20","1612.58","1","1612.58"
"Europe","2022-09-22","2541.38","4","635.345"
"North America","2022-09-22","256.94","2","128.47"
"Europe","2022-09-24","266.99","2","133.495"
"Europe","2022-09-26","802.66","1","802.66"
"Latin America","2022-09-26","35.83","2","17.915"
"North America","2022-09-26","18.61","1","18.61"
"Europe","2022-09-27","148.42","1","148.42"
"North America","2022-09-27","488.76","2","244.38"
"Southeast Asia","2022-09-27","320.79","1","320.79"
"Europe","2022-09-28","450.2","3","150.06666666666666"
"North America","2022-09-28","392.2","2","196.1"
"Middle East","2022-09-29","138.04","1","138.04"
"Europe","2022-10-01","190.82","2","95.41"
"North America","2022-10-01","958.5600000000001","3","319.52000000000004"
"Europe","2022-10-02","398.01","3","132.67"
"North America","2022-10-02","1721.41","2","860.705"
"Southeast Asia","2022-10-02","104.47","1","104.47"
"Europe","2022-10-03","169.53","1","169.53"
"North America","2022-10-03","166.07","2","83.035"
"Europe","2022-10-04","176.05","2","88.025"
"North America","2022-10-04","674.85","2","337.425"
"Europe","2022-10-06","242.26","2","121.13"
"Latin America","2022-10-06","41.02","1","41.02"
"North America","2022-10-06","444.83","2","222.415"
"Europe","2022-10-08","107.1","1","107.1"
"Europe","2022-10-09","76.61","1","76.61"
"North America","2022-10-09","139.61","2","69.805"
"Europe","2022-10-10","179.7","1","179.7"
"Europe","2022-10-11","584.25","2","292.125"
"North America","2022-10-11","70.22","1","70.22"
"Europe","2022-10-12","327.89","1","327.89"
"Europe","2022-10-13","224.46","1","224.46"
"North America","2022-10-13","73.31","2","36.655"
"Europe","2022-10-14","829.31","2","414.655"
"North America","2022-10-14","449.64","2","224.82"
"Europe","2022-10-15","87.38","2","43.69"
"Latin America","2022-10-15","343.48","1","343.48"
"North America","2022-10-15","83.43","1","83.43"
"Europe","2022-10-16","615.05","2","307.525"
"Europe","2022-10-17","1162.58","2","581.29"
"Latin America","2022-10-17","98.14","1","98.14"
"Europe","2022-10-18","149.65","1","149.65"
"North America","2022-10-18","377.83","1","377.83"
"Europe","2022-10-19","585.66","3","195.22"
"Latin America","2022-10-19","50.73","1","50.73"
"Europe","2022-10-20","48.56","1","48.56"
"Europe","2022-10-22","54.97","1","54.97"
"Europe","2022-10-23","660.85","2","330.425"
"Latin America","2022-10-23","18.62","1","18.62"
"Middle East","2022-10-23","338.45","1","338.45"
"North America","2022-10-23","1098.8899999999999","3","366.2966666666666"
"Europe","2022-10-24","90.37","2","45.185"
"North America","2022-10-24","2190.04","2","1095.02"
"Latin America","2022-10-25","108.44","1","108.44"
"North America","2022-10-25","2072.67","2","1036.335"
"Southeast Asia","2022-10-27","121.73","1","121.73"
"Europe","2022-10-28","682.78","2","341.39"
"Europe","2022-11-01","1621.93","5","324.386"
"North America","2022-11-01","1835.43","4","458.8575"
"Southeast Asia","2022-11-01","359.59999999999997","2","179.79999999999998"
"Europe","2022-11-02","576.97","1","576.97"
"Latin America","2022-11-02","151.15","1","151.15"
"North America","2022-11-02","821.77","1","821.77"
"Europe","2022-11-03","926.05","2","463.025"
"North America","2022-11-03","1990.69","3","663.5633333333334"
"North America","2022-11-04","338.95","4","84.7375"
"Europe","2022-11-05","238.41","3","79.47"
"North America","2022-11-05","39.09","1","39.09"
"Europe","2022-11-06","789.56","2","394.78"
"Latin America","2022-11-06","226.75","2","113.375"
"North America","2022-11-06","349.73999999999995","3","116.57999999999998"
"Europe","2022-11-07","317.86","2","158.93"
"North America","2022-11-07","418.43","4","104.6075"
"Southeast Asia","2022-11-07","12.06","1","12.06"
"Europe","2022-11-08","45.5","1","45.5"
"Latin America","2022-11-08","140.87","1","140.87"
"North America","2022-11-08","272.03","1","272.03"
"Europe","2022-11-09","476.61","1","476.61"
"North America","2022-11-09","269.7","3","89.89999999999999"
"Southeast Asia","2022-11-09","461.57","2","230.785"
"Europe","2022-11-10","441.85999999999996","3","147.28666666666666"
"North America","2022-11-10","373.73","1","373.73"
"Southeast Asia","2022-11-10","215.11","1","215.11"
"Europe","2022-11-11","1065.52","4","266.38"
"Latin America","2022-11-11","382.22","1","382.22"
"Middle East","2022-11-11","185.51","1","185.51"
"North America","2022-11-11","365.48","1","365.48"
"Europe","2022-11-12","341.75","2","170.875"
"North America","2022-11-12","187.07999999999998","2","93.53999999999999"
"Europe","2022-11-13","92.50999999999999","2","46.254999999999995"
"North America","2022-11-13","68.39","1","68.39"
"Southeast Asia","2022-11-13","113.52","1","113.52"
"Europe","2022-11-14","690.49","2","345.245"
"North America","2022-11-14","655.61","3","218.53666666666666"
"Europe","2022-11-15","430","4","107.5"
"Southeast Asia","2022-11-15","140.08","1","140.08"
"Europe","2022-11-16","787.95","3","262.65000000000003"
"Latin America","2022-11-16","135.56","2","67.78"
"Middle East","2022-11-16","60.31","1","60.31"
"North America","2022-11-16","711.1","5","142.22"
"Europe","2022-11-17","829.09","4","207.2725"
"North America","2022-11-17","167.07","2","83.535"
"Europe","2022-11-18","293.03000000000003","4","73.25750000000001"
"North America","2022-11-18","131.61","2","65.805"
"Southeast Asia","2022-11-18","603.36","1","603.36"
"Europe","2022-11-19","338.92","3","112.97333333333334"
"North America","2022-11-19","140.26","1","140.26"
"Europe","2022-11-20","205.32","2","102.66"
"North America","2022-11-20","426.58","2","213.29"
"Europe","2022-11-21","805.22","3","268.4066666666667"
"North America","2022-11-21","843.13","5","168.626"
"Europe","2022-11-22","272.5","2","136.25"
"Latin America","2022-11-22","151.26","1","151.26"
"North America","2022-11-22","1266.93","4","316.7325"
"Europe","2022-11-23","278.26","2","139.13"
"North America","2022-11-23","2971.5299999999997","3","990.5099999999999"
"Southeast Asia","2022-11-23","834.23","1","834.23"
"Europe","2022-11-24","374.46000000000004","4","93.61500000000001"
"North America","2022-11-24","1211.4","2","605.7"
"Southeast Asia","2022-11-24","26.93","1","26.93"
"Latin America","2022-11-25","64.16","1","64.16"
"North America","2022-11-25","102.91","2","51.455"
"Europe","2022-11-26","472.45","4","118.1125"
"Latin America","2022-11-26","169.46","2","84.73"
"Middle East","2022-11-26","356.49","1","356.49"
"North America","2022-11-26","338.82","3","112.94"
"Middle East","2022-11-27","27.13","1","27.13"
"North America","2022-11-27","89.19","2","44.595"
"Southeast Asia","2022-11-27","131.29","1","131.29"
"Europe","2022-11-28","1299.33","1","1299.33"
"North America","2022-11-28","281.48","2","140.74"
"Europe","2022-11-29","17.45","1","17.45"
"Europe","2022-11-30","57.72","2","28.86"
"Europe","2022-12-01","805.2099999999999","5","161.04199999999997"
"Latin America","2022-12-01","236.14","1","236.14"
"North America","2022-12-01","392.22999999999996","2","196.11499999999998"
"Europe","2022-12-02","331.44","4","82.86"
"Latin America","2022-12-02","70.42","1","70.42"
"North America","2022-12-02","945.97","2","472.985"
"Southeast Asia","2022-12-02","535.19","1","535.19"
"Europe","2022-12-03","1071.71","4","267.9275"
"North America","2022-12-03","364.9","4","91.225"
"Europe","2022-12-04","862.69","7","123.24142857142859"
"Middle East","2022-12-04","29.8","1","29.8"
"North America","2022-12-04","650.6700000000001","2","325.33500000000004"
"Europe","2022-12-05","2801.19","4","700.2975"
"Middle East","2022-12-05","289.55","1","289.55"
"North America","2022-12-05","368.82","3","122.94"
"Europe","2022-12-06","1265.8","5","253.16"
"North America","2022-12-06","603.28","2","301.64"
"Europe","2022-12-07","2035.7099999999998","7","290.81571428571425"
"Latin America","2022-12-07","1586.03","1","1586.03"
"Middle East","2022-12-07","128.06","1","128.06"
"North America","2022-12-07","29.62","1","29.62"
"Southeast Asia","2022-12-07","210.88","1","210.88"
"Europe","2022-12-08","2722.4","5","544.48"
"Latin America","2022-12-08","432.63","2","216.315"
"North America","2022-12-08","300.37","3","100.12333333333333"
"Southeast Asia","2022-12-08","172.24","1","172.24"
"Europe","2022-12-09","1877.15","6","312.85833333333335"
"Latin America","2022-12-09","47.29","1","47.29"
"North America","2022-12-09","155.89","2","77.945"
"Southeast Asia","2022-12-09","72.58","1","72.58"
"Europe","2022-12-10","150.14","1","150.14"
"Middle East","2022-12-10","945.35","1","945.35"
"North America","2022-12-10","295.04","4","73.76"
"Europe","2022-12-11","334.64","3","111.54666666666667"
"North America","2022-12-11","181.79","2","90.895"
"Europe","2022-12-12","2382.75","5","476.55"
"Middle East","2022-12-12","190.49","1","190.49"
"North America","2022-12-12","92.91999999999999","2","46.459999999999994"
"Southeast Asia","2022-12-12","171.5","1","171.5"
"Europe","2022-12-13","3149.9900000000002","8","393.74875000000003"
"Latin America","2022-12-13","83.28","1","83.28"
"North America","2022-12-13","1202.95","4","300.7375"
"Europe","2022-12-14","270.97","2","135.485"
"North America","2022-12-14","528.11","2","264.055"
"Europe","2022-12-15","1098.18","8","137.2725"
"Latin America","2022-12-15","335.18","1","335.18"
"North America","2022-12-15","411.79","1","411.79"
"Europe","2022-12-16","252.00000000000003","3","84.00000000000001"
"Latin America","2022-12-16","31.38","1","31.38"
"North America","2022-12-16","4152.96","4","1038.24"
"Europe","2022-12-17","629.71","3","209.90333333333334"
"Latin America","2022-12-17","299.75","2","149.875"
"North America","2022-12-17","1449.1399999999999","2","724.5699999999999"
"Europe","2022-12-18","2870.42","11","260.9472727272727"
"Latin America","2022-12-18","880.85","1","880.85"
"Middle East","2022-12-18","115.97","1","115.97"
"North America","2022-12-18","227.79","3","75.92999999999999"
"Europe","2022-12-19","1609.65","4","402.4125"
"North America","2022-12-19","239.96","1","239.96"
"Southeast Asia","2022-12-19","46.75","1","46.75"
"Europe","2022-12-20","2816.51","3","938.8366666666667"
"North America","2022-12-20","526.11","3","175.37"
"Europe","2022-12-21","2319.92","6","386.65333333333336"
"Middle East","2022-12-21","127.34","2","63.67"
"Southeast Asia","2022-12-21","1163.9","2","581.95"
"Europe","2022-12-22","1390.15","4","347.5375"
"North America","2022-12-22","305.8","3","101.93333333333334"
"Europe","2022-12-23","1341.36","4","335.34"
"Latin America","2022-12-23","272.39","3","90.79666666666667"
"Southeast Asia","2022-12-23","258.14","1","258.14"
"Europe","2022-12-24","1127.09","5","225.41799999999998"
"North America","2022-12-24","995.16","6","165.85999999999999"
"Southeast Asia","2022-12-24","117.54","2","58.77"
"Europe","2022-12-25","2049","5","409.8"
"Latin America","2022-12-25","26.53","1","26.53"
"North America","2022-12-25","866.32","3","288.77333333333337"
"Europe","2022-12-26","761.21","3","253.73666666666668"
"Latin America","2022-12-26","1145.31","2","572.655"
"North America","2022-12-26","1108.3799999999999","4","277.09499999999997"
"Europe","2022-12-27","262.67","3","87.55666666666667"
"Middle East","2022-12-27","282.46","2","141.23"
"North America","2022-12-27","558.3199999999999","7","79.75999999999999"
"Southeast Asia","2022-12-27","41.93","1","41.93"
"Europe","2022-12-28","1880.2","3","626.7333333333333"
"North America","2022-12-28","2555.1800000000003","5","511.03600000000006"
"Southeast Asia","2022-12-28","1362.31","2","681.155"
"Europe","2022-12-29","479.55","2","239.775"
"North America","2022-12-29","141.77","1","141.77"
"Europe","2022-12-31","541.1","1","541.1"
"North America","2022-12-31","56.65","1","56.65"
"Europe","2023-01-01","17.57","1","17.57"
"Europe","2023-01-02","461.25","1","461.25"
"Middle East","2023-01-02","217.95","1","217.95"
"North America","2023-01-02","5","1","5"
"Europe","2023-01-04","722.01","2","361.005"
"Latin America","2023-01-04","161.12","1","161.12"
"North America","2023-01-04","1346.21","2","673.105"
"Latin America","2023-01-05","476.82","2","238.41"
"North America","2023-01-05","208.92","1","208.92"
"Southeast Asia","2023-01-05","110.55","1","110.55"
"Europe","2023-01-07","704.35","1","704.35"
"Southeast Asia","2023-01-07","206.25","1","206.25"
"North America","2023-01-08","83.2","1","83.2"
"Europe","2023-01-09","577","2","288.5"
"Europe","2023-01-10","1429.32","2","714.66"
"North America","2023-01-10","92.88","1","92.88"
"Europe","2023-01-11","471.74","2","235.87"
"Europe","2023-01-12","488.95","2","244.475"
"North America","2023-01-14","963.1","1","963.1"
"Latin America","2023-01-15","533.62","2","266.81"
"Southeast Asia","2023-01-15","718.65","1","718.65"
"Europe","2023-01-16","1220.58","1","1220.58"
"Latin America","2023-01-16","965.47","1","965.47"
"North America","2023-01-16","504.25","1","504.25"
"Middle East","2023-01-17","294.46","1","294.46"
"North America","2023-01-17","706.1","3","235.36666666666667"
"North America","2023-01-18","288.87","2","144.435"
"Europe","2023-01-19","321.19","2","160.595"
"North America","2023-01-19","68.87","1","68.87"
"North America","2023-01-20","496.73","1","496.73"
"Southeast Asia","2023-01-20","29.04","1","29.04"
"Europe","2023-01-21","310.11","1","310.11"
"North America","2023-01-21","532.84","1","532.84"
"Europe","2023-01-23","27.95","1","27.95"
"Latin America","2023-01-24","484.67","1","484.67"
"Southeast Asia","2023-01-24","71.67","1","71.67"
"Latin America","2023-01-25","194.31","1","194.31"
"North America","2023-01-25","193.51999999999998","2","96.75999999999999"
"Europe","2023-01-26","209.83","1","209.83"
"Middle East","2023-01-26","299.07","1","299.07"
"North America","2023-01-26","16.81","1","16.81"
"Southeast Asia","2023-01-27","294.34","1","294.34"
"Middle East","2023-01-28","20.9","1","20.9"
"Europe","2023-02-01","65.65","1","65.65"
"Middle East","2023-02-01","86.25","1","86.25"
"North America","2023-02-01","72.91","1","72.91"
"Europe","2023-02-02","781.83","1","781.83"
"Latin America","2023-02-02","62.87","1","62.87"
"Southeast Asia","2023-02-02","192.46","1","192.46"
"Europe","2023-02-04","21.01","1","21.01"
"North America","2023-02-04","19.96","1","19.96"
"Europe","2023-02-06","107.81","1","107.81"
"Middle East","2023-02-06","38.74","1","38.74"
"Southeast Asia","2023-02-06","345.75","1","345.75"
"Europe","2023-02-07","581.14","2","290.57"
"Latin America","2023-02-07","475.51","1","475.51"
"Europe","2023-02-08","148.88","1","148.88"
"Latin America","2023-02-08","2119.95","2","1059.975"
"Middle East","2023-02-08","20.54","1","20.54"
"Europe","2023-02-09","407.56","1","407.56"
"Latin America","2023-02-09","170.16","1","170.16"
"Southeast Asia","2023-02-09","211.99","1","211.99"
"Europe","2023-02-10","192.79","2","96.395"
"Southeast Asia","2023-02-10","36.96","1","36.96"
"Europe","2023-02-11","784.94","4","196.235"
"North America","2023-02-11","170.71","2","85.355"
"North America","2023-02-12","180.66","1","180.66"
"Europe","2023-02-13","114.08","2","57.04"
"Latin America","2023-02-13","53.52","1","53.52"
"Latin America","2023-02-14","649.93","1","649.93"
"North America","2023-02-15","177.29000000000002","2","88.64500000000001"
"North America","2023-02-17","71.67","1","71.67"
"Europe","2023-02-18","505.24","1","505.24"
"Europe","2023-02-19","59.4","1","59.4"
"North America","2023-02-20","1764.98","1","1764.98"
"Southeast Asia","2023-02-20","104.6","1","104.6"
"Europe","2023-02-21","17.26","1","17.26"
"Middle East","2023-02-21","164.72","1","164.72"
"Europe","2023-02-22","231.03","1","231.03"
"Middle East","2023-02-22","373.2","1","373.2"
"Europe","2023-02-23","763.27","2","381.635"
"Middle East","2023-02-23","839.18","1","839.18"
"North America","2023-02-23","813.12","1","813.12"
"Europe","2023-02-24","1471.4099999999999","4","367.85249999999996"
"Latin America","2023-02-24","4.75","1","4.75"
"Europe","2023-02-25","58.78","1","58.78"
"North America","2023-02-25","36.41","1","36.41"
"Southeast Asia","2023-02-25","143.64","1","143.64"
"Europe","2023-02-26","1788.8400000000001","3","596.2800000000001"
"North America","2023-02-26","249.28","1","249.28"
"Europe","2023-02-27","13.66","1","13.66"
"Latin America","2023-02-27","185.04","1","185.04"
"North America","2023-02-27","902.4200000000001","2","451.21000000000004"
"Europe","2023-02-28","1147.11","3","382.36999999999995"
"North America","2023-02-28","285.48","2","142.74"
"Europe","2023-03-01","151.13","1","151.13"
"Latin America","2023-03-01","441.16","1","441.16"
"Middle East","2023-03-01","612.18","1","612.18"
"North America","2023-03-01","1338.57","1","1338.57"
"Southeast Asia","2023-03-01","65.52","1","65.52"
"North America","2023-03-02","134.16","2","67.08"
"Southeast Asia","2023-03-02","67.69","1","67.69"
"North America","2023-03-03","65.54","1","65.54"
"Latin America","2023-03-04","19.71","1","19.71"
"North America","2023-03-04","87.72","1","87.72"
"North America","2023-03-05","2030.81","3","676.9366666666666"
"Europe","2023-03-06","13.34","1","13.34"
"North America","2023-03-07","231.16","1","231.16"
"Europe","2023-03-08","963.5999999999999","3","321.2"
"North America","2023-03-08","398.78","1","398.78"
"Southeast Asia","2023-03-09","419.8","1","419.8"
"Europe","2023-03-10","1852.8600000000001","2","926.4300000000001"
"Middle East","2023-03-10","45.3","1","45.3"
"North America","2023-03-10","35.51","1","35.51"
"North America","2023-03-11","916.03","2","458.015"
"Europe","2023-03-12","624.32","2","312.16"
"North America","2023-03-12","586.96","1","586.96"
"Europe","2023-03-14","307.16","1","307.16"
"North America","2023-03-14","1808.06","3","602.6866666666666"
"Europe","2023-03-17","393.24","1","393.24"
"North America","2023-03-17","14.22","1","14.22"
"Latin America","2023-03-18","37.17","1","37.17"
"North America","2023-03-18","366.92","1","366.92"
"Europe","2023-03-19","700.95","1","700.95"
"Latin America","2023-03-19","56.56","1","56.56"
"North America","2023-03-19","15.92","1","15.92"
"Europe","2023-03-20","1095.28","1","1095.28"
"Middle East","2023-03-20","16.89","1","16.89"
"North America","2023-03-20","81.85","1","81.85"
"Europe","2023-03-21","247.89","3","82.63"
"North America","2023-03-21","784.93","5","156.986"
"Southeast Asia","2023-03-21","206.62","1","206.62"
"Europe","2023-03-22","836.47","3","278.8233333333333"
"Europe","2023-03-23","58.44","1","58.44"
"Latin America","2023-03-23","385.53","1","385.53"
"North America","2023-03-23","591.94","2","295.97"
"Southeast Asia","2023-03-23","319.26","2","159.63"
"Europe","2023-03-24","924.03","1","924.03"
"Southeast Asia","2023-03-24","32.31","1","32.31"
"Europe","2023-03-25","185.33","3","61.77666666666667"
"Southeast Asia","2023-03-25","270.28","1","270.28"
"Europe","2023-03-26","366.92","1","366.92"
"North America","2023-03-26","27.38","1","27.38"
"Europe","2023-03-27","2309.46","4","577.365"
"North America","2023-03-27","38.1","1","38.1"
"Europe","2023-03-28","118.83","1","118.83"
"North America","2023-03-28","10","1","10"
"Southeast Asia","2023-03-28","639.36","1","639.36"
"North America","2023-03-31","177.49","1","177.49"
"Europe","2023-04-01","212.52","1","212.52"
"Europe","2023-04-03","106.63","1","106.63"
"North America","2023-04-03","375.25","1","375.25"
"Southeast Asia","2023-04-03","318.6","2","159.3"
"Europe","2023-04-04","162.08999999999997","2","81.04499999999999"
"Latin America","2023-04-04","14.67","1","14.67"
"North America","2023-04-04","400.75","1","400.75"
"Southeast Asia","2023-04-04","344.82","1","344.82"
"Europe","2023-04-05","261.47","2","130.735"
"North America","2023-04-05","821.08","4","205.27"
"Southeast Asia","2023-04-05","37.24","1","37.24"
"Europe","2023-04-06","225.35","1","225.35"
"Latin America","2023-04-06","74.47","1","74.47"
"North America","2023-04-06","541.04","2","270.52"
"Europe","2023-04-07","288.78","3","96.25999999999999"
"Latin America","2023-04-07","586.68","1","586.68"
"Middle East","2023-04-07","32.24","1","32.24"
"Europe","2023-04-08","83.86","1","83.86"
"Southeast Asia","2023-04-09","113.45","1","113.45"
"Southeast Asia","2023-04-10","202.98000000000002","2","101.49000000000001"
"North America","2023-04-11","101.31","1","101.31"
"Southeast Asia","2023-04-11","100.98","2","50.49"
"Europe","2023-04-12","588.17","1","588.17"
"Southeast Asia","2023-04-12","481.7","2","240.85"
"North America","2023-04-13","1331.25","2","665.625"
"Europe","2023-04-14","52.63","1","52.63"
"North America","2023-04-15","297.4","2","148.7"
"Europe","2023-04-16","272.47","1","272.47"
"Middle East","2023-04-16","116.21000000000001","2","58.105000000000004"
"North America","2023-04-16","29.62","1","29.62"
"Europe","2023-04-17","1208.11","4","302.0275"
"Latin America","2023-04-17","12.46","1","12.46"
"Europe","2023-04-18","7.41","1","7.41"
"North America","2023-04-18","34.28","1","34.28"
"Southeast Asia","2023-04-18","640.44","2","320.22"
"Latin America","2023-04-19","50.53","1","50.53"
"Southeast Asia","2023-04-19","41.31","1","41.31"
"Europe","2023-04-20","20.44","1","20.44"
"North America","2023-04-20","158.41","1","158.41"
"Southeast Asia","2023-04-20","121.99000000000001","2","60.995000000000005"
"Latin America","2023-04-21","34.12","1","34.12"
"Europe","2023-04-22","1264.96","4","316.24"
"North America","2023-04-22","417.6","2","208.8"
"Southeast Asia","2023-04-22","1378.31","2","689.155"
"Europe","2023-04-24","885.97","3","295.3233333333333"
"Middle East","2023-04-24","145.26","2","72.63"
"North America","2023-04-24","146.17","2","73.085"
"Southeast Asia","2023-04-24","32.45","1","32.45"
"Europe","2023-04-25","707.76","3","235.92"
"North America","2023-04-25","1770.48","4","442.62"
"Europe","2023-04-26","1749.86","3","583.2866666666666"
"Middle East","2023-04-26","184.79","1","184.79"
"North America","2023-04-26","218.08","1","218.08"
"Southeast Asia","2023-04-26","96.8","1","96.8"
"Europe","2023-04-27","53.48","1","53.48"
"North America","2023-04-27","879.36","1","879.36"
"Europe","2023-04-28","2798.3","3","932.7666666666668"
"Southeast Asia","2023-04-28","72","1","72"
"Middle East","2023-04-29","17.66","1","17.66"
"North America","2023-04-29","387.82","1","387.82"
"Europe","2023-05-01","330.18","2","165.09"
"North America","2023-05-01","472.67","1","472.67"
"Southeast Asia","2023-05-01","507.15","2","253.575"
"Europe","2023-05-02","797.1999999999999","4","199.29999999999998"
"North America","2023-05-02","136.2","2","68.1"
"Europe","2023-05-03","92.41","1","92.41"
"Latin America","2023-05-03","14.52","1","14.52"
"Middle East","2023-05-03","55.21","1","55.21"
"North America","2023-05-03","1792.71","2","896.355"
"Europe","2023-05-04","241.16000000000003","3","80.38666666666667"
"Middle East","2023-05-04","255.18","1","255.18"
"North America","2023-05-04","996.0799999999999","2","498.03999999999996"
"Europe","2023-05-05","343.59","3","114.52999999999999"
"Latin America","2023-05-05","97.12","1","97.12"
"Middle East","2023-05-05","78.78","1","78.78"
"North America","2023-05-05","863","2","431.5"
"Latin America","2023-05-06","180.70999999999998","2","90.35499999999999"
"Southeast Asia","2023-05-06","408.40999999999997","2","204.20499999999998"
"Europe","2023-05-07","453.75","2","226.875"
"North America","2023-05-07","123.46000000000001","2","61.730000000000004"
"Southeast Asia","2023-05-07","660.97","2","330.485"
"Europe","2023-05-08","968.77","3","322.92333333333335"
"North America","2023-05-08","1444.8","2","722.4"
"Southeast Asia","2023-05-08","326.73","1","326.73"
"Latin America","2023-05-09","904.76","1","904.76"
"North America","2023-05-09","445.55","1","445.55"
"Europe","2023-05-10","367.88","1","367.88"
"North America","2023-05-10","1310.44","2","655.22"
"Southeast Asia","2023-05-10","128.5","1","128.5"
"Europe","2023-05-11","235.62","1","235.62"
"Latin America","2023-05-11","69.88","1","69.88"
"North America","2023-05-11","745.45","1","745.45"
"Europe","2023-05-12","169.79","2","84.895"
"Middle East","2023-05-12","28.99","1","28.99"
"Europe","2023-05-13","1583","6","263.8333333333333"
"Middle East","2023-05-13","651.12","1","651.12"
"North America","2023-05-13","167.38","1","167.38"
"Southeast Asia","2023-05-13","815.2","2","407.6"
"Latin America","2023-05-14","183.37","1","183.37"
"North America","2023-05-14","83.72","1","83.72"
"Europe","2023-05-15","1059.32","3","353.1066666666666"
"North America","2023-05-15","211.26","1","211.26"
"Europe","2023-05-16","1566.82","3","522.2733333333333"
"Middle East","2023-05-16","494.28","2","247.14"
"North America","2023-05-16","388.36","3","129.45333333333335"
"Southeast Asia","2023-05-16","55.86","1","55.86"
"Europe","2023-05-17","33.04","1","33.04"
"Latin America","2023-05-17","170.98","1","170.98"
"North America","2023-05-17","380.97","1","380.97"
"Southeast Asia","2023-05-17","859.52","1","859.52"
"Europe","2023-05-18","598.45","1","598.45"
"Southeast Asia","2023-05-18","187.51","1","187.51"
"Europe","2023-05-19","350.76","1","350.76"
"Latin America","2023-05-19","60.7","1","60.7"
"Middle East","2023-05-19","735.49","1","735.49"
"North America","2023-05-19","37.14","1","37.14"
"Europe","2023-05-20","1764.88","7","252.1257142857143"
"North America","2023-05-20","881.28","2","440.64"
"Southeast Asia","2023-05-20","921.73","1","921.73"
"Europe","2023-05-21","751.77","3","250.59"
"Middle East","2023-05-21","172.08","1","172.08"
"Southeast Asia","2023-05-21","83.21","1","83.21"
"Europe","2023-05-22","2696.16","3","898.7199999999999"
"Europe","2023-05-23","206.41","1","206.41"
"Latin America","2023-05-23","1570.86","1","1570.86"
"North America","2023-05-23","1745.23","5","349.046"
"Europe","2023-05-24","71.43","1","71.43"
"Southeast Asia","2023-05-24","48.16","1","48.16"
"Europe","2023-05-25","1993.51","3","664.5033333333333"
"North America","2023-05-25","443.78","1","443.78"
"Europe","2023-05-26","149.95999999999998","3","49.98666666666666"
"Middle East","2023-05-26","134.57","1","134.57"
"North America","2023-05-26","18.2","1","18.2"
"Europe","2023-05-27","44.62","1","44.62"
"Southeast Asia","2023-05-27","1026.78","2","513.39"
"Europe","2023-05-28","1021.27","2","510.635"
"Latin America","2023-05-28","927.9399999999999","2","463.96999999999997"
"Middle East","2023-05-28","24.64","1","24.64"
"North America","2023-05-28","392.27","3","130.75666666666666"
"Southeast Asia","2023-05-28","162.17","1","162.17"
"Latin America","2023-05-29","81.85","1","81.85"
"Europe","2023-05-30","582.24","1","582.24"
"Europe","2023-06-01","260.3","3","86.76666666666667"
"Latin America","2023-06-01","403.21","1","403.21"
"North America","2023-06-01","227.51","2","113.755"
"Europe","2023-06-02","1058.75","3","352.9166666666667"
"Europe","2023-06-03","71.84","2","35.92"
"Europe","2023-06-04","467.5","2","233.75"
"Middle East","2023-06-04","350.12","3","116.70666666666666"
"Southeast Asia","2023-06-04","92.29","1","92.29"
"Europe","2023-06-05","267.78","2","133.89"
"Latin America","2023-06-05","298.78","2","149.39"
"Middle East","2023-06-05","1031.51","1","1031.51"
"North America","2023-06-05","1444.1100000000001","2","722.0550000000001"
"Southeast Asia","2023-06-05","268.47","2","134.235"
"Europe","2023-06-06","821.88","4","205.47"
"Latin America","2023-06-06","1288.24","2","644.12"
"North America","2023-06-06","519.59","2","259.795"
"Europe","2023-06-07","55.64","1","55.64"
"Latin America","2023-06-07","104.68","1","104.68"
"North America","2023-06-07","104.57","1","104.57"
"Europe","2023-06-08","66.44","2","33.22"
"Latin America","2023-06-08","76.99","1","76.99"
"Southeast Asia","2023-06-08","216.66","1","216.66"
"Europe","2023-06-09","340.82","5","68.164"
"Middle East","2023-06-09","303.36","2","151.68"
"Europe","2023-06-10","196.67","3","65.55666666666666"
"North America","2023-06-10","197.68","1","197.68"
"Southeast Asia","2023-06-10","59.11","1","59.11"
"Europe","2023-06-11","2308.25","3","769.4166666666666"
"Middle East","2023-06-11","15.83","1","15.83"
"North America","2023-06-11","748.37","3","249.45666666666668"
"Southeast Asia","2023-06-11","402.48","1","402.48"
"Europe","2023-06-12","972.97","4","243.2425"
"Middle East","2023-06-12","27.02","1","27.02"
"North America","2023-06-12","489.52","2","244.76"
"Southeast Asia","2023-06-12","318.41","1","318.41"
"Europe","2023-06-13","32.66","1","32.66"
"North America","2023-06-13","99.38","2","49.69"
"Europe","2023-06-14","131.01","1","131.01"
"North America","2023-06-14","553.55","2","276.775"
"Southeast Asia","2023-06-14","76.89","1","76.89"
"Europe","2023-06-15","26.29","1","26.29"
"Europe","2023-06-16","907.06","4","226.765"
"Southeast Asia","2023-06-16","36.02","1","36.02"
"Europe","2023-06-17","16.24","1","16.24"
"North America","2023-06-17","91.7","1","91.7"
"Southeast Asia","2023-06-17","21.01","1","21.01"
"Europe","2023-06-18","314.94","2","157.47"
"Latin America","2023-06-18","14.99","1","14.99"
"North America","2023-06-18","265.01","1","265.01"
"Europe","2023-06-19","665.69","3","221.89666666666668"
"North America","2023-06-19","418.49","3","139.49666666666667"
"Europe","2023-06-20","655.2199999999999","2","327.60999999999996"
"Southeast Asia","2023-06-20","131.79","1","131.79"
"Europe","2023-06-21","1359.3","2","679.65"
"Middle East","2023-06-21","37.14","1","37.14"
"North America","2023-06-21","93.09","1","93.09"
"Europe","2023-06-22","257.78","2","128.89"
"Europe","2023-06-23","371.19","2","185.595"
"North America","2023-06-23","2245.19","5","449.038"
"Europe","2023-06-24","1243.14","4","310.785"
"Middle East","2023-06-24","1274.36","3","424.78666666666663"
"North America","2023-06-24","16.9","1","16.9"
"Europe","2023-06-25","928.62","4","232.155"
"North America","2023-06-25","103.44","2","51.72"
"Southeast Asia","2023-06-25","538.46","2","269.23"
"Europe","2023-06-26","2588.09","8","323.51125"
"Latin America","2023-06-26","1274.36","2","637.18"
"Middle East","2023-06-26","259.6","1","259.6"
"North America","2023-06-26","1383","2","691.5"
"Southeast Asia","2023-06-26","101.71","1","101.71"
"Europe","2023-06-27","3706.41","3","1235.47"
"Europe","2023-06-28","560.3000000000001","3","186.76666666666668"
"Latin America","2023-06-28","410.09","1","410.09"
"North America","2023-06-28","112.17","1","112.17"
"Europe","2023-07-01","837.37","3","279.12333333333333"
"Middle East","2023-07-01","92.26","1","92.26"
"Europe","2023-07-02","877.3","5","175.45999999999998"
"Latin America","2023-07-02","609.21","1","609.21"
"Southeast Asia","2023-07-02","649.77","1","649.77"
"Europe","2023-07-03","1860.89","1","1860.89"
"Middle East","2023-07-03","39.04","1","39.04"
"North America","2023-07-03","178.41","2","89.205"
"Southeast Asia","2023-07-03","263.72","2","131.86"
"Europe","2023-07-04","241.75","3","80.58333333333333"
"Middle East","2023-07-04","50.94","1","50.94"
"North America","2023-07-04","644.0799999999999","2","322.03999999999996"
"Europe","2023-07-05","1310.69","2","655.345"
"Middle East","2023-07-05","105.46","2","52.73"
"North America","2023-07-05","411.75","4","102.9375"
"Southeast Asia","2023-07-05","282.11","1","282.11"
"Latin America","2023-07-06","50.05","2","25.025"
"Middle East","2023-07-06","55.64","1","55.64"
"North America","2023-07-06","137.74","1","137.74"
"Europe","2023-07-07","1602.51","3","534.17"
"Middle East","2023-07-07","145.52","1","145.52"
"North America","2023-07-07","97.12","1","97.12"
"Europe","2023-07-08","152.84","2","76.42"
"Latin America","2023-07-08","508.75","2","254.375"
"Middle East","2023-07-08","155.9","2","77.95"
"North America","2023-07-08","330.61","3","110.20333333333333"
"Europe","2023-07-09","1465.04","8","183.13"
"Middle East","2023-07-09","238.63","3","79.54333333333334"
"North America","2023-07-09","2267.19","3","755.73"
"Southeast Asia","2023-07-09","148.3","2","74.15"
"Europe","2023-07-10","610.85","2","305.425"
"Latin America","2023-07-10","81.85","1","81.85"
"Middle East","2023-07-10","224.12","1","224.12"
"North America","2023-07-10","72.66","1","72.66"
"Europe","2023-07-11","508.18","3","169.39333333333335"
"Middle East","2023-07-11","153.25","1","153.25"
"North America","2023-07-11","618.6800000000001","5","123.73600000000002"
"Southeast Asia","2023-07-11","1021.13","1","1021.13"
"Europe","2023-07-12","436.62","2","218.31"
"Middle East","2023-07-12","356.74","3","118.91333333333334"
"North America","2023-07-12","929.43","4","232.3575"
"Europe","2023-07-13","695.78","5","139.156"
"Middle East","2023-07-13","373.73","1","373.73"
"North America","2023-07-13","82.22999999999999","2","41.114999999999995"
"Southeast Asia","2023-07-13","913.13","3","304.37666666666667"
"Europe","2023-07-14","500.69","1","500.69"
"Latin America","2023-07-14","29.03","1","29.03"
"Middle East","2023-07-14","11.8","1","11.8"
"North America","2023-07-14","1784.51","3","594.8366666666667"
"Southeast Asia","2023-07-14","226.1","1","226.1"
"Europe","2023-07-15","656.4","5","131.28"
"Middle East","2023-07-15","136.78","1","136.78"
"North America","2023-07-15","632.12","2","316.06"
"Southeast Asia","2023-07-15","519.64","1","519.64"
"Europe","2023-07-16","786.6800000000001","3","262.2266666666667"
"North America","2023-07-16","221.09000000000003","2","110.54500000000002"
"Southeast Asia","2023-07-16","115.82","1","115.82"
"Europe","2023-07-17","161.58","3","53.86000000000001"
"Latin America","2023-07-17","28.35","1","28.35"
"Southeast Asia","2023-07-17","472.5","1","472.5"
"Europe","2023-07-18","536.12","2","268.06"
"North America","2023-07-18","607.19","2","303.595"
"Southeast Asia","2023-07-18","859.52","1","859.52"
"Europe","2023-07-19","460.95","1","460.95"
"Latin America","2023-07-19","103.71","1","103.71"
"Middle East","2023-07-19","34.51","1","34.51"
"North America","2023-07-19","1124","2","562"
"Southeast Asia","2023-07-19","117.22","1","117.22"
"Europe","2023-07-20","631.14","1","631.14"
"Middle East","2023-07-20","149.72","1","149.72"
"North America","2023-07-20","910.9399999999999","4","227.73499999999999"
"Southeast Asia","2023-07-20","277.85","1","277.85"
"Europe","2023-07-21","159.04","3","53.01333333333333"
"Middle East","2023-07-21","256.47","1","256.47"
"North America","2023-07-21","78.73","2","39.365"
"Europe","2023-07-22","746.27","5","149.254"
"Latin America","2023-07-22","211.76","1","211.76"
"North America","2023-07-22","866.7","2","433.35"
"Southeast Asia","2023-07-22","72.16","1","72.16"
"Europe","2023-07-23","1112.06","5","222.41199999999998"
"Latin America","2023-07-23","221.92","2","110.96"
"Middle East","2023-07-23","58.02","1","58.02"
"North America","2023-07-23","105.88","2","52.94"
"Europe","2023-07-24","133.06","2","66.53"
"Middle East","2023-07-24","36.02","1","36.02"
"North America","2023-07-24","739.72","3","246.57333333333335"
"Europe","2023-07-25","695.0899999999999","4","173.77249999999998"
"Latin America","2023-07-25","117.24000000000001","2","58.620000000000005"
"Middle East","2023-07-25","26.29","1","26.29"
"North America","2023-07-25","581.66","2","290.83"
"Europe","2023-07-26","1005.5899999999999","3","335.19666666666666"
"Latin America","2023-07-26","429.37","1","429.37"
"Middle East","2023-07-26","37.18","1","37.18"
"Europe","2023-07-27","1714.7","4","428.675"
"Middle East","2023-07-27","57.74","1","57.74"
"North America","2023-07-27","311.51","3","103.83666666666666"
"Southeast Asia","2023-07-27","1005.73","2","502.865"
"Europe","2023-07-28","868.11","5","173.622"
"Latin America","2023-07-28","84.94","1","84.94"
"Middle East","2023-07-28","1131.01","2","565.505"
"North America","2023-07-28","3811.55","5","762.3100000000001"
"Southeast Asia","2023-07-28","417.22","2","208.61"
"Southeast Asia","2023-07-30","34.04","1","34.04"
"Europe","2023-07-31","184.81","1","184.81"
"Europe","2023-08-01","130.10000000000002","2","65.05000000000001"
"Latin America","2023-08-01","224.97","2","112.485"
"North America","2023-08-01","1151.98","4","287.995"
"Southeast Asia","2023-08-01","773.46","2","386.73"
"Europe","2023-08-02","467.59","4","116.8975"
"Middle East","2023-08-02","74.34","1","74.34"
"North America","2023-08-02","602.19","3","200.73000000000002"
"Southeast Asia","2023-08-02","1819.7","3","606.5666666666667"
"Europe","2023-08-03","508.53","4","127.1325"
"Latin America","2023-08-03","52.36","1","52.36"
"North America","2023-08-03","139.88","1","139.88"
"Southeast Asia","2023-08-03","234.43","1","234.43"
"Europe","2023-08-04","2181.1099999999997","4","545.2774999999999"
"Latin America","2023-08-04","64.67","1","64.67"
"North America","2023-08-04","409.77","2","204.885"
"Southeast Asia","2023-08-04","1383.9499999999998","3","461.3166666666666"
"Europe","2023-08-05","604.03","4","151.0075"
"Latin America","2023-08-05","243.48","1","243.48"
"Middle East","2023-08-05","128.57","1","128.57"
"North America","2023-08-05","363.84","2","181.92"
"Southeast Asia","2023-08-05","292.7","1","292.7"
"Europe","2023-08-06","199.11","2","99.555"
"Southeast Asia","2023-08-06","411.21000000000004","3","137.07000000000002"
"Europe","2023-08-07","1046.95","3","348.98333333333335"
"Southeast Asia","2023-08-07","1824.75","4","456.1875"
"Europe","2023-08-08","4980.89","6","830.1483333333334"
"Latin America","2023-08-08","298.98","1","298.98"
"Middle East","2023-08-08","1676.85","2","838.425"
"North America","2023-08-08","977.6500000000001","6","162.9416666666667"
"Southeast Asia","2023-08-08","916.32","1","916.32"
"Europe","2023-08-09","396.86","3","132.28666666666666"
"Southeast Asia","2023-08-09","732.64","2","366.32"
"Europe","2023-08-10","2226.88","4","556.72"
"Middle East","2023-08-10","21.38","1","21.38"
"North America","2023-08-10","1189.53","7","169.93285714285713"
"Southeast Asia","2023-08-10","306.5","2","153.25"
"Europe","2023-08-11","169.74","1","169.74"
"Latin America","2023-08-11","246.65","2","123.325"
"Middle East","2023-08-11","70.84","1","70.84"
"North America","2023-08-11","724.55","4","181.1375"
"Southeast Asia","2023-08-11","47.98","1","47.98"
"Europe","2023-08-12","1132.27","2","566.135"
"Middle East","2023-08-12","340.27","1","340.27"
"North America","2023-08-12","1529.11","6","254.85166666666666"
"Europe","2023-08-13","616.22","3","205.40666666666667"
"Latin America","2023-08-13","775.67","1","775.67"
"Middle East","2023-08-13","226.41","1","226.41"
"North America","2023-08-13","2535.41","4","633.8525"
"Southeast Asia","2023-08-13","125.68","1","125.68"
"Europe","2023-08-14","260.57","2","130.285"
"North America","2023-08-14","1095.3","3","365.09999999999997"
"Europe","2023-08-15","846.82","5","169.364"
"Latin America","2023-08-15","478.67","2","239.335"
"Middle East","2023-08-15","51.78","1","51.78"
"North America","2023-08-15","846.84","3","282.28000000000003"
"Southeast Asia","2023-08-15","596.75","2","298.375"
"Europe","2023-08-16","2579.74","2","1289.87"
"Latin America","2023-08-16","329.64","1","329.64"
"Middle East","2023-08-16","75.17","1","75.17"
"North America","2023-08-16","419.73","4","104.9325"
"Southeast Asia","2023-08-16","241.17000000000002","2","120.58500000000001"
"Europe","2023-08-17","74.16","3","24.72"
"Latin America","2023-08-17","939.99","1","939.99"
"North America","2023-08-17","1862.8700000000001","4","465.71750000000003"
"Europe","2023-08-18","278.85","1","278.85"
"North America","2023-08-18","659.04","2","329.52"
"Southeast Asia","2023-08-18","24.64","1","24.64"
"Europe","2023-08-19","262.64000000000004","3","87.54666666666668"
"Latin America","2023-08-19","2965.54","1","2965.54"
"North America","2023-08-19","295.95","3","98.64999999999999"
"Southeast Asia","2023-08-19","36.11","1","36.11"
"Europe","2023-08-20","57.66","1","57.66"
"Latin America","2023-08-20","68.3","1","68.3"
"Middle East","2023-08-20","41.59","2","20.795"
"North America","2023-08-20","250.03","1","250.03"
"Southeast Asia","2023-08-20","40.02","1","40.02"
"Europe","2023-08-21","243.29","1","243.29"
"North America","2023-08-21","69.44","1","69.44"
"Southeast Asia","2023-08-21","1457.54","3","485.84666666666664"
"Europe","2023-08-22","467.20000000000005","4","116.80000000000001"
"Latin America","2023-08-22","391.81","4","97.9525"
"Middle East","2023-08-22","68.07","1","68.07"
"North America","2023-08-22","129.26","1","129.26"
"Southeast Asia","2023-08-22","940.78","1","940.78"
"Europe","2023-08-23","236.33","3","78.77666666666667"
"Latin America","2023-08-23","175.78","1","175.78"
"North America","2023-08-23","134.84","3","44.946666666666665"
"Southeast Asia","2023-08-23","520.74","3","173.58"
"Europe","2023-08-24","1202.02","1","1202.02"
"Middle East","2023-08-24","773.38","1","773.38"
"North America","2023-08-24","1050.67","3","350.22333333333336"
"Southeast Asia","2023-08-24","1942.5","5","388.5"
"Europe","2023-08-25","599.5","2","299.75"
"Middle East","2023-08-25","173.24","1","173.24"
"North America","2023-08-25","288.95","2","144.475"
"Europe","2023-08-26","3013.3199999999997","6","502.21999999999997"
"Southeast Asia","2023-08-26","400.91","1","400.91"
"Europe","2023-08-27","732.47","4","183.1175"
"North America","2023-08-27","78.21","2","39.105"
"Southeast Asia","2023-08-27","350.41","1","350.41"
"Europe","2023-08-28","1964.3899999999999","5","392.878"
"Latin America","2023-08-28","1131.35","1","1131.35"
"North America","2023-08-28","320.52","3","106.83999999999999"
"Southeast Asia","2023-08-28","101.08","1","101.08"
"Europe","2023-08-30","235.34","2","117.67"
"Europe","2023-09-01","1548.3","3","516.1"
"North America","2023-09-01","896.2","8","112.025"
"Europe","2023-09-02","1468.23","2","734.115"
"North America","2023-09-02","805.11","2","402.555"
"Southeast Asia","2023-09-02","464.66","1","464.66"
"Europe","2023-09-03","131.27","4","32.8175"
"Latin America","2023-09-03","91.9","1","91.9"
"North America","2023-09-03","603.8399999999999","3","201.27999999999997"
"Southeast Asia","2023-09-03","859.95","3","286.65000000000003"
"Europe","2023-09-04","766.04","7","109.4342857142857"
"North America","2023-09-04","220.99","3","73.66333333333334"
"Europe","2023-09-05","454.77","2","227.385"
"North America","2023-09-05","2555.41","5","511.082"
"Europe","2023-09-06","324.19","3","108.06333333333333"
"Middle East","2023-09-06","164.91","1","164.91"
"North America","2023-09-06","1663.2","3","554.4"
"Europe","2023-09-07","602.65","3","200.88333333333333"
"North America","2023-09-07","980.79","2","490.395"
"Southeast Asia","2023-09-07","1761.1000000000001","3","587.0333333333334"
"Europe","2023-09-08","636.7","1","636.7"
"Latin America","2023-09-08","23.66","1","23.66"
"Middle East","2023-09-08","60.65","1","60.65"
"North America","2023-09-08","570.4399999999999","2","285.21999999999997"
"Southeast Asia","2023-09-08","763.91","1","763.91"
"Europe","2023-09-09","39.95","1","39.95"
"Latin America","2023-09-09","71.43","1","71.43"
"North America","2023-09-09","299.47","1","299.47"
"Europe","2023-09-10","212.41","2","106.205"
"North America","2023-09-10","1235.34","7","176.47714285714284"
"Europe","2023-09-11","1009.6099999999999","3","336.53666666666663"
"North America","2023-09-11","1877.67","3","625.89"
"Southeast Asia","2023-09-11","639.5500000000001","2","319.77500000000003"
"Latin America","2023-09-12","247.09","1","247.09"
"North America","2023-09-12","803.33","3","267.7766666666667"
"Southeast Asia","2023-09-12","833.9699999999999","4","208.49249999999998"
"Europe","2023-09-13","1266.96","3","422.32"
"Latin America","2023-09-13","216.28","2","108.14"
"North America","2023-09-13","1498.24","6","249.70666666666668"
"Southeast Asia","2023-09-13","19.59","1","19.59"
"Europe","2023-09-14","1634.6","2","817.3"
"North America","2023-09-14","257.79","2","128.895"
"Europe","2023-09-15","259.99","3","86.66333333333334"
"Middle East","2023-09-15","44.32","1","44.32"
"North America","2023-09-15","79.68","1","79.68"
"Southeast Asia","2023-09-15","1848.58","1","1848.58"
"Europe","2023-09-16","971.64","2","485.82"
"Middle East","2023-09-16","360.51","1","360.51"
"North America","2023-09-16","133.08","2","66.54"
"Southeast Asia","2023-09-16","1095.73","1","1095.73"
"Europe","2023-09-17","52.08","2","26.04"
"North America","2023-09-17","394.15","3","131.38333333333333"
"Southeast Asia","2023-09-17","194.86","1","194.86"
"Europe","2023-09-18","784.82","2","392.41"
"North America","2023-09-18","777.67","2","388.835"
"Southeast Asia","2023-09-18","448.8","1","448.8"
"Europe","2023-09-19","2233.63","6","372.2716666666667"
"Middle East","2023-09-19","721.42","1","721.42"
"Europe","2023-09-20","1460.24","2","730.12"
"Middle East","2023-09-20","166.37","2","83.185"
"North America","2023-09-20","118.45","2","59.225"
"Europe","2023-09-21","1861.3","7","265.9"
"Latin America","2023-09-21","1329.74","3","443.24666666666667"
"Middle East","2023-09-21","169.06","1","169.06"
"North America","2023-09-21","2262.23","3","754.0766666666667"
"Southeast Asia","2023-09-21","748.31","2","374.155"
"Europe","2023-09-22","150.96","1","150.96"
"Latin America","2023-09-22","85.16","1","85.16"
"North America","2023-09-22","1671.65","2","835.825"
"Southeast Asia","2023-09-22","265.27","2","132.635"
"Europe","2023-09-23","1671.19","5","334.238"
"Middle East","2023-09-23","109.94","1","109.94"
"North America","2023-09-23","317.67","1","317.67"
"North America","2023-09-24","839.18","1","839.18"
"Europe","2023-09-25","3258.34","7","465.4771428571429"
"Latin America","2023-09-25","617.56","1","617.56"
"North America","2023-09-25","244.52","2","122.26"
"Southeast Asia","2023-09-25","155.17","1","155.17"
"Europe","2023-09-26","2331.69","7","333.09857142857146"
"Middle East","2023-09-26","668.27","1","668.27"
"North America","2023-09-26","1997.3700000000001","4","499.34250000000003"
"Europe","2023-09-27","763.4","2","381.7"
"Middle East","2023-09-27","92.52","1","92.52"
"North America","2023-09-27","760.5","2","380.25"
"Southeast Asia","2023-09-27","124.8","1","124.8"
"Europe","2023-09-28","513.11","4","128.2775"
"North America","2023-09-28","311.47","1","311.47"
"Europe","2023-09-30","149.81","1","149.81"
"Europe","2023-10-01","1491.42","4","372.855"
"Latin America","2023-10-01","69.6","1","69.6"
"Middle East","2023-10-01","57.79","1","57.79"
"North America","2023-10-01","1113.67","3","371.22333333333336"
"Southeast Asia","2023-10-01","259.22","4","64.805"
"Europe","2023-10-02","491.38","4","122.845"
"Latin America","2023-10-02","982.33","2","491.165"
"North America","2023-10-02","1586.1200000000001","2","793.0600000000001"
"Southeast Asia","2023-10-02","62.84","1","62.84"
"Europe","2023-10-03","553.77","2","276.885"
"Latin America","2023-10-03","169.43","1","169.43"
"Middle East","2023-10-03","320.1","2","160.05"
"North America","2023-10-03","1979.14","6","329.8566666666667"
"Europe","2023-10-04","1360.88","5","272.17600000000004"
"North America","2023-10-04","39.29","1","39.29"
"Southeast Asia","2023-10-04","298.89","2","149.445"
"Europe","2023-10-05","665.46","5","133.092"
"Latin America","2023-10-05","1058.0900000000001","2","529.0450000000001"
"Middle East","2023-10-05","672.71","1","672.71"
"North America","2023-10-05","600.88","3","200.29333333333332"
"Europe","2023-10-06","280.71999999999997","4","70.17999999999999"
"Latin America","2023-10-06","669.36","1","669.36"
"North America","2023-10-06","973.96","5","194.792"
"Southeast Asia","2023-10-06","660.95","2","330.475"
"Europe","2023-10-07","406.74","1","406.74"
"Latin America","2023-10-07","15.83","1","15.83"
"Middle East","2023-10-07","57.02","1","57.02"
"North America","2023-10-07","89.57","1","89.57"
"Southeast Asia","2023-10-07","1026.09","1","1026.09"
"Europe","2023-10-08","3837.93","6","639.655"
"Middle East","2023-10-08","68.09","2","34.045"
"Southeast Asia","2023-10-08","573.94","1","573.94"
"Europe","2023-10-09","621.02","4","155.255"
"North America","2023-10-09","723.06","2","361.53"
"Southeast Asia","2023-10-09","1170.78","4","292.695"
"Europe","2023-10-10","151.66","1","151.66"
"Middle East","2023-10-10","121.46","1","121.46"
"North America","2023-10-10","1432.96","4","358.24"
"Southeast Asia","2023-10-10","630.65","2","315.325"
"Europe","2023-10-11","1441.93","6","240.3216666666667"
"Latin America","2023-10-11","138.65","1","138.65"
"Middle East","2023-10-11","475.06","1","475.06"
"Europe","2023-10-12","355.31","3","118.43666666666667"
"Latin America","2023-10-12","1590.28","2","795.14"
"Europe","2023-10-13","609.75","3","203.25"
"Latin America","2023-10-13","356.21999999999997","3","118.74"
"Middle East","2023-10-13","826.81","2","413.405"
"North America","2023-10-13","1146.19","3","382.06333333333333"
"Europe","2023-10-14","164.39000000000001","2","82.19500000000001"
"Latin America","2023-10-14","591.9399999999999","2","295.96999999999997"
"Middle East","2023-10-14","1598.8700000000001","4","399.71750000000003"
"North America","2023-10-14","448.2","2","224.1"
"Southeast Asia","2023-10-14","172.29","1","172.29"
"Europe","2023-10-15","1631.68","5","326.336"
"North America","2023-10-15","237.15","3","79.05"
"Europe","2023-10-16","1021.07","4","255.2675"
"Latin America","2023-10-16","32.82","1","32.82"
"Middle East","2023-10-16","27.64","1","27.64"
"Southeast Asia","2023-10-16","978.14","3","326.0466666666667"
"Latin America","2023-10-17","276.64","1","276.64"
"Middle East","2023-10-17","921.33","1","921.33"
"North America","2023-10-17","665.23","3","221.74333333333334"
"Southeast Asia","2023-10-17","258.49","1","258.49"
"Europe","2023-10-18","683.0899999999999","3","227.69666666666663"
"Middle East","2023-10-18","63.03","1","63.03"
"North America","2023-10-18","1337.23","4","334.3075"
"Southeast Asia","2023-10-18","2082.22","3","694.0733333333333"
"Europe","2023-10-19","1387.9","2","693.95"
"Latin America","2023-10-19","566.27","2","283.135"
"North America","2023-10-19","1033.25","3","344.4166666666667"
"Southeast Asia","2023-10-19","194.05","1","194.05"
"Europe","2023-10-20","1350.08","4","337.52"
"Latin America","2023-10-20","176.28","1","176.28"
"North America","2023-10-20","148.09","2","74.045"
"Southeast Asia","2023-10-20","289.32","2","144.66"
"Europe","2023-10-21","131.68","1","131.68"
"Latin America","2023-10-21","372.87","2","186.435"
"North America","2023-10-21","923.05","3","307.68333333333334"
"Southeast Asia","2023-10-21","427.83","1","427.83"
"Europe","2023-10-22","2038.6","4","509.65"
"Middle East","2023-10-22","145.02","1","145.02"
"North America","2023-10-22","3206.15","4","801.5375"
"Southeast Asia","2023-10-22","435.9","1","435.9"
"Europe","2023-10-23","796.21","4","199.0525"
"Latin America","2023-10-23","541.53","2","270.765"
"Middle East","2023-10-23","310.46","1","310.46"
"North America","2023-10-23","336.95000000000005","2","168.47500000000002"
"Europe","2023-10-24","2206.79","5","441.358"
"Latin America","2023-10-24","359.02","1","359.02"
"North America","2023-10-24","1793.77","6","298.96166666666664"
"Latin America","2023-10-25","74.34","1","74.34"
"Middle East","2023-10-25","282.36","1","282.36"
"North America","2023-10-25","81.22","1","81.22"
"Southeast Asia","2023-10-25","195.27","1","195.27"
"Europe","2023-10-26","309.8","1","309.8"
"Latin America","2023-10-26","124.6","1","124.6"
"North America","2023-10-26","1281.93","4","320.4825"
"Europe","2023-10-27","662.0799999999999","4","165.51999999999998"
"Latin America","2023-10-27","174.8","1","174.8"
"Europe","2023-10-28","81.55","2","40.775"
"Latin America","2023-10-28","87.89","1","87.89"
"North America","2023-10-28","1888.14","4","472.035"
"Southeast Asia","2023-10-28","705.79","1","705.79"
"Europe","2023-10-30","27.89","1","27.89"
"North America","2023-10-30","1602.6599999999999","3","534.2199999999999"
"Latin America","2023-10-31","96.75","1","96.75"
"North America","2023-10-31","669.03","1","669.03"
"Southeast Asia","2023-10-31","338.83","1","338.83"
"Europe","2023-11-01","2607.28","11","237.02545454545455"
"Latin America","2023-11-01","482.46999999999997","2","241.23499999999999"
"Middle East","2023-11-01","5","1","5"
"North America","2023-11-01","2395.03","6","399.1716666666667"
"Southeast Asia","2023-11-01","1276.22","4","319.055"
"Europe","2023-11-02","1252.77","5","250.554"
"Latin America","2023-11-02","197.62","2","98.81"
"Middle East","2023-11-02","24.78","1","24.78"
"North America","2023-11-02","351.48","6","58.580000000000005"
"Southeast Asia","2023-11-02","795.63","3","265.21"
"Europe","2023-11-03","862.44","9","95.82666666666667"
"Middle East","2023-11-03","246.01","3","82.00333333333333"
"North America","2023-11-03","466.58000000000004","4","116.64500000000001"
"Southeast Asia","2023-11-03","59.21","1","59.21"
"Europe","2023-11-04","1294.34","4","323.585"
"Latin America","2023-11-04","154.72","2","77.36"
"North America","2023-11-04","1386.32","6","231.0533333333333"
"Southeast Asia","2023-11-04","2437.81","4","609.4525"
"Europe","2023-11-05","2552.13","7","364.59000000000003"
"Latin America","2023-11-05","1214.89","4","303.7225"
"Middle East","2023-11-05","160.67","1","160.67"
"North America","2023-11-05","292.25","4","73.0625"
"Southeast Asia","2023-11-05","72.48","1","72.48"
"Europe","2023-11-06","4220.25","13","324.63461538461536"
"Middle East","2023-11-06","416.15999999999997","2","208.07999999999998"
"North America","2023-11-06","1308.16","9","145.35111111111112"
"Europe","2023-11-07","650.45","6","108.40833333333335"
"Latin America","2023-11-07","452.51","2","226.255"
"Middle East","2023-11-07","703.4899999999999","5","140.69799999999998"
"North America","2023-11-07","1391.17","4","347.7925"
"Southeast Asia","2023-11-07","1400.23","3","466.74333333333334"
"Europe","2023-11-08","4530.61","9","503.40111111111105"
"Latin America","2023-11-08","91.19","1","91.19"
"Middle East","2023-11-08","140.73","2","70.365"
"North America","2023-11-08","2501.6099999999997","11","227.41909090909087"
"Europe","2023-11-09","261.89","2","130.945"
"Latin America","2023-11-09","349","1","349"
"North America","2023-11-09","2025.18","5","405.036"
"Southeast Asia","2023-11-09","1360.16","2","680.08"
"Europe","2023-11-10","1191.13","3","397.04333333333335"
"Latin America","2023-11-10","2068.67","3","689.5566666666667"
"Middle East","2023-11-10","89.77","1","89.77"
"North America","2023-11-10","789.14","4","197.285"
"Southeast Asia","2023-11-10","151.59","1","151.59"
"Europe","2023-11-11","1432.53","6","238.755"
"Latin America","2023-11-11","175.78","1","175.78"
"Middle East","2023-11-11","1077.09","2","538.545"
"North America","2023-11-11","766.18","4","191.545"
"Southeast Asia","2023-11-11","57.79","1","57.79"
"Europe","2023-11-12","165.51999999999998","3","55.173333333333325"
"Latin America","2023-11-12","503.51","1","503.51"
"North America","2023-11-12","429.19","2","214.595"
"Southeast Asia","2023-11-12","154.75","2","77.375"
"Europe","2023-11-13","861.53","4","215.3825"
"Latin America","2023-11-13","2728.51","3","909.5033333333334"
"Middle East","2023-11-13","865.47","3","288.49"
"North America","2023-11-13","1511.13","7","215.8757142857143"
"Southeast Asia","2023-11-13","211.19","2","105.595"
"Europe","2023-11-14","2820.5299999999997","8","352.56624999999997"
"Latin America","2023-11-14","28.89","1","28.89"
"North America","2023-11-14","630.54","7","90.07714285714285"
"Southeast Asia","2023-11-14","292.82","1","292.82"
"Europe","2023-11-15","4480.8099999999995","9","497.86777777777775"
"Latin America","2023-11-15","665.49","4","166.3725"
"North America","2023-11-15","977.76","10","97.776"
"Southeast Asia","2023-11-15","747.4300000000001","2","373.71500000000003"
"Europe","2023-11-16","2695.78","8","336.9725"
"Latin America","2023-11-16","454.89","2","227.445"
"North America","2023-11-16","468.27","4","117.0675"
"Southeast Asia","2023-11-16","541.83","3","180.61"
"Europe","2023-11-17","1566.6399999999999","6","261.1066666666666"
"Latin America","2023-11-17","235.83","1","235.83"
"Middle East","2023-11-17","162.44","2","81.22"
"North America","2023-11-17","2874.7599999999998","9","319.41777777777776"
"Southeast Asia","2023-11-17","194.37","2","97.185"
"Europe","2023-11-18","2018.52","6","336.42"
"Latin America","2023-11-18","671.46","2","335.73"
"North America","2023-11-18","4255.47","8","531.93375"
"Southeast Asia","2023-11-18","1038.0900000000001","2","519.0450000000001"
"Latin America","2023-11-19","509.03999999999996","4","127.25999999999999"
"Middle East","2023-11-19","434.1","1","434.1"
"North America","2023-11-19","1912.75","4","478.1875"
"Europe","2023-11-20","1359","7","194.14285714285714"
"Middle East","2023-11-20","17.26","1","17.26"
"North America","2023-11-20","1907.9199999999998","5","381.58399999999995"
"Southeast Asia","2023-11-20","318.78","2","159.39"
"Europe","2023-11-21","867.98","7","123.99714285714286"
"Latin America","2023-11-21","435.44","4","108.86"
"Middle East","2023-11-21","241.16","2","120.58"
"North America","2023-11-21","2286.0699999999997","11","207.82454545454542"
"Southeast Asia","2023-11-21","27.89","1","27.89"
"Europe","2023-11-22","3374.46","8","421.8075"
"Latin America","2023-11-22","1695.1599999999999","3","565.0533333333333"
"Middle East","2023-11-22","2595.2000000000003","4","648.8000000000001"
"North America","2023-11-22","3292.53","6","548.755"
"Southeast Asia","2023-11-22","24.68","1","24.68"
"Europe","2023-11-23","2127.77","8","265.97125"
"Latin America","2023-11-23","2000.8600000000001","5","400.172"
"North America","2023-11-23","940.11","5","188.022"
"Southeast Asia","2023-11-23","721.39","4","180.3475"
"Europe","2023-11-24","3822.32","12","318.5266666666667"
"Latin America","2023-11-24","142.11","2","71.055"
"Middle East","2023-11-24","253.55","1","253.55"
"North America","2023-11-24","769.0799999999999","4","192.26999999999998"
"Southeast Asia","2023-11-24","1691.5","2","845.75"
"Europe","2023-11-25","3289.23","13","253.0176923076923"
"Latin America","2023-11-25","82.75","1","82.75"
"North America","2023-11-25","367.35","3","122.45"
"Southeast Asia","2023-11-25","2389.7200000000003","5","477.9440000000001"
"Europe","2023-11-26","1434.28","8","179.285"
"Latin America","2023-11-26","125.39000000000001","2","62.69500000000001"
"North America","2023-11-26","733.38","6","122.23"
"Europe","2023-11-27","1034.37","5","206.87399999999997"
"Latin America","2023-11-27","196.21","2","98.105"
"Middle East","2023-11-27","74.77","1","74.77"
"North America","2023-11-27","861.02","4","215.255"
"Southeast Asia","2023-11-27","472.28000000000003","3","157.42666666666668"
"Europe","2023-11-28","1620.53","6","270.0883333333333"
"Latin America","2023-11-28","643.36","2","321.68"
"Middle East","2023-11-28","79.39","2","39.695"
"North America","2023-11-28","3181.09","10","318.10900000000004"
"Southeast Asia","2023-11-28","1160.09","3","386.69666666666666"
"Latin America","2023-11-29","530.2","1","530.2"
"North America","2023-11-29","988.13","1","988.13"
"Europe","2023-12-01","4412.34","8","551.5425"
"Latin America","2023-12-01","680.58","4","170.145"
"Middle East","2023-12-01","651.64","1","651.64"
"North America","2023-12-01","917.45","8","114.68125"
"Southeast Asia","2023-12-01","1211.69","3","403.8966666666667"
"Europe","2023-12-02","2963.59","12","246.96583333333334"
"Latin America","2023-12-02","651.04","1","651.04"
"Middle East","2023-12-02","119.84","4","29.96"
"North America","2023-12-02","1273.98","8","159.2475"
"Southeast Asia","2023-12-02","90.24","1","90.24"
"Europe","2023-12-03","888.83","7","126.97571428571429"
"Latin America","2023-12-03","1388.7","5","277.74"
"Middle East","2023-12-03","844.73","1","844.73"
"North America","2023-12-03","2068.16","7","295.45142857142855"
"Southeast Asia","2023-12-03","1628.57","1","1628.57"
"Europe","2023-12-04","4192.33","14","299.45214285714286"
"Latin America","2023-12-04","481.46999999999997","3","160.48999999999998"
"Middle East","2023-12-04","231.05","2","115.525"
"North America","2023-12-04","760.43","3","253.47666666666666"
"Southeast Asia","2023-12-04","974.92","3","324.9733333333333"
"Europe","2023-12-05","1817.23","12","151.43583333333333"
"Latin America","2023-12-05","300.87","3","100.29"
"Middle East","2023-12-05","528.42","4","132.105"
"North America","2023-12-05","1647.27","9","183.03"
"Europe","2023-12-06","1141.8799999999999","8","142.73499999999999"
"Latin America","2023-12-06","251.07","1","251.07"
"Middle East","2023-12-06","1094.1499999999999","3","364.71666666666664"
"North America","2023-12-06","1143.7","7","163.3857142857143"
"Southeast Asia","2023-12-06","518.37","2","259.185"
"Europe","2023-12-07","3088.7400000000002","11","280.79454545454547"
"Latin America","2023-12-07","576.73","7","82.39"
"Middle East","2023-12-07","985.6899999999999","4","246.42249999999999"
"North America","2023-12-07","3573.04","13","274.84923076923076"
"Southeast Asia","2023-12-07","66.5","2","33.25"
"Europe","2023-12-08","3483.4500000000003","10","348.345"
"Latin America","2023-12-08","177.88","2","88.94"
"Middle East","2023-12-08","3329.66","4","832.415"
"North America","2023-12-08","1889.7","9","209.96666666666667"
"Southeast Asia","2023-12-08","567.69","2","283.845"
"Europe","2023-12-09","2609.5699999999997","5","521.914"
"Latin America","2023-12-09","127.16","2","63.58"
"Middle East","2023-12-09","264.5","2","132.25"
"North America","2023-12-09","3237.7599999999998","10","323.77599999999995"
"Southeast Asia","2023-12-09","851.11","3","283.7033333333333"
"Europe","2023-12-10","3373.17","11","306.6518181818182"
"Latin America","2023-12-10","280.96000000000004","4","70.24000000000001"
"Middle East","2023-12-10","714.98","2","357.49"
"North America","2023-12-10","1077.53","8","134.69125"
"Europe","2023-12-11","5408.0599999999995","13","416.00461538461536"
"Latin America","2023-12-11","94.74","1","94.74"
"Middle East","2023-12-11","100.41","1","100.41"
"North America","2023-12-11","6099.9","9","677.7666666666667"
"Southeast Asia","2023-12-11","712.94","4","178.235"
"Europe","2023-12-12","1283.32","8","160.415"
"Latin America","2023-12-12","318.14","1","318.14"
"Middle East","2023-12-12","184.77","1","184.77"
"North America","2023-12-12","2744.01","8","343.00125"
"Southeast Asia","2023-12-12","295.87","2","147.935"
"Europe","2023-12-13","1837.32","6","306.21999999999997"
"Latin America","2023-12-13","582.73","4","145.6825"
"Middle East","2023-12-13","719.13","4","179.7825"
"North America","2023-12-13","507.21000000000004","6","84.53500000000001"
"Europe","2023-12-14","3047.44","13","234.41846153846154"
"Latin America","2023-12-14","856.01","2","428.005"
"Middle East","2023-12-14","139.20000000000002","3","46.400000000000006"
"North America","2023-12-14","2236.69","9","248.5211111111111"
"Southeast Asia","2023-12-14","205.28","1","205.28"
"Europe","2023-12-15","4275.85","12","356.3208333333334"
"Latin America","2023-12-15","1118.53","3","372.8433333333333"
"Middle East","2023-12-15","802.0699999999999","2","401.03499999999997"
"North America","2023-12-15","491.5","5","98.3"
"Southeast Asia","2023-12-15","3726.19","5","745.238"
"Europe","2023-12-16","3785.5","10","378.55"
"Latin America","2023-12-16","1224.08","4","306.02"
"Middle East","2023-12-16","409.27","3","136.42333333333332"
"North America","2023-12-16","1857.77","9","206.4188888888889"
"Southeast Asia","2023-12-16","1613.16","6","268.86"
"Europe","2023-12-17","3166.37","12","263.8641666666667"
"Latin America","2023-12-17","355.39","1","355.39"
"Middle East","2023-12-17","426.6","1","426.6"
"North America","2023-12-17","2722.41","8","340.30125"
"Southeast Asia","2023-12-17","752.41","3","250.8033333333333"
"Europe","2023-12-18","2436.19","9","270.6877777777778"
"Middle East","2023-12-18","601.44","1","601.44"
"North America","2023-12-18","4380.74","14","312.90999999999997"
"Southeast Asia","2023-12-18","508.46999999999997","3","169.48999999999998"
"Europe","2023-12-19","3991.34","13","307.0261538461539"
"Latin America","2023-12-19","66.1","1","66.1"
"Middle East","2023-12-19","114.91","1","114.91"
"North America","2023-12-19","990.13","6","165.02166666666668"
"Southeast Asia","2023-12-19","3413.57","7","487.65285714285716"
"Europe","2023-12-20","4253.59","14","303.82785714285717"
"Latin America","2023-12-20","134.18","1","134.18"
"Middle East","2023-12-20","363.16","3","121.05333333333334"
"North America","2023-12-20","1515.77","5","303.154"
"Southeast Asia","2023-12-20","1843.44","3","614.48"
"Europe","2023-12-21","2888.64","11","262.6036363636363"
"Latin America","2023-12-21","382.11","3","127.37"
"Middle East","2023-12-21","256.8","3","85.60000000000001"
"North America","2023-12-21","3551.27","11","322.84272727272725"
"Southeast Asia","2023-12-21","117.01","2","58.505"
"Europe","2023-12-22","2158.97","10","215.897"
"Latin America","2023-12-22","1474.51","6","245.75166666666667"
"Middle East","2023-12-22","29.79","1","29.79"
"North America","2023-12-22","354.02","5","70.804"
"Southeast Asia","2023-12-22","670.75","3","223.58333333333334"
"Europe","2023-12-23","4547.7","9","505.29999999999995"
"Latin America","2023-12-23","1061.52","4","265.38"
"Middle East","2023-12-23","153.96","2","76.98"
"North America","2023-12-23","3172.61","5","634.522"
"Southeast Asia","2023-12-23","2088.48","7","298.3542857142857"
"Europe","2023-12-24","553.52","9","61.50222222222222"
"Latin America","2023-12-24","210.06","3","70.02"
"Middle East","2023-12-24","540.84","2","270.42"
"North America","2023-12-24","2178.58","9","242.06444444444443"
"Southeast Asia","2023-12-24","1062.8200000000002","3","354.27333333333337"
"Europe","2023-12-25","3739.57","15","249.3046666666667"
"Latin America","2023-12-25","211.51","2","105.755"
"Middle East","2023-12-25","2273.4500000000003","3","757.8166666666667"
"North America","2023-12-25","871.96","4","217.99"
"Southeast Asia","2023-12-25","216.26000000000002","4","54.065000000000005"
"Europe","2023-12-26","4948.13","11","449.83"
"Latin America","2023-12-26","1042.74","4","260.685"
"Middle East","2023-12-26","2987.02","3","995.6733333333333"
"North America","2023-12-26","4593.53","14","328.1092857142857"
"Europe","2023-12-27","1204.74","14","86.05285714285715"
"Latin America","2023-12-27","784.75","6","130.79166666666666"
"Middle East","2023-12-27","681.1","3","227.03333333333333"
"North America","2023-12-27","2258.35","11","205.30454545454543"
"Southeast Asia","2023-12-27","3933.88","7","561.9828571428571"
"Europe","2023-12-28","1719.04","10","171.904"
"Latin America","2023-12-28","52.09","1","52.09"
"Middle East","2023-12-28","716.7700000000001","2","358.38500000000005"
"North America","2023-12-28","1281.1000000000001","7","183.01428571428573"
"Southeast Asia","2023-12-28","1477.11","1","1477.11"
"Middle East","2023-12-30","85.95","1","85.95"
"Europe","2023-12-31","24.14","1","24.14"
"Europe","2024-01-01","1339.0600000000002","2","669.5300000000001"
"Middle East","2024-01-01","81.04","1","81.04"
"North America","2024-01-01","124.51","1","124.51"
"Southeast Asia","2024-01-01","848.73","1","848.73"
"Europe","2024-01-02","96.53","1","96.53"
"North America","2024-01-02","396.29","4","99.0725"
"North America","2024-01-03","573.23","1","573.23"
"Southeast Asia","2024-01-03","1689.12","3","563.04"
"Europe","2024-01-04","1888.75","4","472.1875"
"Middle East","2024-01-04","123.33","1","123.33"
"Southeast Asia","2024-01-04","322.85","1","322.85"
"Latin America","2024-01-05","533.3000000000001","3","177.76666666666668"
"Middle East","2024-01-05","277.33","2","138.665"
"North America","2024-01-05","558.82","1","558.82"
"Southeast Asia","2024-01-05","759.55","3","253.1833333333333"
"Europe","2024-01-06","927.42","1","927.42"
"Latin America","2024-01-06","589.1","1","589.1"
"Middle East","2024-01-06","90.83","1","90.83"
"North America","2024-01-06","701.9","3","233.96666666666667"
"Southeast Asia","2024-01-06","203.73000000000002","2","101.86500000000001"
"Europe","2024-01-07","1010.9100000000001","3","336.97"
"Latin America","2024-01-07","225.07999999999998","2","112.53999999999999"
"North America","2024-01-07","512.24","2","256.12"
"Southeast Asia","2024-01-07","572.0799999999999","2","286.03999999999996"
"Europe","2024-01-08","520.15","5","104.03"
"North America","2024-01-08","1029.45","3","343.15000000000003"
"Southeast Asia","2024-01-08","287.25","3","95.75"
"Europe","2024-01-09","1022.33","4","255.5825"
"Middle East","2024-01-09","109.94","1","109.94"
"North America","2024-01-09","94.61","2","47.305"
"Southeast Asia","2024-01-09","551.18","1","551.18"
"Europe","2024-01-10","2839.9799999999996","3","946.6599999999999"
"Middle East","2024-01-10","1333.61","2","666.805"
"North America","2024-01-10","226.07","2","113.035"
"Southeast Asia","2024-01-10","72.12","2","36.06"
"Europe","2024-01-11","104.52","1","104.52"
"Latin America","2024-01-11","64.83","1","64.83"
"Middle East","2024-01-11","120.04","1","120.04"
"North America","2024-01-11","480.34000000000003","3","160.11333333333334"
"Southeast Asia","2024-01-11","63.2","1","63.2"
"Europe","2024-01-12","122.66","1","122.66"
"Latin America","2024-01-12","109.62","2","54.81"
"Middle East","2024-01-12","494.24","4","123.56"
"Southeast Asia","2024-01-12","70.45","1","70.45"
"Europe","2024-01-13","70.54","1","70.54"
"North America","2024-01-13","190.66000000000003","2","95.33000000000001"
"Southeast Asia","2024-01-13","283.53","2","141.765"
"Latin America","2024-01-14","175.17","1","175.17"
"Middle East","2024-01-14","444.06","1","444.06"
"North America","2024-01-14","1594.64","5","318.928"
"Southeast Asia","2024-01-14","82.62","1","82.62"
"Europe","2024-01-15","493.88","5","98.776"
"Latin America","2024-01-15","31.38","1","31.38"
"North America","2024-01-15","3252.35","3","1084.1166666666666"
"Southeast Asia","2024-01-15","593.9100000000001","2","296.95500000000004"
"Europe","2024-01-16","40.16","1","40.16"
"Latin America","2024-01-16","303.9","1","303.9"
"Middle East","2024-01-16","1156.84","2","578.42"
"North America","2024-01-16","491.18","2","245.59"
"Southeast Asia","2024-01-16","1732.26","2","866.13"
"Europe","2024-01-17","219.48","2","109.74"
"Latin America","2024-01-17","405.67999999999995","3","135.22666666666666"
"North America","2024-01-17","36.4","1","36.4"
"Southeast Asia","2024-01-17","576.5","2","288.25"
"Latin America","2024-01-18","30.83","1","30.83"
"Middle East","2024-01-18","77.48","1","77.48"
"North America","2024-01-18","1330.45","2","665.225"
"Southeast Asia","2024-01-18","502.8","3","167.6"
"Europe","2024-01-19","1287.18","5","257.43600000000004"
"Latin America","2024-01-19","280.2","1","280.2"
"North America","2024-01-19","45.12","1","45.12"
"Southeast Asia","2024-01-19","142.11","1","142.11"
"Europe","2024-01-20","439.59000000000003","3","146.53"
"Middle East","2024-01-20","136.93","1","136.93"
"North America","2024-01-20","224.59","3","74.86333333333333"
"Southeast Asia","2024-01-20","2641.67","4","660.4175"
"Europe","2024-01-21","3114.09","3","1038.03"
"North America","2024-01-21","80.22","1","80.22"
"Europe","2024-01-22","910.1800000000001","4","227.54500000000002"
"North America","2024-01-22","69.2","1","69.2"
"Middle East","2024-01-23","32.41","1","32.41"
"North America","2024-01-23","717.83","1","717.83"
"Europe","2024-01-24","1571.78","1","1571.78"
"Latin America","2024-01-24","46.08","1","46.08"
"Middle East","2024-01-24","147.16","2","73.58"
"Europe","2024-01-25","244.19","4","61.0475"
"Latin America","2024-01-25","175","2","87.5"
"Middle East","2024-01-25","250.26999999999998","3","83.42333333333333"
"North America","2024-01-25","292.02","2","146.01"
"Southeast Asia","2024-01-25","608.63","1","608.63"
"Europe","2024-01-26","253.94","2","126.97"
"Latin America","2024-01-26","401.52","2","200.76"
"Middle East","2024-01-26","2358.63","2","1179.315"
"North America","2024-01-26","898.26","4","224.565"
"Southeast Asia","2024-01-26","95.76","1","95.76"
"Europe","2024-01-27","863.53","3","287.8433333333333"
"Latin America","2024-01-27","64.48","1","64.48"
"Middle East","2024-01-27","84","1","84"
"North America","2024-01-27","620.57","4","155.1425"
"Southeast Asia","2024-01-27","236.45","3","78.81666666666666"
"Latin America","2024-01-28","201.69000000000003","3","67.23"
"Middle East","2024-01-28","74.36","1","74.36"
"North America","2024-01-28","428.99","2","214.495"
"Latin America","2024-01-30","74.19","1","74.19"
"Europe","2024-01-31","591.38","3","197.12666666666667"
"Latin America","2024-01-31","95.76","1","95.76"
"North America","2024-01-31","21.01","1","21.01"
"Europe","2024-02-01","656.98","2","328.49"
"Latin America","2024-02-01","1821.93","2","910.965"
"Middle East","2024-02-01","787.4200000000001","2","393.71000000000004"
"North America","2024-02-01","98.41","2","49.205"
"Southeast Asia","2024-02-01","893.2199999999999","4","223.30499999999998"
"Europe","2024-02-02","44.32","1","44.32"
"Middle East","2024-02-02","141.23","1","141.23"
"North America","2024-02-02","451.06","3","150.35333333333332"
"Europe","2024-02-03","751.1600000000001","3","250.38666666666668"
"Latin America","2024-02-03","422.49","1","422.49"
"North America","2024-02-03","806.32","3","268.77333333333337"
"Europe","2024-02-04","1340.44","2","670.22"
"Latin America","2024-02-04","960.34","3","320.11333333333334"
"Middle East","2024-02-04","949.9599999999999","2","474.97999999999996"
"Southeast Asia","2024-02-04","1415.9","3","471.9666666666667"
"Europe","2024-02-05","1353.55","3","451.18333333333334"
"Latin America","2024-02-05","290.16","2","145.08"
"Middle East","2024-02-05","74.01","1","74.01"
"North America","2024-02-05","1077.28","2","538.64"
"Southeast Asia","2024-02-05","560.12","2","280.06"
"Europe","2024-02-06","148.19","1","148.19"
"Latin America","2024-02-06","283.49","3","94.49666666666667"
"Middle East","2024-02-06","124.05","1","124.05"
"North America","2024-02-06","1294.81","7","184.97285714285712"
"Southeast Asia","2024-02-06","14.82","1","14.82"
"Europe","2024-02-07","185.05","2","92.525"
"Latin America","2024-02-07","1247.8100000000002","2","623.9050000000001"
"Middle East","2024-02-07","560.85","2","280.425"
"Latin America","2024-02-08","57.31","1","57.31"
"North America","2024-02-08","382.04","4","95.51"
"Southeast Asia","2024-02-08","79.66","1","79.66"
"Europe","2024-02-09","32.42","1","32.42"
"North America","2024-02-09","754.54","2","377.27"
"Southeast Asia","2024-02-09","57.39","1","57.39"
"Europe","2024-02-10","845.4000000000001","3","281.8"
"Latin America","2024-02-10","202.07999999999998","2","101.03999999999999"
"Middle East","2024-02-10","672.41","1","672.41"
"North America","2024-02-10","187.71","1","187.71"
"Southeast Asia","2024-02-10","619.87","2","309.935"
"Europe","2024-02-11","127.33","1","127.33"
"Middle East","2024-02-11","751.27","1","751.27"
"North America","2024-02-11","84.98","1","84.98"
"Southeast Asia","2024-02-11","704.83","2","352.415"
"Europe","2024-02-12","30.67","1","30.67"
"Middle East","2024-02-12","565.88","1","565.88"
"North America","2024-02-12","892.46","3","297.4866666666667"
"Southeast Asia","2024-02-12","300.16","1","300.16"
"Latin America","2024-02-13","178.9","1","178.9"
"North America","2024-02-13","698.8900000000001","3","232.96333333333337"
"Southeast Asia","2024-02-13","1033.3400000000001","2","516.6700000000001"
"Europe","2024-02-14","327.25","3","109.08333333333333"
"North America","2024-02-14","731.74","4","182.935"
"Southeast Asia","2024-02-14","448.17","2","224.085"
"Europe","2024-02-15","1100.27","2","550.135"
"Middle East","2024-02-15","25.63","1","25.63"
"North America","2024-02-15","4138.09","7","591.1557142857143"
"Southeast Asia","2024-02-15","1014.64","2","507.32"
"Europe","2024-02-16","82.5","1","82.5"
"Latin America","2024-02-16","536.85","3","178.95000000000002"
"North America","2024-02-16","2033.38","5","406.67600000000004"
"Europe","2024-02-17","547.37","1","547.37"
"Latin America","2024-02-17","102.66","1","102.66"
"Middle East","2024-02-17","3006.73","3","1002.2433333333333"
"North America","2024-02-17","865.32","4","216.33"
"Southeast Asia","2024-02-17","648.76","2","324.38"
"Europe","2024-02-18","769.81","3","256.6033333333333"
"Latin America","2024-02-18","142.02999999999997","2","71.01499999999999"
"Middle East","2024-02-18","120.86","1","120.86"
"Europe","2024-02-19","429.31","3","143.10333333333332"
"Latin America","2024-02-19","466.05","2","233.025"
"North America","2024-02-19","916.02","2","458.01"
"Southeast Asia","2024-02-19","368.46","2","184.23"
"Europe","2024-02-20","292.2","2","146.1"
"Middle East","2024-02-20","191.43","1","191.43"
"North America","2024-02-20","68.39","1","68.39"
"Southeast Asia","2024-02-20","1446.3400000000001","2","723.1700000000001"
"Europe","2024-02-21","350.74","3","116.91333333333334"
"Middle East","2024-02-21","1793.1799999999998","3","597.7266666666666"
"Southeast Asia","2024-02-21","624.49","1","624.49"
"Europe","2024-02-22","419.24","3","139.74666666666667"
"Latin America","2024-02-22","111.93","2","55.965"
"North America","2024-02-22","301.40999999999997","2","150.70499999999998"
"Southeast Asia","2024-02-22","208.04999999999998","2","104.02499999999999"
"Europe","2024-02-23","69.36","2","34.68"
"Latin America","2024-02-23","70.26","1","70.26"
"Middle East","2024-02-23","452.91","2","226.455"
"North America","2024-02-23","462.96","3","154.32"
"Southeast Asia","2024-02-23","357.23","2","178.615"
"Europe","2024-02-24","108.91","1","108.91"
"Latin America","2024-02-24","1025.35","1","1025.35"
"Middle East","2024-02-24","352.41","2","176.205"
"North America","2024-02-24","224.98","2","112.49"
"Southeast Asia","2024-02-24","410.29999999999995","2","205.14999999999998"
"Latin America","2024-02-25","763.25","3","254.41666666666666"
"Middle East","2024-02-25","703.67","3","234.55666666666664"
"North America","2024-02-25","184.73","2","92.365"
"Southeast Asia","2024-02-25","100.64","2","50.32"
"Europe","2024-02-26","626.96","2","313.48"
"Middle East","2024-02-26","136.77","1","136.77"
"North America","2024-02-26","1277.02","2","638.51"
"Southeast Asia","2024-02-26","1323.8100000000002","3","441.27000000000004"
"Europe","2024-02-27","178.26999999999998","4","44.567499999999995"
"Latin America","2024-02-27","882.49","2","441.245"
"North America","2024-02-27","2231.18","5","446.236"
"Southeast Asia","2024-02-27","67","1","67"
"Europe","2024-02-28","505.48","3","168.49333333333334"
"Latin America","2024-02-28","36.02","1","36.02"
"North America","2024-02-28","58.3","2","29.15"
"Southeast Asia","2024-02-28","96.39","1","96.39"
"North America","2024-02-29","710.09","1","710.09"
"Europe","2024-03-01","194.85","1","194.85"
"Latin America","2024-03-01","225.26","3","75.08666666666666"
"North America","2024-03-01","274.92","2","137.46"
"Europe","2024-03-02","1228.28","4","307.07"
"Latin America","2024-03-02","334.29","1","334.29"
"North America","2024-03-02","423","3","141"
"Southeast Asia","2024-03-02","944.8","3","314.93333333333334"
"Europe","2024-03-03","1226.03","3","408.6766666666667"
"North America","2024-03-03","2191.76","4","547.94"
"Southeast Asia","2024-03-03","496.08","1","496.08"
"Europe","2024-03-04","547.59","4","136.8975"
"Latin America","2024-03-04","486.28999999999996","3","162.09666666666666"
"Middle East","2024-03-04","263.27","3","87.75666666666666"
"North America","2024-03-04","674.8599999999999","3","224.9533333333333"
"Southeast Asia","2024-03-04","600.9399999999999","2","300.46999999999997"
"Europe","2024-03-05","188.57","3","62.85666666666666"
"Latin America","2024-03-05","87.3","1","87.3"
"Middle East","2024-03-05","117.35","1","117.35"
"North America","2024-03-05","544.48","3","181.49333333333334"
"Southeast Asia","2024-03-05","94.03","1","94.03"
"Europe","2024-03-06","1634.65","4","408.6625"
"North America","2024-03-06","1587.55","3","529.1833333333333"
"Europe","2024-03-07","2352.81","4","588.2025"
"Latin America","2024-03-07","119.31","2","59.655"
"Middle East","2024-03-07","1076.74","2","538.37"
"North America","2024-03-07","437.04","3","145.68"
"Southeast Asia","2024-03-07","136.7","2","68.35"
"Europe","2024-03-08","187.77","1","187.77"
"Latin America","2024-03-08","1646.53","2","823.265"
"North America","2024-03-08","265.25","1","265.25"
"Europe","2024-03-09","1295.71","2","647.855"
"North America","2024-03-09","355.6","3","118.53333333333335"
"Southeast Asia","2024-03-09","310.01","3","103.33666666666666"
"Europe","2024-03-10","1040.78","4","260.195"
"Middle East","2024-03-10","111.98","1","111.98"
"North America","2024-03-10","775.94","2","387.97"
"Europe","2024-03-11","693.41","2","346.705"
"Middle East","2024-03-11","1160.4","3","386.8"
"North America","2024-03-11","881.11","4","220.2775"
"Southeast Asia","2024-03-11","230.63","2","115.315"
"Europe","2024-03-12","2091.04","5","418.20799999999997"
"Latin America","2024-03-12","896.53","2","448.265"
"Middle East","2024-03-12","294.48","2","147.24"
"North America","2024-03-12","103.52","1","103.52"
"Europe","2024-03-13","73.84","1","73.84"
"Latin America","2024-03-13","336.36","1","336.36"
"North America","2024-03-13","960.1600000000001","2","480.08000000000004"
"Latin America","2024-03-14","1393.28","3","464.4266666666667"
"Southeast Asia","2024-03-14","17.26","1","17.26"
"Europe","2024-03-15","728.13","4","182.0325"
"North America","2024-03-15","869.16","4","217.29"
"Southeast Asia","2024-03-15","392.64","1","392.64"
"Europe","2024-03-16","133.01999999999998","3","44.339999999999996"
"Latin America","2024-03-16","24.64","1","24.64"
"Middle East","2024-03-16","2164.14","3","721.38"
"North America","2024-03-16","441.67","1","441.67"
"Southeast Asia","2024-03-16","1354.18","3","451.3933333333334"
"Europe","2024-03-17","140.47","2","70.235"
"Middle East","2024-03-17","210.14999999999998","2","105.07499999999999"
"North America","2024-03-17","133.97","3","44.656666666666666"
"Southeast Asia","2024-03-17","2014.71","1","2014.71"
"Europe","2024-03-18","2699.58","3","899.86"
"Latin America","2024-03-18","662.4399999999999","2","331.21999999999997"
"Middle East","2024-03-18","960.62","1","960.62"
"North America","2024-03-18","986.2","2","493.1"
"Southeast Asia","2024-03-18","558.09","1","558.09"
"Europe","2024-03-19","2261.48","3","753.8266666666667"
"North America","2024-03-19","1020.1","2","510.05"
"Southeast Asia","2024-03-19","1423.32","2","711.66"
"Europe","2024-03-20","798.06","2","399.03"
"North America","2024-03-20","695.4100000000001","4","173.85250000000002"
"Southeast Asia","2024-03-20","1003.84","3","334.61333333333334"
"Europe","2024-03-21","291.11","1","291.11"
"Latin America","2024-03-21","131.86","3","43.95333333333334"
"North America","2024-03-21","329.81","2","164.905"
"Southeast Asia","2024-03-21","559.47","4","139.8675"
"Europe","2024-03-22","414.04","1","414.04"
"North America","2024-03-22","1257.35","5","251.46999999999997"
"Southeast Asia","2024-03-22","1490.2","3","496.73333333333335"
"Europe","2024-03-23","205.76999999999998","3","68.58999999999999"
"Latin America","2024-03-23","69.66","1","69.66"
"Middle East","2024-03-23","74.93","1","74.93"
"North America","2024-03-23","958","3","319.3333333333333"
"Southeast Asia","2024-03-23","372.08000000000004","2","186.04000000000002"
"Europe","2024-03-24","762.39","4","190.5975"
"Latin America","2024-03-24","101.12","1","101.12"
"North America","2024-03-24","2282.35","3","760.7833333333333"
"Southeast Asia","2024-03-24","926.02","4","231.505"
"Europe","2024-03-25","474.97","5","94.994"
"Latin America","2024-03-25","41.31","1","41.31"
"North America","2024-03-25","215.9","2","107.95"
"Southeast Asia","2024-03-25","1992.81","3","664.27"
"Europe","2024-03-26","410.94","3","136.98"
"Latin America","2024-03-26","959.74","2","479.87"
"Middle East","2024-03-26","128.51","2","64.255"
"North America","2024-03-26","34.04","2","17.02"
"Southeast Asia","2024-03-26","1643.96","3","547.9866666666667"
"Europe","2024-03-27","698.65","3","232.88333333333333"
"Latin America","2024-03-27","1470.69","3","490.23"
"Middle East","2024-03-27","65.38","1","65.38"
"North America","2024-03-27","396.51","2","198.255"
"Southeast Asia","2024-03-27","962.86","5","192.572"
"Latin America","2024-03-28","257.11","2","128.555"
"Middle East","2024-03-28","246.6","2","123.3"
"Southeast Asia","2024-03-28","337.6","1","337.6"
"Europe","2024-03-29","473.85","2","236.925"
"Europe","2024-04-01","207.25","2","103.625"
"Latin America","2024-04-01","151.39","1","151.39"
"Middle East","2024-04-01","264.03999999999996","4","66.00999999999999"
"Southeast Asia","2024-04-01","541.17","4","135.2925"
"Europe","2024-04-02","1854.3","5","370.86"
"Latin America","2024-04-02","34.55","1","34.55"
"Middle East","2024-04-02","959.8000000000001","2","479.90000000000003"
"North America","2024-04-02","1361.05","5","272.21"
"Southeast Asia","2024-04-02","215.67000000000002","3","71.89"
"Europe","2024-04-03","238.63","3","79.54333333333334"
"Latin America","2024-04-03","28.99","1","28.99"
"North America","2024-04-03","220.60000000000002","2","110.30000000000001"
"Southeast Asia","2024-04-03","97.92","1","97.92"
"Latin America","2024-04-04","18.91","1","18.91"
"North America","2024-04-04","3745.94","8","468.2425"
"Southeast Asia","2024-04-04","980.43","1","980.43"
"Middle East","2024-04-05","159.11","2","79.555"
"North America","2024-04-05","134.76","1","134.76"
"Southeast Asia","2024-04-05","334.15999999999997","3","111.38666666666666"
"Europe","2024-04-06","503.91","2","251.955"
"Latin America","2024-04-06","1513.81","5","302.762"
"North America","2024-04-06","828.6","6","138.1"
"Southeast Asia","2024-04-06","3038.5","7","434.07142857142856"
"Europe","2024-04-07","701.4200000000001","2","350.71000000000004"
"Latin America","2024-04-07","1161.47","2","580.735"
"Middle East","2024-04-07","5","1","5"
"North America","2024-04-07","367.62","2","183.81"
"Southeast Asia","2024-04-07","343.85","3","114.61666666666667"
"Europe","2024-04-08","1943.3000000000002","3","647.7666666666668"
"Latin America","2024-04-08","2659.74","2","1329.87"
"Middle East","2024-04-08","522.28","1","522.28"
"North America","2024-04-08","2393.98","6","398.99666666666667"
"Southeast Asia","2024-04-08","486.3","1","486.3"
"Europe","2024-04-09","231.23","1","231.23"
"Middle East","2024-04-09","41.31","1","41.31"
"Europe","2024-04-10","4","1","4"
"Latin America","2024-04-10","505.98","2","252.99"
"Middle East","2024-04-10","551.43","1","551.43"
"North America","2024-04-10","952.51","2","476.255"
"Southeast Asia","2024-04-10","147.17","2","73.585"
"Europe","2024-04-11","1095.14","4","273.785"
"Latin America","2024-04-11","74.09","1","74.09"
"Middle East","2024-04-11","364.14","1","364.14"
"North America","2024-04-11","169.1","3","56.36666666666667"
"Southeast Asia","2024-04-11","164.24","1","164.24"
"Europe","2024-04-12","151.97","2","75.985"
"North America","2024-04-12","255.52","1","255.52"
"Southeast Asia","2024-04-12","977.99","4","244.4975"
"Europe","2024-04-13","422.83","2","211.415"
"Latin America","2024-04-13","328.23","2","164.115"
"Middle East","2024-04-13","222.39","1","222.39"
"North America","2024-04-13","1189.92","4","297.48"
"Europe","2024-04-14","284.38","3","94.79333333333334"
"Latin America","2024-04-14","22.71","1","22.71"
"North America","2024-04-14","798.76","2","399.38"
"Southeast Asia","2024-04-14","1181.68","4","295.42"
"Europe","2024-04-15","1816.59","3","605.53"
"Middle East","2024-04-15","127.86","1","127.86"
"North America","2024-04-15","412.58","3","137.52666666666667"
"Southeast Asia","2024-04-15","664.71","1","664.71"
"Europe","2024-04-16","512.01","2","256.005"
"Latin America","2024-04-16","2359.1800000000003","2","1179.5900000000001"
"North America","2024-04-16","1829.6","2","914.8"
"Europe","2024-04-17","309.92","4","77.48"
"Middle East","2024-04-17","2001.59","1","2001.59"
"North America","2024-04-17","147.03","2","73.515"
"Southeast Asia","2024-04-17","105.44","1","105.44"
"Europe","2024-04-18","2279.63","5","455.92600000000004"
"Middle East","2024-04-18","567.05","2","283.525"
"North America","2024-04-18","3010.74","7","430.10571428571427"
"Southeast Asia","2024-04-18","702.73","2","351.365"
"Europe","2024-04-19","1553.8899999999999","2","776.9449999999999"
"Latin America","2024-04-19","949.37","2","474.685"
"Middle East","2024-04-19","91.19","1","91.19"
"North America","2024-04-19","399.86","4","99.965"
"Southeast Asia","2024-04-19","1644.06","4","411.015"
"Europe","2024-04-20","166.19","2","83.095"
"Latin America","2024-04-20","1235.58","3","411.85999999999996"
"North America","2024-04-20","1305.76","6","217.62666666666667"
"Southeast Asia","2024-04-20","61.12","1","61.12"
"Europe","2024-04-21","876.34","3","292.11333333333334"
"Latin America","2024-04-21","1536.82","2","768.41"
"Middle East","2024-04-21","369.58","2","184.79"
"North America","2024-04-21","239.51","3","79.83666666666666"
"Southeast Asia","2024-04-21","254.10000000000002","3","84.7"
"Europe","2024-04-22","1969.6200000000001","4","492.40500000000003"
"Latin America","2024-04-22","240.01","2","120.005"
"Middle East","2024-04-22","117.42","1","117.42"
"North America","2024-04-22","1584.4","6","264.06666666666666"
"Southeast Asia","2024-04-22","1371.44","3","457.1466666666667"
"Europe","2024-04-23","130.82","2","65.41"
"Latin America","2024-04-23","202.63","1","202.63"
"Middle East","2024-04-23","977.74","3","325.91333333333336"
"North America","2024-04-23","1677.03","2","838.515"
"Europe","2024-04-24","382.04999999999995","2","191.02499999999998"
"Latin America","2024-04-24","144.08","2","72.04"
"North America","2024-04-24","488.67","2","244.335"
"Southeast Asia","2024-04-24","836.01","2","418.005"
"Europe","2024-04-25","472.39","4","118.0975"
"Middle East","2024-04-25","193.97","2","96.985"
"North America","2024-04-25","138.55","2","69.275"
"Southeast Asia","2024-04-25","908.11","3","302.7033333333333"
"Europe","2024-04-26","680.82","4","170.205"
"Latin America","2024-04-26","436.83","2","218.415"
"Middle East","2024-04-26","212.95","1","212.95"
"North America","2024-04-26","374.73","5","74.946"
"Southeast Asia","2024-04-26","70.22","1","70.22"
"Europe","2024-04-27","484.79","3","161.59666666666666"
"Latin America","2024-04-27","61.23","1","61.23"
"Middle East","2024-04-27","118.17","2","59.085"
"North America","2024-04-27","180.92","2","90.46"
"Southeast Asia","2024-04-27","897.1","1","897.1"
"Europe","2024-04-28","737.75","2","368.875"
"Latin America","2024-04-28","454.02","3","151.34"
"Middle East","2024-04-28","197.21","3","65.73666666666666"
"North America","2024-04-28","1083.93","4","270.9825"
"Southeast Asia","2024-04-28","1441.1299999999999","5","288.226"
"Middle East","2024-04-29","281.31","1","281.31"
"North America","2024-04-29","18.22","1","18.22"
"Southeast Asia","2024-04-29","34.55","1","34.55"
"Europe","2024-04-30","231.71999999999997","2","115.85999999999999"
"North America","2024-04-30","261.33","1","261.33"
"Europe","2024-05-01","243.26999999999998","3","81.08999999999999"
"Latin America","2024-05-01","249.18","2","124.59"
"Middle East","2024-05-01","561.2","1","561.2"
"North America","2024-05-01","751.04","5","150.208"
"Southeast Asia","2024-05-01","14.91","1","14.91"
"Europe","2024-05-02","2601.5","7","371.64285714285717"
"Latin America","2024-05-02","243.18","2","121.59"
"Middle East","2024-05-02","928.32","1","928.32"
"North America","2024-05-02","625.58","5","125.11600000000001"
"Southeast Asia","2024-05-02","927","4","231.75"
"Europe","2024-05-03","2111.72","3","703.9066666666666"
"Latin America","2024-05-03","215.39","2","107.695"
"Middle East","2024-05-03","750.77","2","375.385"
"North America","2024-05-03","1954.48","5","390.896"
"Southeast Asia","2024-05-03","660.41","5","132.082"
"Europe","2024-05-04","517.96","1","517.96"
"Latin America","2024-05-04","978.5699999999999","4","244.64249999999998"
"Middle East","2024-05-04","111.78","1","111.78"
"North America","2024-05-04","236.07","2","118.035"
"Southeast Asia","2024-05-04","142.15","1","142.15"
"Europe","2024-05-05","1048.2","2","524.1"
"Latin America","2024-05-05","64.97","2","32.485"
"North America","2024-05-05","1558.82","5","311.764"
"Southeast Asia","2024-05-05","805.08","4","201.27"
"Europe","2024-05-06","1182.83","4","295.7075"
"Latin America","2024-05-06","687.43","6","114.57166666666666"
"Middle East","2024-05-06","205.47","1","205.47"
"North America","2024-05-06","128.64000000000001","2","64.32000000000001"
"Southeast Asia","2024-05-06","1794.57","5","358.914"
"Europe","2024-05-07","565.86","1","565.86"
"Middle East","2024-05-07","531.56","1","531.56"
"North America","2024-05-07","1510.48","6","251.74666666666667"
"Southeast Asia","2024-05-07","944.5999999999999","3","314.8666666666666"
"Europe","2024-05-08","53.71","1","53.71"
"Latin America","2024-05-08","243.98000000000002","2","121.99000000000001"
"North America","2024-05-08","1106.6000000000001","4","276.65000000000003"
"Southeast Asia","2024-05-08","835.79","3","278.59666666666664"
"Latin America","2024-05-09","71.85","1","71.85"
"Middle East","2024-05-09","70.31","1","70.31"
"North America","2024-05-09","1553.86","4","388.465"
"Southeast Asia","2024-05-09","745.56","2","372.78"
"Europe","2024-05-10","1899.3999999999999","2","949.6999999999999"
"North America","2024-05-10","406.52","1","406.52"
"Southeast Asia","2024-05-10","323.55","1","323.55"
"Latin America","2024-05-11","1211.5","3","403.8333333333333"
"North America","2024-05-11","793.34","5","158.668"
"Southeast Asia","2024-05-11","741.23","2","370.615"
"Europe","2024-05-12","1496.74","4","374.185"
"Latin America","2024-05-12","78.88","2","39.44"
"Middle East","2024-05-12","93.8","2","46.9"
"North America","2024-05-12","128.69","2","64.345"
"Southeast Asia","2024-05-12","1410.35","6","235.0583333333333"
"Europe","2024-05-13","3384.4900000000002","7","483.49857142857144"
"Latin America","2024-05-13","976.19","4","244.0475"
"North America","2024-05-13","1976.49","6","329.415"
"Southeast Asia","2024-05-13","68.39","1","68.39"
"Europe","2024-05-14","106.07","1","106.07"
"Latin America","2024-05-14","2091.3999999999996","2","1045.6999999999998"
"Middle East","2024-05-14","214.86","2","107.43"
"North America","2024-05-14","163.65","3","54.550000000000004"
"Southeast Asia","2024-05-14","458.31","1","458.31"
"Europe","2024-05-15","516.58","4","129.145"
"Latin America","2024-05-15","405.09999999999997","4","101.27499999999999"
"Middle East","2024-05-15","10","1","10"
"North America","2024-05-15","1283.93","2","641.965"
"Southeast Asia","2024-05-15","1121.32","5","224.26399999999998"
"Europe","2024-05-16","202.73","2","101.365"
"North America","2024-05-16","888.66","5","177.732"
"Southeast Asia","2024-05-16","1578.45","4","394.6125"
"Europe","2024-05-17","1728.1499999999999","4","432.03749999999997"
"Latin America","2024-05-17","736.43","1","736.43"
"Middle East","2024-05-17","83.06","1","83.06"
"North America","2024-05-17","408.01","2","204.005"
"Southeast Asia","2024-05-17","510.16999999999996","3","170.05666666666664"
"Europe","2024-05-18","1112.55","4","278.1375"
"Latin America","2024-05-18","286.71999999999997","3","95.57333333333332"
"North America","2024-05-18","142.52","2","71.26"
"Southeast Asia","2024-05-18","593.95","3","197.98333333333335"
"Europe","2024-05-19","280.03000000000003","2","140.01500000000001"
"Latin America","2024-05-19","1216.58","1","1216.58"
"Middle East","2024-05-19","334.03","1","334.03"
"North America","2024-05-19","2762.31","5","552.462"
"Europe","2024-05-20","375.64","3","125.21333333333332"
"Middle East","2024-05-20","1208.27","3","402.75666666666666"
"North America","2024-05-20","685.13","4","171.2825"
"Southeast Asia","2024-05-20","592.58","4","148.145"
"Europe","2024-05-21","697.6999999999999","2","348.84999999999997"
"Latin America","2024-05-21","657.37","3","219.12333333333333"
"Middle East","2024-05-21","115.34","1","115.34"
"North America","2024-05-21","1498.8999999999999","6","249.81666666666663"
"Southeast Asia","2024-05-21","530.63","2","265.315"
"Europe","2024-05-22","1908.3","5","381.65999999999997"
"Latin America","2024-05-22","435.86","3","145.28666666666666"
"Middle East","2024-05-22","188.63","4","47.1575"
"North America","2024-05-22","780.1800000000001","4","195.04500000000002"
"Southeast Asia","2024-05-22","2144.17","3","714.7233333333334"
"Europe","2024-05-23","744.05","4","186.0125"
"Latin America","2024-05-23","376.85","2","188.425"
"Middle East","2024-05-23","747.16","1","747.16"
"North America","2024-05-23","1532.44","5","306.488"
"Southeast Asia","2024-05-23","614.67","1","614.67"
"Europe","2024-05-24","2562.15","3","854.0500000000001"
"Middle East","2024-05-24","386.4","1","386.4"
"North America","2024-05-24","1665.75","4","416.4375"
"Southeast Asia","2024-05-24","2174.64","5","434.928"
"Europe","2024-05-25","975","5","195"
"Latin America","2024-05-25","874.75","4","218.6875"
"Middle East","2024-05-25","256.54","1","256.54"
"North America","2024-05-25","986.71","5","197.342"
"Southeast Asia","2024-05-25","183.73","2","91.865"
"Europe","2024-05-26","57.53","2","28.765"
"North America","2024-05-26","1425.16","3","475.05333333333334"
"Southeast Asia","2024-05-26","1397.29","4","349.3225"
"Europe","2024-05-27","1471.82","7","210.26"
"Middle East","2024-05-27","151.28","1","151.28"
"North America","2024-05-27","904.24","4","226.06"
"Southeast Asia","2024-05-27","490.2","3","163.4"
"Europe","2024-05-28","66.42","2","33.21"
"Latin America","2024-05-28","382.29","3","127.43"
"Middle East","2024-05-28","770.02","2","385.01"
"North America","2024-05-28","1485.72","5","297.144"
"Southeast Asia","2024-05-28","1056.96","7","150.99428571428572"
"Europe","2024-05-30","209.60000000000002","2","104.80000000000001"
"Latin America","2024-05-30","85.47","1","85.47"
"North America","2024-05-30","162.37","1","162.37"
"Europe","2024-05-31","216.07","1","216.07"
"Europe","2024-06-01","2129.81","6","354.9683333333333"
"Latin America","2024-06-01","464.74","4","116.185"
"Middle East","2024-06-01","365.65","3","121.88333333333333"
"North America","2024-06-01","720.5","3","240.16666666666666"
"Southeast Asia","2024-06-01","1392.1200000000001","5","278.42400000000004"
"Europe","2024-06-02","630.61","3","210.20333333333335"
"Latin America","2024-06-02","1250.52","2","625.26"
"North America","2024-06-02","1779.51","9","197.72333333333333"
"Southeast Asia","2024-06-02","1520.53","6","253.42166666666665"
"Europe","2024-06-03","1181.39","4","295.3475"
"Latin America","2024-06-03","149.31","1","149.31"
"Middle East","2024-06-03","1172.91","2","586.455"
"Southeast Asia","2024-06-03","1206.1","4","301.525"
"Europe","2024-06-04","727.2","4","181.8"
"Latin America","2024-06-04","83.24","1","83.24"
"North America","2024-06-04","815.6999999999999","3","271.9"
"Southeast Asia","2024-06-04","334.17","3","111.39"
"Europe","2024-06-05","2401.54","8","300.1925"
"Latin America","2024-06-05","301.44","2","150.72"
"Middle East","2024-06-05","3815.1299999999997","3","1271.7099999999998"
"North America","2024-06-05","1487.41","7","212.48714285714286"
"Southeast Asia","2024-06-05","1978.28","4","494.57"
"Europe","2024-06-06","2132.72","3","710.9066666666666"
"Latin America","2024-06-06","629.49","2","314.745"
"Middle East","2024-06-06","246.95999999999998","2","123.47999999999999"
"North America","2024-06-06","661.15","3","220.38333333333333"
"Southeast Asia","2024-06-06","535.54","4","133.885"
"Europe","2024-06-07","826.12","2","413.06"
"Latin America","2024-06-07","591.47","3","197.15666666666667"
"North America","2024-06-07","694.9300000000001","5","138.98600000000002"
"Southeast Asia","2024-06-07","153.96","3","51.32"
"Europe","2024-06-08","139.11","2","69.555"
"Latin America","2024-06-08","650.39","1","650.39"
"Middle East","2024-06-08","91.82","1","91.82"
"North America","2024-06-08","1565.08","4","391.27"
"Southeast Asia","2024-06-08","151.76999999999998","2","75.88499999999999"
"Europe","2024-06-09","5","1","5"
"North America","2024-06-09","722.21","3","240.73666666666668"
"Southeast Asia","2024-06-09","616.1600000000001","2","308.08000000000004"
"Europe","2024-06-10","247.78","4","61.945"
"Latin America","2024-06-10","445.88","2","222.94"
"Middle East","2024-06-10","1192.24","4","298.06"
"North America","2024-06-10","1092.04","6","182.00666666666666"
"Southeast Asia","2024-06-10","1902.79","6","317.13166666666666"
"Europe","2024-06-11","182.51999999999998","3","60.839999999999996"
"Latin America","2024-06-11","63.44","2","31.72"
"Middle East","2024-06-11","485.5","1","485.5"
"North America","2024-06-11","1637.82","6","272.96999999999997"
"Southeast Asia","2024-06-11","115.63","2","57.815"
"Europe","2024-06-12","1165.1100000000001","3","388.37000000000006"
"Middle East","2024-06-12","1185.6499999999999","4","296.41249999999997"
"North America","2024-06-12","2209.29","5","441.858"
"Southeast Asia","2024-06-12","1675.67","1","1675.67"
"Europe","2024-06-13","379.58","5","75.916"
"Latin America","2024-06-13","65.43","1","65.43"
"Middle East","2024-06-13","24.64","1","24.64"
"North America","2024-06-13","1801.03","3","600.3433333333334"
"Southeast Asia","2024-06-13","943.63","3","314.54333333333335"
"Europe","2024-06-14","937.05","4","234.2625"
"Latin America","2024-06-14","47.37","1","47.37"
"Middle East","2024-06-14","1314.65","1","1314.65"
"North America","2024-06-14","415.54","6","69.25666666666667"
"Southeast Asia","2024-06-14","1177.36","4","294.34"
"Europe","2024-06-15","195.91","3","65.30333333333333"
"Latin America","2024-06-15","435.87","2","217.935"
"Middle East","2024-06-15","157.81","1","157.81"
"North America","2024-06-15","480.22999999999996","2","240.11499999999998"
"Southeast Asia","2024-06-15","478.28999999999996","4","119.57249999999999"
"Europe","2024-06-16","149.74","2","74.87"
"Latin America","2024-06-16","144.29","1","144.29"
"Middle East","2024-06-16","447.33","2","223.665"
"North America","2024-06-16","60.73","1","60.73"
"Southeast Asia","2024-06-16","596.23","7","85.17571428571429"
"Latin America","2024-06-17","338.35","1","338.35"
"North America","2024-06-17","300.88","2","150.44"
"Southeast Asia","2024-06-17","1787.97","4","446.9925"
"Europe","2024-06-18","1621.65","7","231.66428571428574"
"Latin America","2024-06-18","762.45","2","381.225"
"Middle East","2024-06-18","2529.59","5","505.918"
"North America","2024-06-18","1640.02","9","182.22444444444443"
"Southeast Asia","2024-06-18","781.23","3","260.41"
"Latin America","2024-06-19","208.56","1","208.56"
"Middle East","2024-06-19","72.58","2","36.29"
"North America","2024-06-19","508.44","4","127.11"
"Southeast Asia","2024-06-19","1147.8700000000001","4","286.96750000000003"
"Europe","2024-06-20","64.16","1","64.16"
"Latin America","2024-06-20","1126.77","2","563.385"
"Middle East","2024-06-20","904.76","1","904.76"
"North America","2024-06-20","3299.21","6","549.8683333333333"
"Southeast Asia","2024-06-20","61.57","1","61.57"
"Europe","2024-06-21","105.09","1","105.09"
"Latin America","2024-06-21","113.75","1","113.75"
"Middle East","2024-06-21","515.36","3","171.78666666666666"
"North America","2024-06-21","1437.85","6","239.64166666666665"
"Southeast Asia","2024-06-21","784.99","7","112.14142857142858"
"Europe","2024-06-22","523.88","2","261.94"
"Latin America","2024-06-22","520.7","2","260.35"
"Middle East","2024-06-22","2120.7","6","353.45"
"North America","2024-06-22","386.26","5","77.252"
"Southeast Asia","2024-06-22","1341.67","5","268.334"
"Europe","2024-06-23","1142.17","3","380.72333333333336"
"Latin America","2024-06-23","1876.66","4","469.165"
"North America","2024-06-23","818.7099999999999","5","163.742"
"Southeast Asia","2024-06-23","87.09","1","87.09"
"Europe","2024-06-24","2017.29","5","403.45799999999997"
"Latin America","2024-06-24","312.44","3","104.14666666666666"
"North America","2024-06-24","179.03","5","35.806"
"Southeast Asia","2024-06-24","210.52","1","210.52"
"Europe","2024-06-25","347.3","3","115.76666666666667"
"Latin America","2024-06-25","243.42","2","121.71"
"Middle East","2024-06-25","570.35","2","285.175"
"North America","2024-06-25","1104.69","6","184.115"
"Southeast Asia","2024-06-25","645.3000000000001","3","215.10000000000002"
"Europe","2024-06-26","521.5799999999999","4","130.39499999999998"
"Latin America","2024-06-26","270.33","1","270.33"
"Middle East","2024-06-26","2792.81","3","930.9366666666666"
"North America","2024-06-26","557.36","2","278.68"
"Southeast Asia","2024-06-26","3008.07","5","601.614"
"Europe","2024-06-27","1017.93","7","145.41857142857143"
"Latin America","2024-06-27","182.23","1","182.23"
"Middle East","2024-06-27","105.72","1","105.72"
"North America","2024-06-27","647.43","4","161.8575"
"Southeast Asia","2024-06-27","1383.8000000000002","5","276.76000000000005"
"Europe","2024-06-28","3177.27","7","453.8957142857143"
"Latin America","2024-06-28","235.55","2","117.775"
"Middle East","2024-06-28","1053.69","2","526.845"
"North America","2024-06-28","1406.33","3","468.77666666666664"
"Southeast Asia","2024-06-28","1103.07","3","367.69"
"Europe","2024-06-29","29.2","1","29.2"
"North America","2024-06-29","554.75","2","277.375"
"Europe","2024-06-30","1437.08","3","479.02666666666664"
"Middle East","2024-06-30","1160.3600000000001","2","580.1800000000001"
"Europe","2024-07-01","1568.09","7","224.01285714285714"
"Latin America","2024-07-01","883.37","2","441.685"
"Middle East","2024-07-01","2373.91","5","474.782"
"North America","2024-07-01","2926.29","9","325.1433333333333"
"Southeast Asia","2024-07-01","1900.66","7","271.52285714285716"
"Europe","2024-07-02","3116.02","9","346.22444444444443"
"Latin America","2024-07-02","440.61","3","146.87"
"Middle East","2024-07-02","140.49","1","140.49"
"North America","2024-07-02","623.8499999999999","4","155.96249999999998"
"Southeast Asia","2024-07-02","838.6","3","279.53333333333336"
"Europe","2024-07-03","169.43","1","169.43"
"Latin America","2024-07-03","1858.6699999999998","4","464.66749999999996"
"North America","2024-07-03","187.82","3","62.60666666666666"
"Southeast Asia","2024-07-03","1420.25","4","355.0625"
"Europe","2024-07-04","1311.19","7","187.31285714285715"
"Latin America","2024-07-04","968.8","4","242.2"
"Middle East","2024-07-04","156.51","2","78.255"
"North America","2024-07-04","224.67","4","56.1675"
"Southeast Asia","2024-07-04","1368.92","5","273.784"
"Europe","2024-07-05","2761.44","8","345.18"
"Middle East","2024-07-05","32.7","1","32.7"
"North America","2024-07-05","707.6","8","88.45"
"Southeast Asia","2024-07-05","2319.38","7","331.34000000000003"
"Europe","2024-07-06","1439.16","4","359.79"
"Latin America","2024-07-06","2671.6","7","381.65714285714284"
"Middle East","2024-07-06","552.29","3","184.09666666666666"
"North America","2024-07-06","1014.6700000000001","5","202.93400000000003"
"Southeast Asia","2024-07-06","2985.25","7","426.4642857142857"
"Europe","2024-07-07","947.3399999999999","8","118.41749999999999"
"Latin America","2024-07-07","921.24","5","184.248"
"Middle East","2024-07-07","617.81","2","308.905"
"North America","2024-07-07","2520.17","7","360.0242857142857"
"Southeast Asia","2024-07-07","1477.67","4","369.4175"
"Europe","2024-07-08","1107.93","4","276.9825"
"Latin America","2024-07-08","335.42999999999995","2","167.71499999999997"
"Middle East","2024-07-08","180.79","2","90.395"
"North America","2024-07-08","2937.16","10","293.716"
"Southeast Asia","2024-07-08","1971.74","5","394.348"
"Europe","2024-07-09","3326.16","8","415.77"
"Latin America","2024-07-09","204.47","2","102.235"
"Middle East","2024-07-09","270.41","1","270.41"
"North America","2024-07-09","1113.72","7","159.10285714285715"
"Southeast Asia","2024-07-09","2375.51","5","475.10200000000003"
"Europe","2024-07-10","581.46","5","116.292"
"Latin America","2024-07-10","239.75","1","239.75"
"Middle East","2024-07-10","226.57","2","113.285"
"North America","2024-07-10","2846.23","5","569.246"
"Southeast Asia","2024-07-10","1043.55","4","260.8875"
"Europe","2024-07-11","1402.71","5","280.54200000000003"
"Latin America","2024-07-11","1860.3","1","1860.3"
"Middle East","2024-07-11","1420.57","4","355.1425"
"North America","2024-07-11","1440.03","9","160.00333333333333"
"Southeast Asia","2024-07-11","227.36","4","56.84"
"Europe","2024-07-12","1563.28","4","390.82"
"Latin America","2024-07-12","2297.82","5","459.564"
"Middle East","2024-07-12","738.15","3","246.04999999999998"
"North America","2024-07-12","2318.18","6","386.3633333333333"
"Southeast Asia","2024-07-12","4311.07","4","1077.7675"
"Europe","2024-07-13","2122.18","9","235.79777777777775"
"Latin America","2024-07-13","848.98","4","212.245"
"Middle East","2024-07-13","446.56","1","446.56"
"North America","2024-07-13","6280.91","10","628.091"
"Southeast Asia","2024-07-13","1123.45","4","280.8625"
"Europe","2024-07-14","729.41","4","182.3525"
"Latin America","2024-07-14","718.67","5","143.73399999999998"
"Middle East","2024-07-14","404.34000000000003","2","202.17000000000002"
"North America","2024-07-14","1799.48","4","449.87"
"Southeast Asia","2024-07-14","2796.9","8","349.6125"
"Europe","2024-07-15","1573.01","5","314.602"
"Latin America","2024-07-15","967.52","2","483.76"
"Middle East","2024-07-15","780.42","4","195.105"
"North America","2024-07-15","1053.2","6","175.53333333333333"
"Southeast Asia","2024-07-15","1590.1499999999999","5","318.03"
"Europe","2024-07-16","208.32000000000002","2","104.16000000000001"
"Latin America","2024-07-16","1333.6200000000001","4","333.40500000000003"
"Middle East","2024-07-16","81.91","2","40.955"
"North America","2024-07-16","2989.48","5","597.896"
"Southeast Asia","2024-07-16","262.82","4","65.705"
"Europe","2024-07-17","2423.35","4","605.8375"
"Latin America","2024-07-17","76.63","2","38.315"
"Middle East","2024-07-17","58.64","1","58.64"
"North America","2024-07-17","1744.1299999999999","10","174.41299999999998"
"Southeast Asia","2024-07-17","3267.3","7","466.75714285714287"
"Europe","2024-07-18","1024.06","5","204.81199999999998"
"Latin America","2024-07-18","2145.8","5","429.16"
"Middle East","2024-07-18","203.53","1","203.53"
"North America","2024-07-18","1214.71","8","151.83875"
"Southeast Asia","2024-07-18","4482.37","7","640.3385714285714"
"Europe","2024-07-19","666.07","4","166.5175"
"Latin America","2024-07-19","94.87","2","47.435"
"Middle East","2024-07-19","1395.04","2","697.52"
"North America","2024-07-19","2046.67","6","341.1116666666667"
"Southeast Asia","2024-07-19","1547.42","3","515.8066666666667"
"Europe","2024-07-20","152.87","2","76.435"
"Latin America","2024-07-20","512.37","5","102.474"
"Middle East","2024-07-20","300.58","4","75.145"
"North America","2024-07-20","673.93","7","96.27571428571427"
"Southeast Asia","2024-07-20","1505.22","7","215.03142857142856"
"Europe","2024-07-21","291.8","3","97.26666666666667"
"Latin America","2024-07-21","1979.1399999999999","6","329.8566666666666"
"Middle East","2024-07-21","314.99","3","104.99666666666667"
"North America","2024-07-21","2419.85","8","302.48125"
"Southeast Asia","2024-07-21","1211.29","4","302.8225"
"Europe","2024-07-22","2761.4","11","251.03636363636363"
"Latin America","2024-07-22","2156.71","6","359.45166666666665"
"Middle East","2024-07-22","775.4","2","387.7"
"North America","2024-07-22","630.42","4","157.605"
"Southeast Asia","2024-07-22","769.2","6","128.20000000000002"
"Europe","2024-07-23","635.59","2","317.795"
"Latin America","2024-07-23","1800.22","3","600.0733333333334"
"Middle East","2024-07-23","1975.62","4","493.905"
"North America","2024-07-23","1021.02","4","255.255"
"Southeast Asia","2024-07-23","1152.6299999999999","7","164.66142857142856"
"Europe","2024-07-24","1193.96","7","170.56571428571428"
"Latin America","2024-07-24","23.54","1","23.54"
"Middle East","2024-07-24","720.1700000000001","3","240.0566666666667"
"North America","2024-07-24","3706.36","7","529.48"
"Southeast Asia","2024-07-24","1321.51","4","330.3775"
"Europe","2024-07-25","3095.35","10","309.53499999999997"
"Latin America","2024-07-25","1677.44","5","335.488"
"Middle East","2024-07-25","59.81","1","59.81"
"North America","2024-07-25","143.62","1","143.62"
"Southeast Asia","2024-07-25","1628.28","6","271.38"
"Europe","2024-07-26","1414.25","7","202.03571428571428"
"Latin America","2024-07-26","1043.8","3","347.93333333333334"
"Middle East","2024-07-26","120.41","1","120.41"
"North America","2024-07-26","1966.36","9","218.48444444444442"
"Southeast Asia","2024-07-26","759.35","6","126.55833333333334"
"Europe","2024-07-27","1038.31","4","259.5775"
"Latin America","2024-07-27","586.93","4","146.7325"
"Middle East","2024-07-27","116.41999999999999","2","58.209999999999994"
"North America","2024-07-27","1209.22","9","134.35777777777778"
"Southeast Asia","2024-07-27","1920.95","6","320.15833333333336"
"Europe","2024-07-28","1517.21","6","252.86833333333334"
"Latin America","2024-07-28","245.21","3","81.73666666666666"
"Middle East","2024-07-28","1978.8400000000001","2","989.4200000000001"
"North America","2024-07-28","1686.58","9","187.39777777777778"
"Southeast Asia","2024-07-28","759.09","3","253.03"
"Europe","2024-07-29","369.21","1","369.21"
"Southeast Asia","2024-07-29","1065.24","2","532.62"
"Latin America","2024-07-30","145.92","1","145.92"
"North America","2024-07-30","528.06","1","528.06"
"Europe","2024-07-31","150.96","1","150.96"
"North America","2024-07-31","29.05","1","29.05"
"Europe","2024-08-01","1481.52","7","211.6457142857143"
"Latin America","2024-08-01","2969.27","5","593.854"
"Middle East","2024-08-01","2616.76","7","373.8228571428572"
"North America","2024-08-01","4529.99","8","566.24875"
"Southeast Asia","2024-08-01","1011.18","4","252.795"
"Europe","2024-08-02","1976.05","7","282.29285714285714"
"Latin America","2024-08-02","952.0799999999999","7","136.01142857142855"
"Middle East","2024-08-02","742.9300000000001","3","247.64333333333335"
"North America","2024-08-02","1394.66","6","232.44333333333336"
"Southeast Asia","2024-08-02","1683.59","8","210.44875"
"Europe","2024-08-03","2633.39","4","658.3475"
"Latin America","2024-08-03","1176.96","4","294.24"
"Middle East","2024-08-03","1450.57","2","725.285"
"North America","2024-08-03","1764.37","5","352.87399999999997"
"Southeast Asia","2024-08-03","2658.2000000000003","8","332.27500000000003"
"Europe","2024-08-04","2824.3","8","353.0375"
"Latin America","2024-08-04","1036.88","5","207.37600000000003"
"Middle East","2024-08-04","548.5899999999999","2","274.29499999999996"
"North America","2024-08-04","1506.85","9","167.42777777777778"
"Southeast Asia","2024-08-04","4614.98","6","769.1633333333333"
"Europe","2024-08-05","2205.25","10","220.525"
"Latin America","2024-08-05","2182.2599999999998","7","311.75142857142856"
"Middle East","2024-08-05","1583.2","4","395.8"
"North America","2024-08-05","334.25","6","55.708333333333336"
"Southeast Asia","2024-08-05","774.95","4","193.7375"
"Europe","2024-08-06","812.47","4","203.1175"
"Latin America","2024-08-06","281.96000000000004","2","140.98000000000002"
"Middle East","2024-08-06","986.33","3","328.7766666666667"
"North America","2024-08-06","937.3599999999999","6","156.22666666666666"
"Southeast Asia","2024-08-06","2562.3900000000003","6","427.06500000000005"
"Europe","2024-08-07","857.53","9","95.2811111111111"
"Latin America","2024-08-07","649.29","4","162.3225"
"Middle East","2024-08-07","1111.15","4","277.7875"
"North America","2024-08-07","2764.09","8","345.51125"
"Southeast Asia","2024-08-07","1683.54","7","240.50571428571428"
"Europe","2024-08-08","842.45","6","140.40833333333333"
"Latin America","2024-08-08","536.88","3","178.96"
"Middle East","2024-08-08","1543.73","5","308.746"
"North America","2024-08-08","1693.73","9","188.19222222222223"
"Southeast Asia","2024-08-08","2185.03","9","242.78111111111113"
"Europe","2024-08-09","1732.34","4","433.085"
"Latin America","2024-08-09","721.06","2","360.53"
"Middle East","2024-08-09","644.62","4","161.155"
"North America","2024-08-09","1519.95","9","168.88333333333333"
"Southeast Asia","2024-08-09","1870.73","6","311.78833333333336"
"Europe","2024-08-10","112.50999999999999","2","56.254999999999995"
"Latin America","2024-08-10","1336.42","5","267.284"
"Middle East","2024-08-10","46.42","1","46.42"
"North America","2024-08-10","1451.73","7","207.39000000000001"
"Southeast Asia","2024-08-10","2487.98","4","621.995"
"Europe","2024-08-11","5811.31","12","484.27583333333337"
"Latin America","2024-08-11","264.73","2","132.365"
"Middle East","2024-08-11","62.06","2","31.03"
"North America","2024-08-11","903.9499999999999","5","180.79"
"Southeast Asia","2024-08-11","648.66","4","162.165"
"Europe","2024-08-12","1382.79","4","345.6975"
"Latin America","2024-08-12","171.98","1","171.98"
"Middle East","2024-08-12","1579.84","4","394.96"
"North America","2024-08-12","2159.27","7","308.46714285714285"
"Southeast Asia","2024-08-12","2121.34","6","353.5566666666667"
"Europe","2024-08-13","435.82","5","87.164"
"Latin America","2024-08-13","469.51","3","156.50333333333333"
"Middle East","2024-08-13","1465.09","6","244.18166666666664"
"North America","2024-08-13","2185.04","10","218.504"
"Southeast Asia","2024-08-13","1435.58","6","239.26333333333332"
"Europe","2024-08-14","3104.58","11","282.23454545454547"
"Latin America","2024-08-14","527.15","2","263.575"
"Middle East","2024-08-14","1062.22","3","354.0733333333333"
"North America","2024-08-14","2420.15","10","242.01500000000001"
"Southeast Asia","2024-08-14","1452.51","3","484.17"
"Europe","2024-08-15","1577.02","5","315.404"
"Latin America","2024-08-15","1240.15","4","310.0375"
"Middle East","2024-08-15","1113.1","2","556.55"
"North America","2024-08-15","2921.8","7","417.40000000000003"
"Southeast Asia","2024-08-15","1894.65","7","270.6642857142857"
"Europe","2024-08-16","716.37","4","179.0925"
"Latin America","2024-08-16","588.8","4","147.2"
"Middle East","2024-08-16","186.73","2","93.365"
"North America","2024-08-16","1043.26","7","149.03714285714287"
"Southeast Asia","2024-08-16","4296.67","8","537.08375"
"Europe","2024-08-17","1543.21","7","220.45857142857145"
"Latin America","2024-08-17","812.93","2","406.465"
"North America","2024-08-17","3580.69","8","447.58625"
"Southeast Asia","2024-08-17","874.29","3","291.43"
"Europe","2024-08-18","1838.55","6","306.425"
"Latin America","2024-08-18","173.51","1","173.51"
"Middle East","2024-08-18","515.26","2","257.63"
"North America","2024-08-18","1511.29","8","188.91125"
"Southeast Asia","2024-08-18","74.52","3","24.84"
"Europe","2024-08-19","2020.76","5","404.152"
"Latin America","2024-08-19","567.32","2","283.66"
"Middle East","2024-08-19","496.36","5","99.272"
"North America","2024-08-19","1094.69","6","182.44833333333335"
"Southeast Asia","2024-08-19","783.9599999999999","5","156.79199999999997"
"Europe","2024-08-20","1568.1000000000001","7","224.01428571428573"
"Latin America","2024-08-20","1933.52","6","322.25333333333333"
"Middle East","2024-08-20","525.14","2","262.57"
"North America","2024-08-20","1517.24","6","252.87333333333333"
"Southeast Asia","2024-08-20","2256.36","7","322.33714285714285"
"Europe","2024-08-21","850.6","4","212.65"
"Latin America","2024-08-21","1866.21","4","466.5525"
"Middle East","2024-08-21","494.78999999999996","6","82.46499999999999"
"North America","2024-08-21","410.13","4","102.5325"
"Southeast Asia","2024-08-21","297.12","5","59.424"
"Europe","2024-08-22","729.29","4","182.3225"
"Middle East","2024-08-22","1035.5700000000002","3","345.19000000000005"
"North America","2024-08-22","2518.06","9","279.78444444444443"
"Southeast Asia","2024-08-22","2225.71","9","247.3011111111111"
"Europe","2024-08-23","870.36","6","145.06"
"Latin America","2024-08-23","327.93","2","163.965"
"Middle East","2024-08-23","2446.98","5","489.396"
"North America","2024-08-23","4066.92","14","290.4942857142857"
"Southeast Asia","2024-08-23","3432.9","8","429.1125"
"Europe","2024-08-24","1879.45","7","268.49285714285713"
"Latin America","2024-08-24","1198.39","4","299.5975"
"Middle East","2024-08-24","138.88","1","138.88"
"North America","2024-08-24","4594.88","9","510.5422222222222"
"Southeast Asia","2024-08-24","915.9100000000001","6","152.65166666666667"
"Europe","2024-08-25","2207.7599999999998","11","200.70545454545453"
"Latin America","2024-08-25","1159.09","3","386.3633333333333"
"Middle East","2024-08-25","36.02","1","36.02"
"North America","2024-08-25","1694.05","8","211.75625"
"Southeast Asia","2024-08-25","2822.58","8","352.8225"
"Europe","2024-08-26","286.32","3","95.44"
"Latin America","2024-08-26","508.8","5","101.76"
"Middle East","2024-08-26","880.75","4","220.1875"
"North America","2024-08-26","2503.43","12","208.61916666666664"
"Southeast Asia","2024-08-26","603.9300000000001","3","201.31000000000003"
"Europe","2024-08-27","2547.86","8","318.4825"
"Latin America","2024-08-27","150.36","1","150.36"
"Middle East","2024-08-27","332.22999999999996","3","110.74333333333333"
"North America","2024-08-27","1645.42","4","411.355"
"Southeast Asia","2024-08-27","1053","4","263.25"
"Europe","2024-08-28","1616.67","4","404.1675"
"Latin America","2024-08-28","876.56","5","175.31199999999998"
"Middle East","2024-08-28","90.96000000000001","2","45.480000000000004"
"North America","2024-08-28","1578.54","8","197.3175"
"Southeast Asia","2024-08-28","5140.45","11","467.31363636363636"
"Europe","2024-08-29","103.39","1","103.39"
"Latin America","2024-08-29","211.62","1","211.62"
"North America","2024-08-29","178.65","1","178.65"
"Southeast Asia","2024-08-29","94.97","1","94.97"
"Latin America","2024-08-30","68.04","1","68.04"
"North America","2024-08-30","62.9","1","62.9"
"Middle East","2024-08-31","3748.19","3","1249.3966666666668"
"North America","2024-08-31","2307.95","5","461.59"
"Southeast Asia","2024-08-31","322.52","1","322.52"
"Europe","2024-09-01","1152.82","6","192.13666666666666"
"Middle East","2024-09-01","168.74","1","168.74"
"North America","2024-09-01","1058.54","7","151.22"
"Southeast Asia","2024-09-01","975.0600000000001","6","162.51000000000002"
"Europe","2024-09-02","1108.6","7","158.37142857142857"
"Latin America","2024-09-02","223.04999999999998","3","74.35"
"Middle East","2024-09-02","1007.27","2","503.635"
"North America","2024-09-02","764.96","10","76.49600000000001"
"Southeast Asia","2024-09-02","675.01","6","112.50166666666667"
"Europe","2024-09-03","1254.24","2","627.12"
"Latin America","2024-09-03","325.6","3","108.53333333333335"
"Middle East","2024-09-03","923.23","5","184.64600000000002"
"North America","2024-09-03","2627.14","12","218.9283333333333"
"Southeast Asia","2024-09-03","440.05","4","110.0125"
"Europe","2024-09-04","1986.68","4","496.67"
"Latin America","2024-09-04","1077.79","3","359.2633333333333"
"Middle East","2024-09-04","202.51","1","202.51"
"North America","2024-09-04","1099.01","5","219.802"
"Southeast Asia","2024-09-04","1863.04","5","372.608"
"Europe","2024-09-05","3787.69","6","631.2816666666666"
"Latin America","2024-09-05","1738.7","5","347.74"
"Middle East","2024-09-05","2835.74","6","472.6233333333333"
"North America","2024-09-05","1873.06","9","208.11777777777777"
"Southeast Asia","2024-09-05","1458.8600000000001","3","486.2866666666667"
"Europe","2024-09-06","1983.52","7","283.36"
"Latin America","2024-09-06","600.0699999999999","3","200.0233333333333"
"Middle East","2024-09-06","1792.7","4","448.175"
"North America","2024-09-06","4485.61","11","407.78272727272724"
"Southeast Asia","2024-09-06","291.65","3","97.21666666666665"
"Europe","2024-09-07","1338.69","4","334.6725"
"Latin America","2024-09-07","137.48999999999998","3","45.82999999999999"
"Middle East","2024-09-07","656.67","4","164.1675"
"North America","2024-09-07","1957.3600000000001","9","217.48444444444445"
"Southeast Asia","2024-09-07","1083.22","7","154.74571428571429"
"Europe","2024-09-08","901.04","5","180.208"
"Latin America","2024-09-08","1015.81","3","338.6033333333333"
"Middle East","2024-09-08","924.77","1","924.77"
"North America","2024-09-08","1883.01","8","235.37625"
"Southeast Asia","2024-09-08","2457.48","5","491.496"
"Europe","2024-09-09","2036.95","4","509.2375"
"Latin America","2024-09-09","2776.25","6","462.7083333333333"
"Middle East","2024-09-09","1006.0899999999999","5","201.218"
"North America","2024-09-09","1209.21","11","109.92818181818183"
"Southeast Asia","2024-09-09","2018.96","9","224.32888888888888"
"Europe","2024-09-10","599.8399999999999","4","149.95999999999998"
"Latin America","2024-09-10","61.57","1","61.57"
"Middle East","2024-09-10","226.48","1","226.48"
"North America","2024-09-10","2356.58","6","392.7633333333333"
"Southeast Asia","2024-09-10","1610.19","6","268.365"
"Europe","2024-09-11","400.9","4","100.225"
"Latin America","2024-09-11","256.44","2","128.22"
"Middle East","2024-09-11","56.13","3","18.71"
"North America","2024-09-11","1065.75","5","213.15"
"Southeast Asia","2024-09-11","814.11","6","135.685"
"Europe","2024-09-12","1742.8","5","348.56"
"Latin America","2024-09-12","101.30000000000001","2","50.650000000000006"
"Middle East","2024-09-12","20.62","1","20.62"
"North America","2024-09-12","2168.73","6","361.455"
"Southeast Asia","2024-09-12","990.3299999999999","6","165.05499999999998"
"Europe","2024-09-13","219.71","3","73.23666666666666"
"Latin America","2024-09-13","1275.66","2","637.83"
"Middle East","2024-09-13","1279.8100000000002","3","426.6033333333334"
"North America","2024-09-13","2594.3","9","288.2555555555556"
"Southeast Asia","2024-09-13","946.01","3","315.33666666666664"
"Europe","2024-09-14","2183.72","6","363.9533333333333"
"Latin America","2024-09-14","216.6","2","108.3"
"Middle East","2024-09-14","93.29","1","93.29"
"North America","2024-09-14","1313.48","9","145.94222222222223"
"Southeast Asia","2024-09-14","2591.47","11","235.5881818181818"
"Europe","2024-09-15","361.45000000000005","2","180.72500000000002"
"Latin America","2024-09-15","465.84","2","232.92"
"Middle East","2024-09-15","507.96","2","253.98"
"North America","2024-09-15","787.02","7","112.43142857142857"
"Southeast Asia","2024-09-15","1648.24","8","206.03"
"Europe","2024-09-16","634.2900000000001","3","211.43000000000004"
"Latin America","2024-09-16","454.69","1","454.69"
"Middle East","2024-09-16","1592.23","5","318.446"
"North America","2024-09-16","2464.98","8","308.1225"
"Southeast Asia","2024-09-16","927.58","5","185.51600000000002"
"Europe","2024-09-17","782.46","3","260.82"
"Latin America","2024-09-17","1094.6","2","547.3"
"Middle East","2024-09-17","1695.52","4","423.88"
"North America","2024-09-17","1847.26","8","230.9075"
"Southeast Asia","2024-09-17","1518.19","3","506.06333333333333"
"Europe","2024-09-18","2199.94","5","439.988"
"Latin America","2024-09-18","394.03","4","98.5075"
"Middle East","2024-09-18","514.35","1","514.35"
"North America","2024-09-18","3728.58","8","466.0725"
"Southeast Asia","2024-09-18","425.06","3","141.68666666666667"
"Europe","2024-09-19","3615.0800000000004","7","516.44"
"Latin America","2024-09-19","1125.26","3","375.08666666666664"
"North America","2024-09-19","2291.92","12","190.99333333333334"
"Southeast Asia","2024-09-19","1186.27","4","296.5675"
"Europe","2024-09-20","773.9399999999999","4","193.48499999999999"
"Latin America","2024-09-20","895.95","3","298.65000000000003"
"Middle East","2024-09-20","216.09","3","72.03"
"North America","2024-09-20","609.47","4","152.3675"
"Southeast Asia","2024-09-20","1183.23","5","236.64600000000002"
"Europe","2024-09-21","956.09","5","191.21800000000002"
"Latin America","2024-09-21","117.2","2","58.6"
"Middle East","2024-09-21","1667.47","1","1667.47"
"North America","2024-09-21","4025.37","10","402.537"
"Southeast Asia","2024-09-21","2643.02","7","377.57428571428574"
"Europe","2024-09-22","677.27","5","135.454"
"Latin America","2024-09-22","445.32000000000005","3","148.44000000000003"
"Middle East","2024-09-22","26.29","1","26.29"
"North America","2024-09-22","669.24","6","111.54"
"Southeast Asia","2024-09-22","1122.32","4","280.58"
"Europe","2024-09-23","1563.1399999999999","4","390.78499999999997"
"Latin America","2024-09-23","3218.73","8","402.34125"
"Middle East","2024-09-23","2419.57","3","806.5233333333334"
"North America","2024-09-23","1978.66","11","179.87818181818182"
"Southeast Asia","2024-09-23","2060.7000000000003","8","257.58750000000003"
"Europe","2024-09-24","1411.5500000000002","4","352.88750000000005"
"Latin America","2024-09-24","179.44","3","59.81333333333333"
"Middle East","2024-09-24","490.54","3","163.51333333333335"
"North America","2024-09-24","289.72","5","57.944"
"Europe","2024-09-25","1973.95","5","394.79"
"Latin America","2024-09-25","768.31","3","256.1033333333333"
"Middle East","2024-09-25","374.31","1","374.31"
"North America","2024-09-25","1833.5900000000001","5","366.718"
"Southeast Asia","2024-09-25","172.69","4","43.1725"
"Europe","2024-09-26","1505.3500000000001","4","376.33750000000003"
"Latin America","2024-09-26","952.27","3","317.42333333333335"
"Middle East","2024-09-26","642.9499999999999","2","321.47499999999997"
"North America","2024-09-26","2100.98","5","420.196"
"Southeast Asia","2024-09-26","1134.37","3","378.1233333333333"
"Europe","2024-09-27","1898.01","9","210.89"
"Latin America","2024-09-27","31.02","1","31.02"
"Middle East","2024-09-27","497.5","3","165.83333333333334"
"North America","2024-09-27","2411.3","10","241.13000000000002"
"Southeast Asia","2024-09-27","206.1","3","68.7"
"Europe","2024-09-28","1304.98","7","186.4257142857143"
"Latin America","2024-09-28","675.59","4","168.8975"
"Middle East","2024-09-28","141.22","2","70.61"
"North America","2024-09-28","2083.31","7","297.61571428571426"
"Southeast Asia","2024-09-28","1968.65","8","246.08125"
"Europe","2024-09-29","347.98","2","173.99"
"Middle East","2024-09-29","68.46","1","68.46"
"North America","2024-09-29","77.56","1","77.56"
"Southeast Asia","2024-09-29","99.27","1","99.27"
"Europe","2024-09-30","267.08000000000004","2","133.54000000000002"
"Latin America","2024-09-30","202.17000000000002","2","101.08500000000001"
"North America","2024-09-30","3026.31","3","1008.77"
"Southeast Asia","2024-09-30","172.69","1","172.69"
"Europe","2024-10-01","1614.5","8","201.8125"
"Latin America","2024-10-01","578.9300000000001","3","192.9766666666667"
"Middle East","2024-10-01","86.49","1","86.49"
"North America","2024-10-01","4518.63","13","347.5869230769231"
"Southeast Asia","2024-10-01","331.8","3","110.60000000000001"
"Europe","2024-10-02","797.48","2","398.74"
"Latin America","2024-10-02","650.9200000000001","3","216.97333333333336"
"North America","2024-10-02","2237.94","7","319.7057142857143"
"Southeast Asia","2024-10-02","6686.5","10","668.65"
"Europe","2024-10-03","1887.61","8","235.95125"
"Latin America","2024-10-03","794.74","2","397.37"
"Middle East","2024-10-03","1558.8200000000002","3","519.6066666666667"
"North America","2024-10-03","3161.6299999999997","7","451.66142857142853"
"Southeast Asia","2024-10-03","741.89","1","741.89"
"Europe","2024-10-04","1542.17","10","154.217"
"Latin America","2024-10-04","1025.95","5","205.19"
"Middle East","2024-10-04","249.48000000000002","4","62.370000000000005"
"North America","2024-10-04","3851.35","8","481.41875"
"Southeast Asia","2024-10-04","6217.87","10","621.787"
"Europe","2024-10-05","1030.54","8","128.8175"
"Latin America","2024-10-05","676.67","2","338.335"
"Middle East","2024-10-05","257.16999999999996","2","128.58499999999998"
"North America","2024-10-05","2122.45","7","303.20714285714286"
"Southeast Asia","2024-10-05","1442.13","8","180.26625"
"Europe","2024-10-06","3188.2000000000003","7","455.4571428571429"
"Latin America","2024-10-06","990.03","2","495.015"
"Middle East","2024-10-06","46.1","1","46.1"
"North America","2024-10-06","1496.38","8","187.0475"
"Southeast Asia","2024-10-06","1766.6299999999999","6","294.43833333333333"
"Europe","2024-10-07","526.0600000000001","3","175.35333333333335"
"Latin America","2024-10-07","1834.3799999999999","7","262.0542857142857"
"Middle East","2024-10-07","762.97","3","254.32333333333335"
"North America","2024-10-07","3452.05","10","345.20500000000004"
"Southeast Asia","2024-10-07","3050.81","8","381.35125"
"Europe","2024-10-08","3675.0899999999997","6","612.515"
"Latin America","2024-10-08","3070.48","7","438.64"
"Middle East","2024-10-08","374.37","4","93.5925"
"North America","2024-10-08","1458.9","6","243.15"
"Southeast Asia","2024-10-08","2273.3","9","252.5888888888889"
"Europe","2024-10-09","2754.73","7","393.53285714285715"
"Latin America","2024-10-09","1258.44","4","314.61"
"Middle East","2024-10-09","792.24","4","198.06"
"North America","2024-10-09","7045.620000000001","15","469.708"
"Southeast Asia","2024-10-09","767.4699999999999","4","191.86749999999998"
"Europe","2024-10-10","2821.16","6","470.1933333333333"
"Latin America","2024-10-10","693.55","7","99.07857142857142"
"Middle East","2024-10-10","3019.06","9","335.4511111111111"
"North America","2024-10-10","1161.93","8","145.24125"
"Southeast Asia","2024-10-10","1591.96","4","397.99"
"Europe","2024-10-11","675.84","6","112.64"
"Latin America","2024-10-11","837.76","4","209.44"
"Middle East","2024-10-11","2353.75","6","392.2916666666667"
"North America","2024-10-11","1028.71","6","171.45166666666668"
"Southeast Asia","2024-10-11","2010.81","6","335.135"
"Europe","2024-10-12","3190.7","8","398.8375"
"Latin America","2024-10-12","207.94","3","69.31333333333333"
"Middle East","2024-10-12","1020.9499999999999","3","340.31666666666666"
"North America","2024-10-12","1201.68","8","150.21"
"Southeast Asia","2024-10-12","1133.22","6","188.87"
"Europe","2024-10-13","2028.77","3","676.2566666666667"
"Latin America","2024-10-13","1165.34","4","291.335"
"Middle East","2024-10-13","103.81","2","51.905"
"North America","2024-10-13","2284.89","12","190.4075"
"Southeast Asia","2024-10-13","2782.23","6","463.705"
"Europe","2024-10-14","2970.01","9","330.00111111111113"
"Latin America","2024-10-14","698.48","5","139.696"
"Middle East","2024-10-14","1171.26","3","390.42"
"North America","2024-10-14","2249.64","10","224.964"
"Southeast Asia","2024-10-14","4425.37","10","442.537"
"Europe","2024-10-15","2842.37","9","315.81888888888886"
"Latin America","2024-10-15","1972.27","8","246.53375"
"Middle East","2024-10-15","448.7","2","224.35"
"North America","2024-10-15","3250.1","11","295.46363636363634"
"Southeast Asia","2024-10-15","3663.04","12","305.25333333333333"
"Europe","2024-10-16","3988.16","12","332.34666666666664"
"Latin America","2024-10-16","2519.82","6","419.97"
"Middle East","2024-10-16","1017.88","4","254.47"
"North America","2024-10-16","1479.01","9","164.33444444444444"
"Southeast Asia","2024-10-16","814.77","6","135.795"
"Europe","2024-10-17","3962.74","9","440.3044444444444"
"Latin America","2024-10-17","44.379999999999995","2","22.189999999999998"
"Middle East","2024-10-17","1404.79","3","468.2633333333333"
"North America","2024-10-17","1354.56","8","169.32"
"Southeast Asia","2024-10-17","793.7","5","158.74"
"Europe","2024-10-18","516.27","3","172.09"
"Latin America","2024-10-18","561.09","3","187.03"
"Middle East","2024-10-18","37.86","1","37.86"
"North America","2024-10-18","4506.98","10","450.698"
"Southeast Asia","2024-10-18","4219.38","11","383.58"
"Europe","2024-10-19","1133.37","7","161.91"
"Latin America","2024-10-19","523.66","1","523.66"
"Middle East","2024-10-19","771.81","5","154.362"
"North America","2024-10-19","303.28","1","303.28"
"Southeast Asia","2024-10-19","954.23","5","190.846"
"Europe","2024-10-20","1892.8899999999999","8","236.61124999999998"
"Latin America","2024-10-20","752.74","3","250.91333333333333"
"North America","2024-10-20","3828.53","9","425.39222222222224"
"Southeast Asia","2024-10-20","719.53","3","239.84333333333333"
"Europe","2024-10-21","3867.34","10","386.73400000000004"
"Latin America","2024-10-21","120.49","1","120.49"
"Middle East","2024-10-21","88.92","1","88.92"
"North America","2024-10-21","1763.99","4","440.9975"
"Southeast Asia","2024-10-21","939.37","5","187.874"
"Europe","2024-10-22","3182.26","6","530.3766666666667"
"Latin America","2024-10-22","1610.71","4","402.6775"
"Middle East","2024-10-22","522.66","2","261.33"
"North America","2024-10-22","2898.19","8","362.27375"
"Southeast Asia","2024-10-22","1890.8300000000002","4","472.70750000000004"
"Europe","2024-10-23","3167.95","10","316.79499999999996"
"Latin America","2024-10-23","410.24","5","82.048"
"Middle East","2024-10-23","313.86","3","104.62"
"North America","2024-10-23","2013.56","12","167.79666666666665"
"Southeast Asia","2024-10-23","2563.08","9","284.78666666666663"
"Europe","2024-10-24","891.75","5","178.35"
"Latin America","2024-10-24","72.57","2","36.285"
"Middle East","2024-10-24","459.28999999999996","2","229.64499999999998"
"North America","2024-10-24","3587.17","10","358.717"
"Southeast Asia","2024-10-24","2712.79","7","387.5414285714286"
"Europe","2024-10-25","840.42","8","105.0525"
"Latin America","2024-10-25","1173.52","7","167.6457142857143"
"Middle East","2024-10-25","1555.75","5","311.15"
"North America","2024-10-25","2187.91","11","198.90090909090907"
"Southeast Asia","2024-10-25","1054.98","7","150.71142857142857"
"Europe","2024-10-26","1728.29","6","288.04833333333335"
"Latin America","2024-10-26","2475.64","5","495.128"
"Middle East","2024-10-26","787.62","4","196.905"
"North America","2024-10-26","2009.45","11","182.67727272727274"
"Southeast Asia","2024-10-26","1005.09","6","167.51500000000001"
"Europe","2024-10-27","4895.05","10","489.505"
"Latin America","2024-10-27","698.6800000000001","3","232.89333333333335"
"Middle East","2024-10-27","68.76","2","34.38"
"North America","2024-10-27","3966.05","13","305.08076923076925"
"Southeast Asia","2024-10-27","2145.9900000000002","6","357.665"
"Europe","2024-10-28","225.35","5","45.07"
"Latin America","2024-10-28","720.14","4","180.035"
"Middle East","2024-10-28","212.68","3","70.89333333333333"
"North America","2024-10-28","1435.04","9","159.4488888888889"
"Southeast Asia","2024-10-28","1147.12","8","143.39"
"Europe","2024-10-29","1500.94","4","375.235"
"Latin America","2024-10-29","46.13","1","46.13"
"North America","2024-10-29","1657.04","3","552.3466666666667"
"Southeast Asia","2024-10-29","1470.75","3","490.25"
"Europe","2024-10-30","212.99","3","70.99666666666667"
"Latin America","2024-10-30","1323.17","4","330.7925"
"North America","2024-10-30","21.79","1","21.79"
"Southeast Asia","2024-10-30","1463.44","1","1463.44"
"Europe","2024-10-31","590.55","2","295.275"
"North America","2024-10-31","1056.94","5","211.388"
"Southeast Asia","2024-10-31","802.88","3","267.62666666666667"
"Europe","2024-11-01","2208.97","9","245.4411111111111"
"Latin America","2024-11-01","770.44","6","128.40666666666667"
"Middle East","2024-11-01","712.8100000000001","3","237.60333333333335"
"North America","2024-11-01","2557.4900000000002","16","159.84312500000001"
"Southeast Asia","2024-11-01","2270.2200000000003","11","206.38363636363638"
"Europe","2024-11-02","1818.05","9","202.00555555555556"
"Latin America","2024-11-02","1685.5","10","168.55"
"Middle East","2024-11-02","761.27","6","126.87833333333333"
"North America","2024-11-02","3843.11","21","183.0052380952381"
"Southeast Asia","2024-11-02","6671.68","19","351.141052631579"
"Europe","2024-11-03","3840.66","12","320.055"
"Latin America","2024-11-03","2595.54","12","216.295"
"Middle East","2024-11-03","873.5600000000001","7","124.79428571428572"
"North America","2024-11-03","4729.89","13","363.83769230769235"
"Southeast Asia","2024-11-03","4175.16","12","347.93"
"Europe","2024-11-04","4614.07","13","354.92846153846153"
"Latin America","2024-11-04","343.84","2","171.92"
"Middle East","2024-11-04","1834.64","6","305.77333333333337"
"North America","2024-11-04","3288.44","12","274.0366666666667"
"Southeast Asia","2024-11-04","1867.19","11","169.74454545454546"
"Europe","2024-11-05","3882.7599999999998","10","388.27599999999995"
"Latin America","2024-11-05","1882","11","171.0909090909091"
"Middle East","2024-11-05","2010.31","9","223.36777777777777"
"North America","2024-11-05","5107.32","16","319.2075"
"Southeast Asia","2024-11-05","2448.57","12","204.0475"
"Europe","2024-11-06","2173.01","8","271.62625"
"Latin America","2024-11-06","1469.72","7","209.96"
"Middle East","2024-11-06","1982.14","4","495.535"
"North America","2024-11-06","3957.29","19","208.2784210526316"
"Southeast Asia","2024-11-06","5971.59","12","497.6325"
"Europe","2024-11-07","1588.54","10","158.85399999999998"
"Latin America","2024-11-07","3843.2200000000003","14","274.5157142857143"
"Middle East","2024-11-07","180.68","1","180.68"
"North America","2024-11-07","4898.51","15","326.56733333333335"
"Southeast Asia","2024-11-07","3171.1400000000003","10","317.11400000000003"
"Europe","2024-11-08","2239.08","8","279.885"
"Latin America","2024-11-08","724.69","7","103.52714285714286"
"Middle East","2024-11-08","1071.95","3","357.31666666666666"
"North America","2024-11-08","2034.69","13","156.51461538461538"
"Southeast Asia","2024-11-08","3440.34","11","312.7581818181818"
"Europe","2024-11-09","1986.62","9","220.73555555555555"
"Latin America","2024-11-09","684.18","7","97.74"
"Middle East","2024-11-09","2459.67","3","819.89"
"North America","2024-11-09","8121.4","28","290.05"
"Southeast Asia","2024-11-09","1959.03","13","150.6946153846154"
"Europe","2024-11-10","2195.66","9","243.9622222222222"
"Latin America","2024-11-10","1523.27","6","253.87833333333333"
"Middle East","2024-11-10","300.24","4","75.06"
"North America","2024-11-10","2454.24","20","122.71199999999999"
"Southeast Asia","2024-11-10","4426.87","10","442.687"
"Europe","2024-11-11","5194.12","13","399.5476923076923"
"Latin America","2024-11-11","1851.67","7","264.5242857142857"
"Middle East","2024-11-11","1811.5900000000001","6","301.9316666666667"
"North America","2024-11-11","4512.5","18","250.69444444444446"
"Southeast Asia","2024-11-11","3093.79","11","281.25363636363636"
"Europe","2024-11-12","1719.49","8","214.93625"
"Latin America","2024-11-12","2410.63","6","401.7716666666667"
"Middle East","2024-11-12","407.36","4","101.84"
"North America","2024-11-12","2342.43","11","212.9481818181818"
"Southeast Asia","2024-11-12","2693.27","12","224.43916666666667"
"Europe","2024-11-13","3977.5299999999997","10","397.753"
"Latin America","2024-11-13","641.31","6","106.88499999999999"
"Middle East","2024-11-13","708.73","3","236.24333333333334"
"North America","2024-11-13","2748.82","16","171.80125"
"Southeast Asia","2024-11-13","3637.85","10","363.78499999999997"
"Europe","2024-11-14","2084.36","13","160.3353846153846"
"Latin America","2024-11-14","874.47","5","174.894"
"Middle East","2024-11-14","994.1800000000001","5","198.836"
"North America","2024-11-14","3613.59","14","258.11357142857145"
"Southeast Asia","2024-11-14","2179.42","9","242.1577777777778"
"Europe","2024-11-15","1447.65","7","206.80714285714288"
"Latin America","2024-11-15","350.76000000000005","4","87.69000000000001"
"Middle East","2024-11-15","782.24","5","156.448"
"North America","2024-11-15","4635.87","15","309.058"
"Southeast Asia","2024-11-15","4456.55","11","405.14090909090913"
"Europe","2024-11-16","173.32999999999998","4","43.332499999999996"
"Latin America","2024-11-16","1178.69","4","294.6725"
"Middle East","2024-11-16","175.75","2","87.875"
"North America","2024-11-16","4255.19","13","327.3223076923077"
"Southeast Asia","2024-11-16","3666.56","15","244.43733333333333"
"Europe","2024-11-17","3403.48","13","261.80615384615385"
"Latin America","2024-11-17","2305.54","6","384.25666666666666"
"Middle East","2024-11-17","1424.51","6","237.41833333333332"
"North America","2024-11-17","2063.83","12","171.98583333333332"
"Southeast Asia","2024-11-17","2981.67","10","298.16700000000003"
"Europe","2024-11-18","4263.5199999999995","15","284.2346666666666"
"Latin America","2024-11-18","1627.8","8","203.475"
"Middle East","2024-11-18","2987.93","5","597.586"
"North America","2024-11-18","3444.29","16","215.268125"
"Southeast Asia","2024-11-18","1643.25","9","182.58333333333334"
"Europe","2024-11-19","4839.15","18","268.84166666666664"
"Latin America","2024-11-19","3294.97","10","329.49699999999996"
"Middle East","2024-11-19","494.98","4","123.745"
"North America","2024-11-19","6005.82","19","316.0957894736842"
"Southeast Asia","2024-11-19","3374.59","12","281.21583333333336"
"Europe","2024-11-20","2618.05","12","218.17083333333335"
"Latin America","2024-11-20","2255.53","6","375.9216666666667"
"Middle East","2024-11-20","363.28","4","90.82"
"North America","2024-11-20","3390.38","17","199.43411764705883"
"Southeast Asia","2024-11-20","5151.52","14","367.96571428571434"
"Europe","2024-11-21","1910.37","10","191.03699999999998"
"Latin America","2024-11-21","2829.4300000000003","8","353.67875000000004"
"Middle East","2024-11-21","488.66","6","81.44333333333334"
"North America","2024-11-21","5531.45","22","251.42954545454543"
"Southeast Asia","2024-11-21","1460.48","9","162.27555555555557"
"Europe","2024-11-22","1451.6599999999999","8","181.45749999999998"
"Latin America","2024-11-22","2887.35","8","360.91875"
"Middle East","2024-11-22","2004.8","9","222.75555555555556"
"North America","2024-11-22","7189.9","15","479.32666666666665"
"Southeast Asia","2024-11-22","3656.65","11","332.4227272727273"
"Europe","2024-11-23","1535.34","10","153.534"
"Latin America","2024-11-23","1010.63","5","202.126"
"Middle East","2024-11-23","1294.33","1","1294.33"
"North America","2024-11-23","4143.05","16","258.940625"
"Southeast Asia","2024-11-23","2877.58","13","221.35230769230768"
"Europe","2024-11-24","5238.15","15","349.21"
"Latin America","2024-11-24","4762.83","9","529.2033333333334"
"Middle East","2024-11-24","2851.33","13","219.33307692307693"
"North America","2024-11-24","5489.64","20","274.482"
"Southeast Asia","2024-11-24","4829.21","17","284.0711764705882"
"Europe","2024-11-25","3623.02","12","301.91833333333335"
"Latin America","2024-11-25","1441.51","6","240.25166666666667"
"Middle East","2024-11-25","907.54","5","181.50799999999998"
"North America","2024-11-25","8103.76","23","352.3373913043478"
"Southeast Asia","2024-11-25","1483.11","10","148.31099999999998"
"Europe","2024-11-26","2881.1800000000003","17","169.48117647058825"
"Latin America","2024-11-26","859.1","5","171.82"
"Middle East","2024-11-26","771.47","5","154.294"
"North America","2024-11-26","3002.1","13","230.93076923076922"
"Southeast Asia","2024-11-26","5441.08","12","453.42333333333335"
"Europe","2024-11-27","5300.5","15","353.3666666666667"
"Latin America","2024-11-27","890.5699999999999","5","178.11399999999998"
"Middle East","2024-11-27","1646.85","6","274.47499999999997"
"North America","2024-11-27","3118.15","20","155.9075"
"Southeast Asia","2024-11-27","3825.06","12","318.755"
"Europe","2024-11-28","4353.25","18","241.84722222222223"
"Latin America","2024-11-28","1704.2","8","213.025"
"Middle East","2024-11-28","2090.8","7","298.6857142857143"
"North America","2024-11-28","7484.25","20","374.2125"
"Southeast Asia","2024-11-28","1686.66","12","140.555"
"Europe","2024-11-29","1690.8999999999999","3","563.6333333333333"
"Latin America","2024-11-29","1200.73","2","600.365"
"Middle East","2024-11-29","422.77","1","422.77"
"North America","2024-11-29","4122.37","9","458.0411111111111"
"Southeast Asia","2024-11-29","1023.9000000000001","4","255.97500000000002"
"Europe","2024-11-30","122.09","1","122.09"
"Middle East","2024-11-30","872.9899999999999","3","290.9966666666666"
"North America","2024-11-30","1473.16","4","368.29"
"Southeast Asia","2024-11-30","348.96","2","174.48"
"Europe","2024-12-01","5810.21","16","363.138125"
"Latin America","2024-12-01","2633.41","12","219.45083333333332"
"Middle East","2024-12-01","1345.8799999999999","7","192.26857142857142"
"North America","2024-12-01","4564.25","19","240.22368421052633"
"Southeast Asia","2024-12-01","4830.5","20","241.525"
"Europe","2024-12-02","4151.5199999999995","14","296.53714285714284"
"Latin America","2024-12-02","4323.24","7","617.6057142857143"
"Middle East","2024-12-02","1933.9399999999998","3","644.6466666666666"
"North America","2024-12-02","6282.37","28","224.37035714285713"
"Southeast Asia","2024-12-02","3344.5","14","238.89285714285714"
"Europe","2024-12-03","3981.55","16","248.846875"
"Latin America","2024-12-03","4419.59","16","276.224375"
"Middle East","2024-12-03","2190.58","9","243.39777777777778"
"North America","2024-12-03","7396.03","27","273.92703703703705"
"Southeast Asia","2024-12-03","7137.21","24","297.38375"
"Europe","2024-12-04","4198.24","13","322.94153846153847"
"Latin America","2024-12-04","4786.82","13","368.2169230769231"
"Middle East","2024-12-04","3080.52","11","280.04727272727274"
"North America","2024-12-04","8521.94","22","387.3609090909091"
"Southeast Asia","2024-12-04","1400.19","9","155.57666666666668"
"Europe","2024-12-05","10944.5","26","420.9423076923077"
"Latin America","2024-12-05","2730.41","10","273.041"
"Middle East","2024-12-05","2796.32","10","279.632"
"North America","2024-12-05","6008.04","25","240.3216"
"Southeast Asia","2024-12-05","7153.32","21","340.6342857142857"
"Europe","2024-12-06","4937.68","17","290.4517647058824"
"Latin America","2024-12-06","2637.17","14","188.36928571428572"
"Middle East","2024-12-06","3342.36","11","303.8509090909091"
"North America","2024-12-06","5503.16","12","458.59666666666664"
"Southeast Asia","2024-12-06","2759.59","14","197.11357142857145"
"Europe","2024-12-07","2446.32","14","174.73714285714286"
"Latin America","2024-12-07","4786.25","18","265.90277777777777"
"Middle East","2024-12-07","2162.6","11","196.6"
"North America","2024-12-07","9848.039999999999","26","378.7707692307692"
"Southeast Asia","2024-12-07","6584.52","19","346.55368421052634"
"Europe","2024-12-08","6999.26","17","411.72117647058826"
"Latin America","2024-12-08","2791.5","12","232.625"
"Middle East","2024-12-08","1551.88","8","193.985"
"North America","2024-12-08","6177.78","25","247.1112"
"Southeast Asia","2024-12-08","6480.27","24","270.01125"
"Europe","2024-12-09","2672.13","15","178.142"
"Latin America","2024-12-09","4285.39","13","329.6453846153846"
"Middle East","2024-12-09","3663.86","10","366.386"
"North America","2024-12-09","8995.98","30","299.866"
"Southeast Asia","2024-12-09","6662.94","21","317.2828571428571"
"Europe","2024-12-10","6950.64","13","534.6646153846154"
"Latin America","2024-12-10","3782.04","9","420.2266666666667"
"Middle East","2024-12-10","2869.2599999999998","8","358.65749999999997"
"North America","2024-12-10","8799.56","24","366.6483333333333"
"Southeast Asia","2024-12-10","3286.18","15","219.07866666666666"
"Europe","2024-12-11","3157.54","9","350.8377777777778"
"Latin America","2024-12-11","2545.53","12","212.12750000000003"
"Middle East","2024-12-11","3964.57","13","304.9669230769231"
"North America","2024-12-11","7165.16","28","255.89857142857142"
"Southeast Asia","2024-12-11","7319.93","24","304.99708333333336"
"Europe","2024-12-12","3935.6","17","231.50588235294117"
"Latin America","2024-12-12","6005.54","15","400.3693333333333"
"Middle East","2024-12-12","2107.67","9","234.18555555555557"
"North America","2024-12-12","7475.61","25","299.0244"
"Southeast Asia","2024-12-12","6985.35","19","367.65000000000003"
"Europe","2024-12-13","2393.14","10","239.314"
"Latin America","2024-12-13","1790.84","13","137.75692307692307"
"Middle East","2024-12-13","3159.18","11","287.1981818181818"
"North America","2024-12-13","1508.45","11","137.13181818181818"
"Southeast Asia","2024-12-13","7213.09","26","277.4265384615385"
"Europe","2024-12-14","2792.04","13","214.7723076923077"
"Latin America","2024-12-14","850.9","7","121.55714285714285"
"Middle East","2024-12-14","5428.51","14","387.7507142857143"
"North America","2024-12-14","4941.69","18","274.5383333333333"
"Southeast Asia","2024-12-14","10340.96","32","323.155"
"Europe","2024-12-15","6631.5599999999995","18","368.41999999999996"
"Latin America","2024-12-15","3009.25","10","300.925"
"Middle East","2024-12-15","4018.59","12","334.8825"
"North America","2024-12-15","9765.39","21","465.0185714285714"
"Southeast Asia","2024-12-15","14985.05","30","499.50166666666667"
"Europe","2024-12-16","3555.63","14","253.97357142857143"
"Latin America","2024-12-16","5770.66","13","443.8969230769231"
"Middle East","2024-12-16","2145.3","14","153.2357142857143"
"North America","2024-12-16","8562.77","23","372.29434782608695"
"Southeast Asia","2024-12-16","7102.38","19","373.80947368421056"
"Europe","2024-12-17","3915.83","16","244.739375"
"Latin America","2024-12-17","2275.93","13","175.07153846153844"
"Middle East","2024-12-17","3769.07","9","418.78555555555556"
"North America","2024-12-17","6543.61","23","284.5047826086956"
"Southeast Asia","2024-12-17","4253.2","13","327.16923076923075"
"Europe","2024-12-18","6312.09","13","485.54538461538465"
"Latin America","2024-12-18","1399.3","12","116.60833333333333"
"Middle East","2024-12-18","5292.12","10","529.212"
"North America","2024-12-18","5622.68","21","267.74666666666667"
"Southeast Asia","2024-12-18","5572.23","22","253.2831818181818"
"Europe","2024-12-19","6056.05","20","302.8025"
"Latin America","2024-12-19","3733.45","13","287.1884615384615"
"Middle East","2024-12-19","2720.09","13","209.23769230769233"
"North America","2024-12-19","6087.21","23","264.6613043478261"
"Southeast Asia","2024-12-19","12354.85","28","441.2446428571429"
"Europe","2024-12-20","2639.7400000000002","10","263.97400000000005"
"Latin America","2024-12-20","2594.48","10","259.448"
"Middle East","2024-12-20","5077.74","11","461.6127272727272"
"North America","2024-12-20","8121.6","28","290.0571428571429"
"Southeast Asia","2024-12-20","7495.37","28","267.6917857142857"
"Europe","2024-12-21","3832.95","13","294.84230769230766"
"Latin America","2024-12-21","3798.15","12","316.5125"
"Middle East","2024-12-21","1917.6200000000001","8","239.70250000000001"
"North America","2024-12-21","4861.8","26","186.9923076923077"
"Southeast Asia","2024-12-21","7162.15","30","238.73833333333332"
"Europe","2024-12-22","3997.3","22","181.69545454545457"
"Latin America","2024-12-22","5063.98","14","361.7128571428571"
"Middle East","2024-12-22","2405.44","9","267.2711111111111"
"North America","2024-12-22","8505.43","35","243.01228571428572"
"Southeast Asia","2024-12-22","8032.34","26","308.93615384615384"
"Europe","2024-12-23","3164.35","13","243.41153846153844"
"Latin America","2024-12-23","6092.68","15","406.1786666666667"
"Middle East","2024-12-23","5387.72","15","359.1813333333333"
"North America","2024-12-23","8888.89","26","341.88038461538457"
"Southeast Asia","2024-12-23","9596.76","34","282.2576470588235"
"Europe","2024-12-24","6650.96","20","332.548"
"Latin America","2024-12-24","4065.17","17","239.12764705882353"
"Middle East","2024-12-24","2564.26","7","366.3228571428572"
"North America","2024-12-24","7597.1","30","253.23666666666668"
"Southeast Asia","2024-12-24","6408.96","22","291.31636363636363"
"Europe","2024-12-25","6411.41","14","457.9578571428571"
"Latin America","2024-12-25","5310.03","14","379.28785714285715"
"Middle East","2024-12-25","2142.52","10","214.252"
"North America","2024-12-25","8614.28","30","287.1426666666667"
"Southeast Asia","2024-12-25","6292.65","24","262.19374999999997"
"Europe","2024-12-26","5472.35","22","248.74318181818182"
"Latin America","2024-12-26","4584.43","12","382.03583333333336"
"Middle East","2024-12-26","3361.39","11","305.5809090909091"
"North America","2024-12-26","6012.97","28","214.7489285714286"
"Southeast Asia","2024-12-26","4573.72","21","217.79619047619047"
"Europe","2024-12-27","4503.2","15","300.2133333333333"
"Latin America","2024-12-27","2755.37","16","172.210625"
"Middle East","2024-12-27","6746.5","10","674.65"
"North America","2024-12-27","11917.92","31","384.4490322580645"
"Southeast Asia","2024-12-27","6598.77","19","347.30368421052634"
"Europe","2024-12-28","5021.4","17","295.3764705882353"
"Latin America","2024-12-28","2518.16","13","193.70461538461538"
"Middle East","2024-12-28","6054.79","23","263.25173913043477"
"North America","2024-12-28","8656.73","23","376.3795652173913"
"Southeast Asia","2024-12-28","12638.7","33","382.9909090909091"
"Europe","2024-12-29","1234.66","5","246.93200000000002"
"Latin America","2024-12-29","1233.03","7","176.14714285714285"
"Middle East","2024-12-29","541.82","4","135.455"
"North America","2024-12-29","2084.07","11","189.4609090909091"
"Southeast Asia","2024-12-29","2695.54","7","385.07714285714286"
"Europe","2024-12-30","2961.36","11","269.2145454545455"
"Latin America","2024-12-30","1451.38","6","241.89666666666668"
"Middle East","2024-12-30","1896.48","4","474.12"
"North America","2024-12-30","3208.23","11","291.65727272727275"
"Southeast Asia","2024-12-30","2417.6800000000003","5","483.53600000000006"
"Europe","2024-12-31","2627.29","6","437.88166666666666"
"Latin America","2024-12-31","2275.1","6","379.18333333333334"
"Middle East","2024-12-31","215.51000000000002","4","53.877500000000005"
"North America","2024-12-31","3672.52","11","333.86545454545455"
"Southeast Asia","2024-12-31","5288","8","661"
