"customer_id","region","total_revenue","customer_rank","cumulative_revenue_percent","customer_percent","customer_group"
"12348","Europe","30360.93","1","0.0087","0.0003","Top 5%"
"11131","Europe","22546.65","2","0.0152","0.0007","Top 5%"
"12723","North America","19561.76","3","0.0209","0.001","Top 5%"
"10995","Europe","19496.63","4","0.0265","0.0013","Top 5%"
"11387","Southeast Asia","18730.1","5","0.0319","0.0017","Top 5%"
"11835","Southeast Asia","18114.42","6","0.0371","0.002","Top 5%"
"11046","Europe","17960.45","7","0.0422","0.0023","Top 5%"
"10837","North America","17822.03","8","0.0474","0.0027","Top 5%"
"12965","Europe","16732.93","9","0.0522","0.003","Top 5%"
"12478","North America","16412.5","10","0.0569","0.0033","Top 5%"
"12978","Southeast Asia","16030.08","11","0.0615","0.0037","Top 5%"
"11493","Southeast Asia","16017.48","12","0.0661","0.004","Top 5%"
"11302","Europe","15695.02","13","0.0707","0.0043","Top 5%"
"12251","Southeast Asia","15367.11","14","0.0751","0.0047","Top 5%"
"12562","Southeast Asia","15108.26","15","0.0794","0.005","Top 5%"
"10548","Europe","14656.32","16","0.0837","0.0053","Top 5%"
"12991","Southeast Asia","14433.89","17","0.0878","0.0057","Top 5%"
"10414","North America","14336.28","18","0.0919","0.006","Top 5%"
"12057","Southeast Asia","14304.93","19","0.0961","0.0063","Top 5%"
"10146","North America","14026.84","20","0.1001","0.0067","Top 5%"
"12295","Southeast Asia","13480.46","21","0.104","0.007","Top 5%"
"11222","Southeast Asia","13239.82","22","0.1078","0.0073","Top 5%"
"12462","North America","13022.92","23","0.1115","0.0077","Top 5%"
"11717","Europe","12799.4","24","0.1152","0.008","Top 5%"
"12590","North America","12609.23","25","0.1188","0.0083","Top 5%"
"12776","North America","12606.4","26","0.1225","0.0087","Top 5%"
"12692","North America","12439.24","27","0.1261","0.009","Top 5%"
"10359","North America","12337.44","28","0.1296","0.0093","Top 5%"
"11497","North America","11674.24","29","0.133","0.0097","Top 5%"
"11637","Latin America","11598.22","30","0.1363","0.01","Top 5%"
"11069","Europe","11410.61","31","0.1396","0.0103","Top 5%"
"12437","Europe","11324.94","32","0.1428","0.0107","Top 5%"
"11464","Europe","11300.52","33","0.1461","0.011","Top 5%"
"12414","Southeast Asia","11212.59","34","0.1493","0.0113","Top 5%"
"11839","Middle East","11164.86","35","0.1525","0.0117","Top 5%"
"10286","North America","11048.66","36","0.1557","0.012","Top 5%"
"11370","Southeast Asia","10959.56","37","0.1589","0.0123","Top 5%"
"10539","Middle East","10615.72","38","0.1619","0.0127","Top 5%"
"12766","Middle East","10599.49","39","0.165","0.013","Top 5%"
"11247","Europe","10544.42","40","0.168","0.0133","Top 5%"
"10220","Southeast Asia","10324.38","41","0.171","0.0137","Top 5%"
"10370","Southeast Asia","10049.36","42","0.1739","0.014","Top 5%"
"11599","Europe","9901.7","43","0.1767","0.0143","Top 5%"
"10291","North America","9336.13","44","0.1794","0.0147","Top 5%"
"12463","North America","9321.84","45","0.1821","0.015","Top 5%"
"10632","North America","9291.29","46","0.1848","0.0153","Top 5%"
"11098","Southeast Asia","8807.54","47","0.1873","0.0157","Top 5%"
"11552","Southeast Asia","8680.02","48","0.1898","0.016","Top 5%"
"10801","Europe","8570.68","49","0.1923","0.0163","Top 5%"
"12940","Southeast Asia","8551.08","50","0.1947","0.0167","Top 5%"
"11909","Southeast Asia","8527.13","51","0.1972","0.017","Top 5%"
"12657","Middle East","8521.31","52","0.1996","0.0173","Top 5%"
"10333","Middle East","8488.21","53","0.2021","0.0177","Top 5%"
"10016","Europe","8382.29","54","0.2045","0.018","Top 5%"
"10741","Southeast Asia","8299.17","55","0.2069","0.0183","Top 5%"
"11954","Latin America","8296.14","56","0.2093","0.0187","Top 5%"
"12701","North America","7997.06","57","0.2116","0.019","Top 5%"
"10179","Southeast Asia","7954.32","58","0.2139","0.0193","Top 5%"
"12707","North America","7936.73","59","0.2162","0.0197","Top 5%"
"12425","Middle East","7666.49","60","0.2184","0.02","Top 5%"
"12646","North America","7435.52","61","0.2205","0.0203","Top 5%"
"11298","Southeast Asia","7389.44","62","0.2226","0.0207","Top 5%"
"10697","Middle East","7291.57","63","0.2247","0.021","Top 5%"
"12629","North America","7233.52","64","0.2268","0.0213","Top 5%"
"10699","Europe","7042.13","65","0.2288","0.0217","Top 5%"
"11468","Southeast Asia","6862.97","66","0.2308","0.022","Top 5%"
"11522","North America","6780.65","67","0.2328","0.0223","Top 5%"
"10442","Europe","6749.55","68","0.2347","0.0227","Top 5%"
"10530","Europe","6704.3099999999995","69","0.2366","0.023","Top 5%"
"10977","Middle East","6696.849999999999","70","0.2386","0.0233","Top 5%"
"12340","Southeast Asia","6595.57","71","0.2405","0.0237","Top 5%"
"10814","Southeast Asia","6535.9400000000005","72","0.2423","0.024","Top 5%"
"12626","Europe","6535.71","73","0.2442","0.0243","Top 5%"
"11024","Middle East","6502.2300000000005","74","0.2461","0.0247","Top 5%"
"12089","Europe","6486.81","75","0.248","0.025","Top 5%"
"10601","North America","6473.6","76","0.2498","0.0253","Top 5%"
"12029","Europe","6446.04","77","0.2517","0.0257","Top 5%"
"11320","Southeast Asia","6375.89","78","0.2535","0.026","Top 5%"
"10946","Southeast Asia","6337.61","79","0.2553","0.0263","Top 5%"
"11756","North America","6322.59","80","0.2572","0.0267","Top 5%"
"11080","Latin America","6250.63","81","0.259","0.027","Top 5%"
"12953","North America","6142.67","82","0.2607","0.0273","Top 5%"
"11997","Europe","6126.65","83","0.2625","0.0277","Top 5%"
"10943","Southeast Asia","6089.05","84","0.2643","0.028","Top 5%"
"11412","North America","5849.21","85","0.2659","0.0283","Top 5%"
"11737","Europe","5696.5199999999995","86","0.2676","0.0287","Top 5%"
"11200","North America","5637.55","87","0.2692","0.029","Top 5%"
"11022","Europe","5585.63","88","0.2708","0.0293","Top 5%"
"10572","Southeast Asia","5581.32","89","0.2724","0.0297","Top 5%"
"11087","Latin America","5569.53","90","0.274","0.03","Top 5%"
"12664","North America","5501.46","91","0.2756","0.0303","Top 5%"
"10067","Europe","5492.36","92","0.2772","0.0307","Top 5%"
"12558","North America","5469.79","93","0.2788","0.031","Top 5%"
"12447","North America","5376.42","94","0.2803","0.0313","Top 5%"
"12018","Latin America","5309.7","95","0.2818","0.0317","Top 5%"
"10206","Southeast Asia","5288.88","96","0.2834","0.032","Top 5%"
"11219","North America","5253.92","97","0.2849","0.0323","Top 5%"
"11300","North America","5224.9400000000005","98","0.2864","0.0327","Top 5%"
"10324","Latin America","5203.87","99","0.2879","0.033","Top 5%"
"11610","Europe","5181.34","100","0.2894","0.0333","Top 5%"
"10658","Latin America","5175.18","101","0.2908","0.0337","Top 5%"
"12681","Europe","5131.09","102","0.2923","0.034","Top 5%"
"10066","North America","5085.04","103","0.2938","0.0343","Top 5%"
"11341","Southeast Asia","5067.5199999999995","104","0.2952","0.0347","Top 5%"
"12916","North America","5058.22","105","0.2967","0.035","Top 5%"
"10509","Latin America","5033.36","106","0.2982","0.0353","Top 5%"
"11999","North America","4988.01","107","0.2996","0.0357","Top 5%"
"11121","Southeast Asia","4909.11","108","0.301","0.036","Top 5%"
"12400","North America","4759.83","109","0.3024","0.0363","Top 5%"
"10398","Europe","4759.69","110","0.3037","0.0367","Top 5%"
"12134","Southeast Asia","4757.93","111","0.3051","0.037","Top 5%"
"12731","North America","4750.2","112","0.3065","0.0373","Top 5%"
"12015","Southeast Asia","4729.75","113","0.3078","0.0377","Top 5%"
"12306","Southeast Asia","4514.65","114","0.3091","0.038","Top 5%"
"11160","North America","4495.59","115","0.3104","0.0383","Top 5%"
"11279","North America","4492.860000000001","116","0.3117","0.0387","Top 5%"
"10748","Europe","4479.71","117","0.313","0.039","Top 5%"
"11015","Europe","4455.16","118","0.3143","0.0393","Top 5%"
"11037","Europe","4377.51","119","0.3156","0.0397","Top 5%"
"11770","Middle East","4345.8","120","0.3168","0.04","Top 5%"
"11321","Europe","4331.42","121","0.3181","0.0403","Top 5%"
"10587","Latin America","4304.84","122","0.3193","0.0407","Top 5%"
"12939","Latin America","4274.0599999999995","123","0.3205","0.041","Top 5%"
"11494","Europe","4267.83","124","0.3218","0.0413","Top 5%"
"10001","Middle East","4219.33","125","0.323","0.0417","Top 5%"
"11933","Southeast Asia","4161.07","126","0.3242","0.042","Top 5%"
"10888","Middle East","4150.47","127","0.3254","0.0423","Top 5%"
"11119","Latin America","4139.3099999999995","128","0.3266","0.0427","Top 5%"
"11353","North America","4078.42","129","0.3277","0.043","Top 5%"
"12975","Europe","4058.7200000000003","130","0.3289","0.0433","Top 5%"
"12656","Latin America","4036.01","131","0.3301","0.0437","Top 5%"
"11192","Europe","4028.48","132","0.3312","0.044","Top 5%"
"11020","North America","3970.54","133","0.3324","0.0443","Top 5%"
"11000","North America","3897.13","134","0.3335","0.0447","Top 5%"
"11926","Latin America","3869.89","135","0.3346","0.045","Top 5%"
"10056","Latin America","3856.03","136","0.3357","0.0453","Top 5%"
"10816","Latin America","3853.7799999999997","137","0.3368","0.0457","Top 5%"
"11143","Southeast Asia","3834.11","138","0.3379","0.046","Top 5%"
"11803","Europe","3812.21","139","0.339","0.0463","Top 5%"
"11411","Europe","3796.21","140","0.3401","0.0467","Top 5%"
"12929","North America","3775.81","141","0.3412","0.047","Top 5%"
"11115","Europe","3766.1","142","0.3423","0.0473","Top 5%"
"10406","Southeast Asia","3721.55","143","0.3434","0.0477","Top 5%"
"10604","Europe","3678.69","144","0.3444","0.048","Top 5%"
"12381","North America","3676.01","145","0.3455","0.0483","Top 5%"
"12144","Southeast Asia","3658.4700000000003","146","0.3465","0.0487","Top 5%"
"10164","Europe","3658.23","147","0.3476","0.049","Top 5%"
"10607","Europe","3628.71","148","0.3486","0.0493","Top 5%"
"12749","Middle East","3587.02","149","0.3497","0.0497","Top 5%"
"11580","Europe","3518.66","150","0.3507","0.05","Top 5%"
"12060","Southeast Asia","3475.0600000000004","151","0.3517","0.0503","Other"
"11587","North America","3467.71","152","0.3527","0.0507","Other"
"11501","Europe","3452.5","153","0.3537","0.051","Other"
"12086","North America","3439.5","154","0.3546","0.0513","Other"
"11674","North America","3434.38","155","0.3556","0.0517","Other"
"12449","Middle East","3429.04","156","0.3566","0.052","Other"
"12782","Latin America","3414.54","157","0.3576","0.0523","Other"
"12265","North America","3388.17","158","0.3586","0.0527","Other"
"10654","North America","3372.64","159","0.3596","0.053","Other"
"10168","Europe","3306.91","160","0.3605","0.0533","Other"
"12785","Europe","3304.02","161","0.3615","0.0537","Other"
"12913","Europe","3293.43","162","0.3624","0.054","Other"
"12925","North America","3272.31","163","0.3633","0.0543","Other"
"10689","North America","3270.7200000000003","164","0.3643","0.0547","Other"
"11132","Europe","3267.98","165","0.3652","0.055","Other"
"12836","Southeast Asia","3255.04","166","0.3662","0.0553","Other"
"10055","Latin America","3252.8999999999996","167","0.3671","0.0557","Other"
"11392","North America","3251.6","168","0.368","0.056","Other"
"12687","Southeast Asia","3249.9","169","0.369","0.0563","Other"
"12097","Europe","3237.16","170","0.3699","0.0567","Other"
"12889","North America","3232.96","171","0.3708","0.057","Other"
"10350","Middle East","3205.02","172","0.3718","0.0573","Other"
"11962","North America","3196.7000000000003","173","0.3727","0.0577","Other"
"11176","North America","3195.61","174","0.3736","0.058","Other"
"11201","Europe","3162.48","175","0.3745","0.0583","Other"
"11296","Latin America","3137.26","176","0.3754","0.0587","Other"
"10525","Europe","3136.5099999999998","177","0.3763","0.059","Other"
"10131","Europe","3123.7200000000003","178","0.3772","0.0593","Other"
"11987","Europe","3066.52","179","0.3781","0.0597","Other"
"11848","North America","3057.54","180","0.379","0.06","Other"
"11228","Europe","3032.52","181","0.3798","0.0603","Other"
"10868","Europe","3032.02","182","0.3807","0.0607","Other"
"10180","Southeast Asia","3026.48","183","0.3816","0.061","Other"
"10660","Europe","3018.71","184","0.3825","0.0613","Other"
"10820","North America","2998.71","185","0.3833","0.0617","Other"
"12871","Europe","2987.13","186","0.3842","0.062","Other"
"12328","North America","2983.36","187","0.385","0.0623","Other"
"12654","North America","2979.71","188","0.3859","0.0627","Other"
"11075","North America","2971.83","189","0.3868","0.063","Other"
"12158","Southeast Asia","2962.44","190","0.3876","0.0633","Other"
"10681","Latin America","2943.4","191","0.3885","0.0637","Other"
"12999","North America","2923.38","192","0.3893","0.064","Other"
"11977","Southeast Asia","2918.27","193","0.3901","0.0643","Other"
"11290","Southeast Asia","2916.2","194","0.391","0.0647","Other"
"12245","Latin America","2913.17","195","0.3918","0.065","Other"
"10582","Europe","2912.73","196","0.3927","0.0653","Other"
"11156","North America","2900.55","197","0.3935","0.0657","Other"
"10156","North America","2894.9300000000003","198","0.3943","0.066","Other"
"10158","Europe","2880.88","199","0.3952","0.0663","Other"
"11175","Europe","2880.72","200","0.396","0.0667","Other"
"11622","North America","2880.66","201","0.3968","0.067","Other"
"11163","Europe","2869.6099999999997","202","0.3976","0.0673","Other"
"10209","Latin America","2867.46","203","0.3985","0.0677","Other"
"10353","North America","2861.9900000000002","204","0.3993","0.068","Other"
"12457","Europe","2852.44","205","0.4001","0.0683","Other"
"12085","Southeast Asia","2829.87","206","0.4009","0.0687","Other"
"10974","Latin America","2826.48","207","0.4017","0.069","Other"
"12893","Latin America","2817.17","208","0.4025","0.0693","Other"
"12231","Europe","2815.02","209","0.4034","0.0697","Other"
"10547","North America","2810.6800000000003","210","0.4042","0.07","Other"
"11852","North America","2787.54","211","0.405","0.0703","Other"
"11581","Middle East","2787.51","212","0.4058","0.0707","Other"
"10742","North America","2782.2400000000002","213","0.4066","0.071","Other"
"12568","North America","2779.4","214","0.4074","0.0713","Other"
"11011","North America","2756.54","215","0.4082","0.0717","Other"
"11733","Southeast Asia","2730.31","216","0.4089","0.072","Other"
"11352","Middle East","2726.24","217","0.4097","0.0723","Other"
"10409","Southeast Asia","2724.29","218","0.4105","0.0727","Other"
"10136","Southeast Asia","2723.12","219","0.4113","0.073","Other"
"12356","Middle East","2711.11","220","0.4121","0.0733","Other"
"12401","Latin America","2710.75","221","0.4129","0.0737","Other"
"11278","Europe","2689.12","222","0.4136","0.074","Other"
"12547","Middle East","2678.2200000000003","223","0.4144","0.0743","Other"
"11799","Southeast Asia","2671.27","224","0.4152","0.0747","Other"
"10643","Southeast Asia","2669.54","225","0.4159","0.075","Other"
"12024","North America","2666.73","226","0.4167","0.0753","Other"
"12958","Europe","2662.88","227","0.4175","0.0757","Other"
"12277","Europe","2661.6","228","0.4182","0.076","Other"
"10347","Latin America","2660.29","229","0.419","0.0763","Other"
"11106","North America","2649.18","230","0.4198","0.0767","Other"
"11213","North America","2648.1","231","0.4205","0.077","Other"
"11483","Europe","2622.64","232","0.4213","0.0773","Other"
"10834","Europe","2612.77","233","0.422","0.0777","Other"
"12857","North America","2612.24","234","0.4228","0.078","Other"
"10606","North America","2595","235","0.4235","0.0783","Other"
"10610","Middle East","2590.53","236","0.4243","0.0787","Other"
"12039","North America","2584.7000000000003","237","0.425","0.079","Other"
"10157","Europe","2579.92","238","0.4258","0.0793","Other"
"11198","Europe","2572.59","239","0.4265","0.0797","Other"
"12811","North America","2559.92","240","0.4273","0.08","Other"
"12333","Southeast Asia","2555.52","241","0.428","0.0803","Other"
"11294","Latin America","2553.86","242","0.4287","0.0807","Other"
"10141","Southeast Asia","2553.46","243","0.4295","0.081","Other"
"12030","North America","2546.83","244","0.4302","0.0813","Other"
"10680","Latin America","2542.6299999999997","245","0.4309","0.0817","Other"
"10279","North America","2542.42","246","0.4317","0.082","Other"
"10764","Europe","2531.61","247","0.4324","0.0823","Other"
"11831","North America","2525.33","248","0.4331","0.0827","Other"
"12043","Latin America","2522.56","249","0.4338","0.083","Other"
"10880","Latin America","2521.58","250","0.4346","0.0833","Other"
"11696","Latin America","2514.96","251","0.4353","0.0837","Other"
"12061","Latin America","2511.23","252","0.436","0.084","Other"
"10185","Europe","2509.23","253","0.4367","0.0843","Other"
"12237","Europe","2505.8599999999997","254","0.4375","0.0847","Other"
"10723","North America","2490.47","255","0.4382","0.085","Other"
"11673","Europe","2486.04","256","0.4389","0.0853","Other"
"11381","North America","2483.5","257","0.4396","0.0857","Other"
"10584","Latin America","2480.7400000000002","258","0.4403","0.086","Other"
"11809","North America","2476.15","259","0.441","0.0863","Other"
"11324","Europe","2458.4700000000003","260","0.4417","0.0867","Other"
"12698","North America","2454.71","261","0.4424","0.087","Other"
"11112","Middle East","2448.44","262","0.4431","0.0873","Other"
"10794","Europe","2448.4100000000003","263","0.4438","0.0877","Other"
"12428","North America","2443.44","264","0.4446","0.088","Other"
"11931","North America","2437.19","265","0.4453","0.0883","Other"
"11634","Latin America","2432.48","266","0.446","0.0887","Other"
"12187","Latin America","2428.96","267","0.4467","0.089","Other"
"10956","Southeast Asia","2427.31","268","0.4474","0.0893","Other"
"10671","Europe","2423.89","269","0.4481","0.0897","Other"
"12640","Europe","2411.44","270","0.4487","0.09","Other"
"12468","Latin America","2409.32","271","0.4494","0.0903","Other"
"11438","Middle East","2408.2599999999998","272","0.4501","0.0907","Other"
"10326","Europe","2403.92","273","0.4508","0.091","Other"
"12250","Middle East","2398.55","274","0.4515","0.0913","Other"
"10229","Europe","2395.63","275","0.4522","0.0917","Other"
"10674","North America","2392.59","276","0.4529","0.092","Other"
"12115","Europe","2391.23","277","0.4536","0.0923","Other"
"11368","North America","2379.12","278","0.4543","0.0927","Other"
"11986","North America","2378.64","279","0.4549","0.093","Other"
"10088","Europe","2374.48","280","0.4556","0.0933","Other"
"12539","Middle East","2359.7200000000003","281","0.4563","0.0937","Other"
"10188","Southeast Asia","2356.44","282","0.457","0.094","Other"
"10019","Europe","2351.7799999999997","283","0.4577","0.0943","Other"
"11815","North America","2343.9900000000002","284","0.4583","0.0947","Other"
"11626","Southeast Asia","2336.94","285","0.459","0.095","Other"
"12096","Middle East","2336.66","286","0.4597","0.0953","Other"
"12297","Europe","2334.58","287","0.4604","0.0957","Other"
"11073","Middle East","2331.5099999999998","288","0.461","0.096","Other"
"12307","Latin America","2329.96","289","0.4617","0.0963","Other"
"12578","North America","2322.27","290","0.4624","0.0967","Other"
"12826","Europe","2316.81","291","0.463","0.097","Other"
"12289","Southeast Asia","2315.88","292","0.4637","0.0973","Other"
"12529","Southeast Asia","2313.13","293","0.4644","0.0977","Other"
"12355","Latin America","2307.7","294","0.465","0.098","Other"
"12174","Europe","2306.23","295","0.4657","0.0983","Other"
"11419","North America","2291.28","296","0.4664","0.0987","Other"
"12606","Latin America","2289.68","297","0.467","0.099","Other"
"11525","Europe","2279.81","298","0.4677","0.0993","Other"
"12972","Latin America","2279.42","299","0.4683","0.0997","Other"
"10862","Latin America","2273.27","300","0.469","0.1","Other"
"12693","North America","2272.63","301","0.4696","0.1003","Other"
"12145","Europe","2269.93","302","0.4703","0.1007","Other"
"12588","North America","2266.94","303","0.4709","0.101","Other"
"10337","Southeast Asia","2265.0099999999998","304","0.4716","0.1013","Other"
"12487","Latin America","2251.54","305","0.4722","0.1017","Other"
"12022","Europe","2249.2599999999998","306","0.4729","0.102","Other"
"10933","North America","2248.35","307","0.4735","0.1023","Other"
"12809","Latin America","2237.67","308","0.4742","0.1027","Other"
"12392","Middle East","2233.63","309","0.4748","0.103","Other"
"10952","Southeast Asia","2230.9","310","0.4755","0.1033","Other"
"12185","Europe","2225.5299999999997","311","0.4761","0.1037","Other"
"10121","Latin America","2222.32","312","0.4767","0.104","Other"
"10578","Southeast Asia","2212.7999999999997","313","0.4774","0.1043","Other"
"11877","Europe","2209.48","314","0.478","0.1047","Other"
"12862","Latin America","2208.9500000000003","315","0.4787","0.105","Other"
"12091","Southeast Asia","2196.47","316","0.4793","0.1053","Other"
"10331","Europe","2191.03","317","0.4799","0.1057","Other"
"11242","North America","2186.73","318","0.4805","0.106","Other"
"10210","Middle East","2184.54","319","0.4812","0.1063","Other"
"12932","Latin America","2183.04","320","0.4818","0.1067","Other"
"11792","North America","2181.4","321","0.4824","0.107","Other"
"11714","North America","2172.38","322","0.4831","0.1073","Other"
"10955","Europe","2171.24","323","0.4837","0.1077","Other"
"11331","Europe","2160.15","324","0.4843","0.108","Other"
"11603","Europe","2160.05","325","0.4849","0.1083","Other"
"10165","Southeast Asia","2154.11","326","0.4855","0.1087","Other"
"12466","North America","2153.11","327","0.4862","0.109","Other"
"12973","Europe","2152.84","328","0.4868","0.1093","Other"
"11358","Europe","2151.1","329","0.4874","0.1097","Other"
"12229","Southeast Asia","2149.11","330","0.488","0.11","Other"
"11394","Middle East","2143.26","331","0.4886","0.1103","Other"
"12430","Europe","2136.87","332","0.4893","0.1107","Other"
"12021","North America","2126.15","333","0.4899","0.111","Other"
"12318","North America","2125.56","334","0.4905","0.1113","Other"
"12454","Europe","2124.04","335","0.4911","0.1117","Other"
"12517","North America","2118.2","336","0.4917","0.112","Other"
"11991","Europe","2106.93","337","0.4923","0.1123","Other"
"11345","Europe","2105.42","338","0.4929","0.1127","Other"
"10710","Europe","2097.92","339","0.4935","0.113","Other"
"12092","Southeast Asia","2096.18","340","0.4941","0.1133","Other"
"12998","Europe","2092.83","341","0.4947","0.1137","Other"
"11174","Europe","2089.43","342","0.4953","0.114","Other"
"11555","Europe","2088.78","343","0.4959","0.1143","Other"
"12832","Southeast Asia","2085.54","344","0.4965","0.1147","Other"
"10806","North America","2085.35","345","0.4971","0.115","Other"
"12434","North America","2081.63","346","0.4977","0.1153","Other"
"12503","North America","2079.1800000000003","347","0.4983","0.1157","Other"
"12168","Southeast Asia","2075.14","348","0.4989","0.116","Other"
"11890","Latin America","2075.02","349","0.4995","0.1163","Other"
"10335","North America","2074.1","350","0.5001","0.1167","Other"
"10475","North America","2061.09","351","0.5007","0.117","Other"
"11166","Middle East","2060.23","352","0.5013","0.1173","Other"
"12151","North America","2058.87","353","0.5019","0.1177","Other"
"11561","North America","2049.59","354","0.5025","0.118","Other"
"11542","Europe","2041.69","355","0.5031","0.1183","Other"
"11220","North America","2040.2","356","0.5037","0.1187","Other"
"11414","North America","2040.1399999999999","357","0.5042","0.119","Other"
"12429","Latin America","2036.61","358","0.5048","0.1193","Other"
"11940","Europe","2036.3999999999999","359","0.5054","0.1197","Other"
"10020","Southeast Asia","2033.9","360","0.506","0.12","Other"
"11953","Middle East","2030.6","361","0.5066","0.1203","Other"
"10100","North America","2028.61","362","0.5072","0.1207","Other"
"12109","Europe","2028.1","363","0.5078","0.121","Other"
"10385","Middle East","2027.75","364","0.5083","0.1213","Other"
"11401","Middle East","2025.9299999999998","365","0.5089","0.1217","Other"
"10294","Latin America","2022.51","366","0.5095","0.122","Other"
"10171","Latin America","2012.73","367","0.5101","0.1223","Other"
"10893","Southeast Asia","2010.1000000000001","368","0.5107","0.1227","Other"
"11788","Latin America","2009.71","369","0.5112","0.123","Other"
"11457","Middle East","2007.99","370","0.5118","0.1233","Other"
"10334","North America","2000.84","371","0.5124","0.1237","Other"
"11197","North America","2000.15","372","0.513","0.124","Other"
"11546","Middle East","1999.74","373","0.5135","0.1243","Other"
"11188","Europe","1999.52","374","0.5141","0.1247","Other"
"10455","North America","1998.36","375","0.5147","0.125","Other"
"12170","North America","1993.4","376","0.5153","0.1253","Other"
"10346","Latin America","1986.36","377","0.5158","0.1257","Other"
"12721","North America","1983.74","378","0.5164","0.126","Other"
"10047","Europe","1981.6499999999999","379","0.517","0.1263","Other"
"11095","Latin America","1978.34","380","0.5176","0.1267","Other"
"12729","North America","1977.6200000000001","381","0.5181","0.127","Other"
"10684","Europe","1975.1000000000001","382","0.5187","0.1273","Other"
"12732","Latin America","1972.94","383","0.5193","0.1277","Other"
"11257","North America","1971.3","384","0.5198","0.128","Other"
"11864","Latin America","1961.26","385","0.5204","0.1283","Other"
"10961","Europe","1959.1899999999998","386","0.521","0.1287","Other"
"11284","North America","1958.97","387","0.5215","0.129","Other"
"10835","Latin America","1957.95","388","0.5221","0.1293","Other"
"11074","Europe","1952.6299999999999","389","0.5226","0.1297","Other"
"11854","Latin America","1946.99","390","0.5232","0.13","Other"
"12861","Latin America","1946.36","391","0.5238","0.1303","Other"
"10492","North America","1938.75","392","0.5243","0.1307","Other"
"11841","Middle East","1937.51","393","0.5249","0.131","Other"
"10811","Latin America","1935.77","394","0.5254","0.1313","Other"
"10448","North America","1935.37","395","0.526","0.1317","Other"
"11036","Southeast Asia","1930.22","396","0.5266","0.132","Other"
"10199","Europe","1929.3899999999999","397","0.5271","0.1323","Other"
"10145","Latin America","1924.8","398","0.5277","0.1327","Other"
"11269","Europe","1923.64","399","0.5282","0.133","Other"
"12345","North America","1914.85","400","0.5288","0.1333","Other"
"11190","Middle East","1914.34","401","0.5293","0.1337","Other"
"10640","Europe","1913.59","402","0.5299","0.134","Other"
"12748","Middle East","1913.22","403","0.5304","0.1343","Other"
"10668","North America","1907.93","404","0.531","0.1347","Other"
"11648","Southeast Asia","1907.45","405","0.5315","0.135","Other"
"12962","North America","1905.3600000000001","406","0.5321","0.1353","Other"
"11014","Europe","1903.6299999999999","407","0.5326","0.1357","Other"
"11723","Latin America","1903.04","408","0.5332","0.136","Other"
"11593","North America","1900.54","409","0.5337","0.1363","Other"
"12561","Middle East","1899.1799999999998","410","0.5343","0.1367","Other"
"11564","North America","1895.65","411","0.5348","0.137","Other"
"11150","Europe","1895.3","412","0.5353","0.1373","Other"
"10348","Europe","1890.69","413","0.5359","0.1377","Other"
"11340","North America","1888.39","414","0.5364","0.138","Other"
"12002","Latin America","1887.7700000000002","415","0.537","0.1383","Other"
"10613","Middle East","1886.02","416","0.5375","0.1387","Other"
"12436","North America","1880.24","417","0.5381","0.139","Other"
"11454","Southeast Asia","1877.39","418","0.5386","0.1393","Other"
"11873","Southeast Asia","1875.29","419","0.5391","0.1397","Other"
"12511","Middle East","1875.07","420","0.5397","0.14","Other"
"11195","Middle East","1872.79","421","0.5402","0.1403","Other"
"12037","Middle East","1871.89","422","0.5408","0.1407","Other"
"12581","Southeast Asia","1865.74","423","0.5413","0.141","Other"
"11418","North America","1861.24","424","0.5418","0.1413","Other"
"10462","Europe","1859.43","425","0.5424","0.1417","Other"
"10106","Europe","1854.5700000000002","426","0.5429","0.142","Other"
"12309","Southeast Asia","1854.0900000000001","427","0.5434","0.1423","Other"
"12253","North America","1853.87","428","0.544","0.1427","Other"
"11291","Southeast Asia","1848.49","429","0.5445","0.143","Other"
"11774","Europe","1842.53","430","0.545","0.1433","Other"
"12046","Europe","1842.26","431","0.5456","0.1437","Other"
"12344","North America","1842.13","432","0.5461","0.144","Other"
"10302","Europe","1841.94","433","0.5466","0.1443","Other"
"11390","North America","1841.85","434","0.5472","0.1447","Other"
"10240","North America","1836.03","435","0.5477","0.145","Other"
"12287","Southeast Asia","1832.06","436","0.5482","0.1453","Other"
"12833","North America","1826.8799999999999","437","0.5487","0.1457","Other"
"12556","Europe","1825.64","438","0.5493","0.146","Other"
"10804","Southeast Asia","1822.45","439","0.5498","0.1463","Other"
"10060","North America","1822.3600000000001","440","0.5503","0.1467","Other"
"12852","Latin America","1822.05","441","0.5508","0.147","Other"
"12943","North America","1821.77","442","0.5514","0.1473","Other"
"11342","Southeast Asia","1816.0800000000002","443","0.5519","0.1477","Other"
"10038","Middle East","1809.68","444","0.5524","0.148","Other"
"10818","North America","1808.27","445","0.5529","0.1483","Other"
"11939","Latin America","1807.39","446","0.5534","0.1487","Other"
"10069","Europe","1806.3799999999999","447","0.554","0.149","Other"
"11043","Europe","1805.6","448","0.5545","0.1493","Other"
"11906","Middle East","1803","449","0.555","0.1497","Other"
"11503","Europe","1800.53","450","0.5555","0.15","Other"
"11396","Latin America","1798.42","451","0.556","0.1503","Other"
"11907","Europe","1795.47","452","0.5566","0.1507","Other"
"11504","Europe","1793.99","453","0.5571","0.151","Other"
"12769","North America","1793.84","454","0.5576","0.1513","Other"
"11691","Middle East","1789.6799999999998","455","0.5581","0.1517","Other"
"12783","North America","1786.79","456","0.5586","0.152","Other"
"11889","North America","1781.35","457","0.5591","0.1523","Other"
"10013","Southeast Asia","1779.94","458","0.5596","0.1527","Other"
"11829","Latin America","1777.55","459","0.5602","0.153","Other"
"12225","Europe","1777.32","460","0.5607","0.1533","Other"
"10562","Middle East","1764.1","461","0.5612","0.1537","Other"
"10436","Europe","1763.5600000000002","462","0.5617","0.154","Other"
"10930","Southeast Asia","1763.1399999999999","463","0.5622","0.1543","Other"
"12267","Middle East","1761.4099999999999","464","0.5627","0.1547","Other"
"11720","North America","1760.6499999999999","465","0.5632","0.155","Other"
"10119","Latin America","1759.0800000000002","466","0.5637","0.1553","Other"
"11462","North America","1758.58","467","0.5642","0.1557","Other"
"12891","Europe","1757.1","468","0.5647","0.156","Other"
"12633","Latin America","1756.54","469","0.5652","0.1563","Other"
"12230","Southeast Asia","1755.89","470","0.5657","0.1567","Other"
"11469","Latin America","1752.71","471","0.5662","0.157","Other"
"10522","Southeast Asia","1752.44","472","0.5667","0.1573","Other"
"10081","Latin America","1750.65","473","0.5672","0.1577","Other"
"10354","North America","1748.75","474","0.5677","0.158","Other"
"12316","North America","1745.06","475","0.5683","0.1583","Other"
"10151","Middle East","1744.04","476","0.5688","0.1587","Other"
"12396","Latin America","1741.49","477","0.5693","0.159","Other"
"11655","North America","1741.41","478","0.5698","0.1593","Other"
"12950","North America","1740.95","479","0.5703","0.1597","Other"
"11097","Latin America","1734.97","480","0.5708","0.16","Other"
"11050","North America","1733.29","481","0.5713","0.1603","Other"
"12106","North America","1732.8600000000001","482","0.5718","0.1607","Other"
"11914","Middle East","1728.75","483","0.5723","0.161","Other"
"10991","Middle East","1727.98","484","0.5727","0.1613","Other"
"12222","Latin America","1720.72","485","0.5732","0.1617","Other"
"12438","Southeast Asia","1719.41","486","0.5737","0.162","Other"
"12129","Southeast Asia","1719.35","487","0.5742","0.1623","Other"
"12790","Latin America","1717.96","488","0.5747","0.1627","Other"
"12262","Southeast Asia","1715.17","489","0.5752","0.163","Other"
"11102","North America","1713.68","490","0.5757","0.1633","Other"
"11716","Latin America","1713.26","491","0.5762","0.1637","Other"
"10719","Latin America","1711.78","492","0.5767","0.164","Other"
"12384","Latin America","1709.45","493","0.5772","0.1643","Other"
"10224","Southeast Asia","1698.56","494","0.5777","0.1647","Other"
"11893","Europe","1697.5","495","0.5782","0.165","Other"
"12582","Middle East","1692.39","496","0.5787","0.1653","Other"
"12593","Southeast Asia","1691.27","497","0.5791","0.1657","Other"
"11998","Southeast Asia","1689.81","498","0.5796","0.166","Other"
"12017","North America","1689.33","499","0.5801","0.1663","Other"
"12740","Southeast Asia","1689.32","500","0.5806","0.1667","Other"
"11722","North America","1686.95","501","0.5811","0.167","Other"
"10092","Middle East","1686.62","502","0.5816","0.1673","Other"
"12914","North America","1685.46","503","0.5821","0.1677","Other"
"10187","Latin America","1685.33","504","0.5825","0.168","Other"
"11158","Europe","1684.8899999999999","505","0.583","0.1683","Other"
"10996","Southeast Asia","1682.71","506","0.5835","0.1687","Other"
"12911","Europe","1680.9099999999999","507","0.584","0.169","Other"
"12569","North America","1677.93","508","0.5845","0.1693","Other"
"10980","Middle East","1675.7","509","0.585","0.1697","Other"
"12423","Southeast Asia","1671.2199999999998","510","0.5854","0.17","Other"
"10258","Southeast Asia","1670.8","511","0.5859","0.1703","Other"
"10265","Southeast Asia","1664.82","512","0.5864","0.1707","Other"
"10928","Southeast Asia","1662.06","513","0.5869","0.171","Other"
"11583","Europe","1660.74","514","0.5874","0.1713","Other"
"10137","North America","1660.24","515","0.5878","0.1717","Other"
"12750","North America","1659.71","516","0.5883","0.172","Other"
"12827","North America","1658.97","517","0.5888","0.1723","Other"
"10734","Latin America","1655.46","518","0.5893","0.1727","Other"
"11027","Europe","1652.1299999999999","519","0.5897","0.173","Other"
"11062","Europe","1650.48","520","0.5902","0.1733","Other"
"11261","Latin America","1646.52","521","0.5907","0.1737","Other"
"10234","North America","1644.14","522","0.5912","0.174","Other"
"11550","Europe","1643.94","523","0.5916","0.1743","Other"
"11651","North America","1643.54","524","0.5921","0.1747","Other"
"10404","Europe","1643.28","525","0.5926","0.175","Other"
"11575","Latin America","1643.09","526","0.5931","0.1753","Other"
"10642","North America","1642.05","527","0.5935","0.1757","Other"
"12671","Middle East","1641.22","528","0.594","0.176","Other"
"11951","Middle East","1640.18","529","0.5945","0.1763","Other"
"12737","Southeast Asia","1635.59","530","0.5949","0.1767","Other"
"11407","Middle East","1634.7","531","0.5954","0.177","Other"
"11276","North America","1634.52","532","0.5959","0.1773","Other"
"10841","Southeast Asia","1633.41","533","0.5964","0.1777","Other"
"11898","Middle East","1632.27","534","0.5968","0.178","Other"
"12986","North America","1632.2","535","0.5973","0.1783","Other"
"12380","Middle East","1631.54","536","0.5978","0.1787","Other"
"10011","North America","1631.53","537","0.5982","0.179","Other"
"12831","Southeast Asia","1630.5600000000002","538","0.5987","0.1793","Other"
"11708","North America","1628.44","539","0.5992","0.1797","Other"
"12379","Europe","1627.85","540","0.5996","0.18","Other"
"11003","Europe","1625.1","541","0.6001","0.1803","Other"
"11511","Middle East","1624.51","542","0.6006","0.1807","Other"
"10889","Latin America","1623.68","543","0.601","0.181","Other"
"10501","North America","1623.48","544","0.6015","0.1813","Other"
"11171","North America","1622.45","545","0.602","0.1817","Other"
"12706","Latin America","1622.07","546","0.6025","0.182","Other"
"10906","Middle East","1618.32","547","0.6029","0.1823","Other"
"11980","North America","1616.64","548","0.6034","0.1827","Other"
"10707","Middle East","1616.32","549","0.6038","0.183","Other"
"11894","Europe","1607.6499999999999","550","0.6043","0.1833","Other"
"11268","Southeast Asia","1606.1399999999999","551","0.6048","0.1837","Other"
"12966","Europe","1603.75","552","0.6052","0.184","Other"
"12201","Latin America","1601.79","553","0.6057","0.1843","Other"
"11148","Middle East","1598.14","554","0.6062","0.1847","Other"
"10776","Latin America","1593.69","555","0.6066","0.185","Other"
"11573","Southeast Asia","1583.48","556","0.6071","0.1853","Other"
"10537","North America","1582.95","557","0.6075","0.1857","Other"
"10503","Southeast Asia","1581.8700000000001","558","0.608","0.186","Other"
"11875","North America","1581.56","559","0.6084","0.1863","Other"
"10819","North America","1579.05","560","0.6089","0.1867","Other"
"11642","North America","1577.84","561","0.6093","0.187","Other"
"11338","Middle East","1576.75","562","0.6098","0.1873","Other"
"12408","North America","1576.27","563","0.6103","0.1877","Other"
"10550","North America","1575.42","564","0.6107","0.188","Other"
"12548","Middle East","1572.9399999999998","565","0.6112","0.1883","Other"
"10746","Southeast Asia","1572.52","566","0.6116","0.1887","Other"
"11783","Europe","1571.95","567","0.6121","0.189","Other"
"12354","North America","1570.69","568","0.6125","0.1893","Other"
"11853","Europe","1570.64","569","0.613","0.1897","Other"
"10289","Latin America","1567.46","570","0.6134","0.19","Other"
"12458","North America","1561.9","571","0.6139","0.1903","Other"
"11189","Europe","1555.3","572","0.6143","0.1907","Other"
"12885","Europe","1554.8799999999999","573","0.6148","0.191","Other"
"10758","North America","1553.83","574","0.6152","0.1913","Other"
"12759","North America","1552.96","575","0.6157","0.1917","Other"
"10626","Southeast Asia","1551.41","576","0.6161","0.192","Other"
"12709","Latin America","1548.5700000000002","577","0.6165","0.1923","Other"
"10788","Latin America","1543.98","578","0.617","0.1927","Other"
"12598","North America","1542.14","579","0.6174","0.193","Other"
"12483","North America","1541.87","580","0.6179","0.1933","Other"
"12163","North America","1541.57","581","0.6183","0.1937","Other"
"12439","Southeast Asia","1537.47","582","0.6188","0.194","Other"
"11016","Southeast Asia","1537.31","583","0.6192","0.1943","Other"
"11441","Europe","1533.96","584","0.6197","0.1947","Other"
"12394","North America","1529.44","585","0.6201","0.195","Other"
"10082","Southeast Asia","1528.5800000000002","586","0.6205","0.1953","Other"
"11602","North America","1528.5700000000002","587","0.621","0.1957","Other"
"11804","North America","1526.78","588","0.6214","0.196","Other"
"12575","Southeast Asia","1526.26","589","0.6219","0.1963","Other"
"12611","Middle East","1522.9","590","0.6223","0.1967","Other"
"11089","North America","1521.79","591","0.6227","0.197","Other"
"12565","Europe","1520.94","592","0.6232","0.1973","Other"
"11574","Europe","1519.72","593","0.6236","0.1977","Other"
"11842","Latin America","1519.36","594","0.624","0.198","Other"
"10850","Europe","1518.9","595","0.6245","0.1983","Other"
"10712","Europe","1518.86","596","0.6249","0.1987","Other"
"10380","Southeast Asia","1518.6399999999999","597","0.6254","0.199","Other"
"11592","North America","1518.3400000000001","598","0.6258","0.1993","Other"
"12249","Europe","1518.03","599","0.6262","0.1997","Other"
"11769","Europe","1516.35","600","0.6267","0.2","Other"
"12786","Europe","1515.1699999999998","601","0.6271","0.2003","Other"
"11404","Southeast Asia","1514.86","602","0.6275","0.2007","Other"
"11927","Middle East","1512.44","603","0.628","0.201","Other"
"12543","Southeast Asia","1505.99","604","0.6284","0.2013","Other"
"12074","North America","1505.6399999999999","605","0.6288","0.2017","Other"
"12735","Middle East","1502.3200000000002","606","0.6293","0.202","Other"
"12924","North America","1501.21","607","0.6297","0.2023","Other"
"10111","North America","1500.6100000000001","608","0.6301","0.2027","Other"
"12133","North America","1499.7","609","0.6306","0.203","Other"
"10772","Europe","1498.45","610","0.631","0.2033","Other"
"10824","Europe","1494.72","611","0.6314","0.2037","Other"
"10856","North America","1493.3700000000001","612","0.6319","0.204","Other"
"10762","Middle East","1493.25","613","0.6323","0.2043","Other"
"11339","Southeast Asia","1493.14","614","0.6327","0.2047","Other"
"11633","Southeast Asia","1493.06","615","0.6331","0.205","Other"
"12150","Southeast Asia","1492.0500000000002","616","0.6336","0.2053","Other"
"11760","North America","1489.29","617","0.634","0.2057","Other"
"11649","Latin America","1488.05","618","0.6344","0.206","Other"
"11850","Latin America","1484.26","619","0.6349","0.2063","Other"
"12538","North America","1481.77","620","0.6353","0.2067","Other"
"10357","Southeast Asia","1481.05","621","0.6357","0.207","Other"
"10230","North America","1479.52","622","0.6361","0.2073","Other"
"11063","Middle East","1479.44","623","0.6366","0.2077","Other"
"11920","Latin America","1475.85","624","0.637","0.208","Other"
"10316","Southeast Asia","1473.46","625","0.6374","0.2083","Other"
"12756","Southeast Asia","1469.97","626","0.6378","0.2087","Other"
"11509","Southeast Asia","1469.86","627","0.6383","0.209","Other"
"10182","Southeast Asia","1467.34","628","0.6387","0.2093","Other"
"10833","North America","1467.29","629","0.6391","0.2097","Other"
"11767","North America","1464.72","630","0.6395","0.21","Other"
"12451","North America","1463.4299999999998","631","0.6399","0.2103","Other"
"11323","North America","1462.6","632","0.6404","0.2107","Other"
"10656","Southeast Asia","1458.6299999999999","633","0.6408","0.211","Other"
"11570","North America","1455.36","634","0.6412","0.2113","Other"
"10259","Europe","1453.51","635","0.6416","0.2117","Other"
"11701","Middle East","1451.5","636","0.642","0.212","Other"
"11514","North America","1451.31","637","0.6425","0.2123","Other"
"10467","Europe","1451.16","638","0.6429","0.2127","Other"
"12419","North America","1450.92","639","0.6433","0.213","Other"
"10551","Latin America","1450.71","640","0.6437","0.2133","Other"
"11303","Southeast Asia","1449.32","641","0.6441","0.2137","Other"
"10871","Southeast Asia","1448.21","642","0.6445","0.214","Other"
"11869","Southeast Asia","1444.9299999999998","643","0.645","0.2143","Other"
"11773","Europe","1444.23","644","0.6454","0.2147","Other"
"12587","Southeast Asia","1443.7299999999998","645","0.6458","0.215","Other"
"12668","Middle East","1441.2","646","0.6462","0.2153","Other"
"11956","North America","1440.98","647","0.6466","0.2157","Other"
"12946","Europe","1439.58","648","0.647","0.216","Other"
"11959","Europe","1437.42","649","0.6475","0.2163","Other"
"10059","Southeast Asia","1434.8799999999999","650","0.6479","0.2167","Other"
"11794","Middle East","1428.57","651","0.6483","0.217","Other"
"12171","Europe","1426.92","652","0.6487","0.2173","Other"
"12506","North America","1424.52","653","0.6491","0.2177","Other"
"12849","Southeast Asia","1424.1100000000001","654","0.6495","0.218","Other"
"11682","Europe","1419.92","655","0.6499","0.2183","Other"
"11661","Europe","1418.75","656","0.6503","0.2187","Other"
"10159","Europe","1418.23","657","0.6507","0.219","Other"
"12272","Latin America","1416.47","658","0.6511","0.2193","Other"
"11365","Europe","1413.96","659","0.6515","0.2197","Other"
"10769","Middle East","1412.47","660","0.652","0.22","Other"
"11372","Europe","1411.19","661","0.6524","0.2203","Other"
"10695","Southeast Asia","1410.74","662","0.6528","0.2207","Other"
"10966","North America","1410.1100000000001","663","0.6532","0.221","Other"
"12546","North America","1409.01","664","0.6536","0.2213","Other"
"12835","North America","1406.9","665","0.654","0.2217","Other"
"10417","Europe","1406.3","666","0.6544","0.222","Other"
"11408","Europe","1406.17","667","0.6548","0.2223","Other"
"11994","North America","1405.92","668","0.6552","0.2227","Other"
"12641","North America","1405.46","669","0.6556","0.223","Other"
"12906","North America","1404.29","670","0.656","0.2233","Other"
"11863","Southeast Asia","1401.4","671","0.6564","0.2237","Other"
"11652","Middle East","1399.0900000000001","672","0.6568","0.224","Other"
"11582","North America","1397.23","673","0.6572","0.2243","Other"
"10957","North America","1394.53","674","0.6576","0.2247","Other"
"11199","Europe","1393.8700000000001","675","0.658","0.225","Other"
"12714","Middle East","1390.21","676","0.6584","0.2253","Other"
"11620","North America","1387.49","677","0.6588","0.2257","Other"
"11091","Europe","1383.87","678","0.6592","0.226","Other"
"12059","Europe","1382.3799999999999","679","0.6596","0.2263","Other"
"10968","North America","1380.32","680","0.66","0.2267","Other"
"10546","North America","1379.93","681","0.6604","0.227","Other"
"10388","North America","1378.54","682","0.6608","0.2273","Other"
"11140","Latin America","1377.21","683","0.6612","0.2277","Other"
"11484","North America","1375.92","684","0.6616","0.228","Other"
"11178","Latin America","1373.85","685","0.662","0.2283","Other"
"10120","Middle East","1372.22","686","0.6624","0.2287","Other"
"11371","North America","1369.77","687","0.6628","0.229","Other"
"10826","North America","1369.2","688","0.6632","0.2293","Other"
"12040","North America","1367.88","689","0.6636","0.2297","Other"
"11448","Europe","1364.8899999999999","690","0.664","0.23","Other"
"12944","Southeast Asia","1363.78","691","0.6644","0.2303","Other"
"12051","North America","1363.29","692","0.6647","0.2307","Other"
"10620","Latin America","1362.04","693","0.6651","0.231","Other"
"10860","Europe","1361.92","694","0.6655","0.2313","Other"
"11735","North America","1359.2","695","0.6659","0.2317","Other"
"11061","Europe","1359.02","696","0.6663","0.232","Other"
"11640","Europe","1358.42","697","0.6667","0.2323","Other"
"12271","Europe","1358.31","698","0.6671","0.2327","Other"
"11110","Latin America","1357.91","699","0.6675","0.233","Other"
"12028","Middle East","1356.36","700","0.6679","0.2333","Other"
"12744","Southeast Asia","1355.86","701","0.6683","0.2337","Other"
"10939","Europe","1354.44","702","0.6687","0.234","Other"
"10253","Europe","1354.43","703","0.669","0.2343","Other"
"10662","North America","1353.94","704","0.6694","0.2347","Other"
"12586","Europe","1353.59","705","0.6698","0.235","Other"
"12818","Europe","1353.23","706","0.6702","0.2353","Other"
"10339","North America","1351.51","707","0.6706","0.2357","Other"
"11672","North America","1350.32","708","0.671","0.236","Other"
"10112","North America","1349.03","709","0.6714","0.2363","Other"
"10969","Europe","1347.06","710","0.6718","0.2367","Other"
"12147","North America","1344.3600000000001","711","0.6722","0.237","Other"
"10520","North America","1344.25","712","0.6725","0.2373","Other"
"12161","North America","1343.47","713","0.6729","0.2377","Other"
"10649","Southeast Asia","1340.46","714","0.6733","0.238","Other"
"10214","North America","1340.26","715","0.6737","0.2383","Other"
"12926","Southeast Asia","1339.1100000000001","716","0.6741","0.2387","Other"
"10403","Europe","1338.31","717","0.6745","0.239","Other"
"11697","North America","1336.98","718","0.6749","0.2393","Other"
"10238","North America","1336.89","719","0.6752","0.2397","Other"
"11047","Southeast Asia","1336.59","720","0.6756","0.24","Other"
"10340","Europe","1335","721","0.676","0.2403","Other"
"10393","North America","1334.99","722","0.6764","0.2407","Other"
"12534","North America","1334.65","723","0.6772","0.241","Other"
"12661","Latin America","1334.65","723","0.6772","0.241","Other"
"12383","North America","1332.85","725","0.6775","0.2417","Other"
"11990","North America","1332.47","726","0.6779","0.242","Other"
"11827","Southeast Asia","1330.81","727","0.6783","0.2423","Other"
"11253","Southeast Asia","1330.67","728","0.6787","0.2427","Other"
"10355","Southeast Asia","1328.02","729","0.6791","0.243","Other"
"11883","Latin America","1326","730","0.6795","0.2433","Other"
"12530","Middle East","1325.62","731","0.6798","0.2437","Other"
"10130","Europe","1324.45","732","0.6802","0.244","Other"
"11677","Europe","1323.52","733","0.6806","0.2443","Other"
"12550","Europe","1322.24","734","0.681","0.2447","Other"
"11882","Southeast Asia","1321.82","735","0.6814","0.245","Other"
"10097","Southeast Asia","1317.55","736","0.6817","0.2453","Other"
"11317","Southeast Asia","1316.88","737","0.6821","0.2457","Other"
"12240","North America","1316.69","738","0.6825","0.246","Other"
"12762","Southeast Asia","1315.89","739","0.6829","0.2463","Other"
"11700","Europe","1314.1599999999999","740","0.6833","0.2467","Other"
"10125","Europe","1313.54","741","0.6836","0.247","Other"
"10147","Latin America","1312.54","742","0.684","0.2473","Other"
"12520","Middle East","1311.49","743","0.6844","0.2477","Other"
"10641","North America","1309.49","744","0.6848","0.248","Other"
"10497","North America","1308.03","745","0.6851","0.2483","Other"
"11275","Southeast Asia","1305.5900000000001","746","0.6855","0.2487","Other"
"10310","North America","1304.28","747","0.6859","0.249","Other"
"10555","North America","1303.91","748","0.6863","0.2493","Other"
"11878","Southeast Asia","1301.5900000000001","749","0.6866","0.2497","Other"
"12907","Southeast Asia","1300.35","750","0.687","0.25","Other"
"10757","Europe","1299.82","751","0.6874","0.2503","Other"
"11578","Middle East","1298.5900000000001","752","0.6878","0.2507","Other"
"10282","Latin America","1297.93","753","0.6881","0.251","Other"
"10661","Europe","1297.92","754","0.6885","0.2513","Other"
"11334","Latin America","1294.07","755","0.6889","0.2517","Other"
"10369","Southeast Asia","1292.95","756","0.6893","0.252","Other"
"11571","Latin America","1291.85","757","0.6896","0.2523","Other"
"10297","North America","1291.57","758","0.69","0.2527","Other"
"11548","Latin America","1291.22","759","0.6904","0.253","Other"
"11785","Southeast Asia","1290.49","760","0.6908","0.2533","Other"
"12027","Middle East","1290.27","761","0.6911","0.2537","Other"
"12887","Latin America","1288.33","762","0.6915","0.254","Other"
"11491","Latin America","1288.21","763","0.6919","0.2543","Other"
"12667","Middle East","1285.37","764","0.6922","0.2547","Other"
"10670","Latin America","1284.2","765","0.6926","0.255","Other"
"11330","North America","1282.21","766","0.693","0.2553","Other"
"12535","Middle East","1281.43","767","0.6933","0.2557","Other"
"11856","North America","1280.9","768","0.6937","0.256","Other"
"11270","Europe","1280.3799999999999","769","0.6941","0.2563","Other"
"12949","Southeast Asia","1279.08","770","0.6944","0.2567","Other"
"12294","Middle East","1278.3799999999999","771","0.6948","0.257","Other"
"10022","Southeast Asia","1277.41","772","0.6952","0.2573","Other"
"12644","Europe","1276.91","773","0.6955","0.2577","Other"
"12959","Europe","1275.01","774","0.6959","0.258","Other"
"10099","Middle East","1273.64","775","0.6963","0.2583","Other"
"11978","Latin America","1272.02","776","0.6966","0.2587","Other"
"12154","Middle East","1270.8","777","0.697","0.259","Other"
"10177","Europe","1270.57","778","0.6974","0.2593","Other"
"11955","North America","1269.5900000000001","779","0.6977","0.2597","Other"
"11520","Middle East","1269.55","780","0.6981","0.26","Other"
"10391","North America","1268.69","781","0.6985","0.2603","Other"
"12828","Latin America","1264.8400000000001","782","0.6988","0.2607","Other"
"10306","North America","1264.51","783","0.6992","0.261","Other"
"11771","North America","1261.28","784","0.6996","0.2613","Other"
"11399","Europe","1261.15","785","0.6999","0.2617","Other"
"10154","Middle East","1258.71","786","0.7003","0.262","Other"
"11289","Europe","1256.73","787","0.7007","0.2623","Other"
"12820","Latin America","1255.53","788","0.701","0.2627","Other"
"10470","Middle East","1255.01","789","0.7014","0.263","Other"
"10715","North America","1250.6299999999999","790","0.7017","0.2633","Other"
"11656","North America","1249.86","791","0.7021","0.2637","Other"
"11252","Europe","1246.77","792","0.7025","0.264","Other"
"10312","Europe","1246.62","793","0.7028","0.2643","Other"
"10618","North America","1244.57","794","0.7032","0.2647","Other"
"10244","North America","1244.16","795","0.7035","0.265","Other"
"12494","Europe","1244.06","796","0.7039","0.2653","Other"
"12203","Middle East","1243.85","797","0.7042","0.2657","Other"
"11436","Southeast Asia","1241.1299999999999","798","0.7046","0.266","Other"
"10796","Europe","1239.49","799","0.705","0.2663","Other"
"10505","Southeast Asia","1238.23","800","0.7053","0.2667","Other"
"12166","North America","1237.59","801","0.7057","0.267","Other"
"11613","North America","1235.71","802","0.706","0.2673","Other"
"10483","Europe","1232","803","0.7064","0.2677","Other"
"12193","Europe","1229.6499999999999","804","0.7067","0.268","Other"
"12614","Southeast Asia","1229.19","805","0.7071","0.2683","Other"
"12360","North America","1227.82","806","0.7074","0.2687","Other"
"11258","North America","1227.72","807","0.7078","0.269","Other"
"12997","North America","1226.17","808","0.7082","0.2693","Other"
"10768","North America","1226.03","809","0.7085","0.2697","Other"
"11667","North America","1226","810","0.7089","0.27","Other"
"12304","Europe","1225.21","811","0.7092","0.2703","Other"
"12542","Latin America","1224.89","812","0.7096","0.2707","Other"
"12223","Latin America","1224.76","813","0.7099","0.271","Other"
"12713","North America","1223.6100000000001","814","0.7103","0.2713","Other"
"11524","Southeast Asia","1223.45","815","0.7106","0.2717","Other"
"11064","Southeast Asia","1221.6499999999999","816","0.711","0.272","Other"
"11459","North America","1221.36","817","0.7113","0.2723","Other"
"11389","Southeast Asia","1220.1","818","0.7117","0.2727","Other"
"11670","Southeast Asia","1215.6200000000001","819","0.712","0.273","Other"
"11764","North America","1214.32","820","0.7124","0.2733","Other"
"10797","Southeast Asia","1213.68","821","0.7127","0.2737","Other"
"10233","Europe","1212.74","822","0.7131","0.274","Other"
"11565","North America","1211","823","0.7134","0.2743","Other"
"11449","Latin America","1210.93","824","0.7138","0.2747","Other"
"10538","Middle East","1210.15","825","0.7141","0.275","Other"
"11006","Europe","1209.55","826","0.7145","0.2753","Other"
"10777","North America","1205.36","827","0.7148","0.2757","Other"
"12683","Middle East","1202.99","828","0.7152","0.276","Other"
"12331","Middle East","1201.37","829","0.7155","0.2763","Other"
"11556","Europe","1200.04","830","0.7159","0.2767","Other"
"12514","North America","1199.74","831","0.7162","0.277","Other"
"10124","Europe","1199.7","832","0.7165","0.2773","Other"
"12149","Southeast Asia","1199.42","833","0.7169","0.2777","Other"
"11598","Latin America","1198.31","834","0.7172","0.278","Other"
"10609","North America","1196.06","835","0.7176","0.2783","Other"
"12083","North America","1195.35","836","0.7179","0.2787","Other"
"12864","Middle East","1192.7099999999998","837","0.7183","0.279","Other"
"10827","North America","1192.55","838","0.7186","0.2793","Other"
"11205","North America","1188.59","839","0.7189","0.2797","Other"
"12845","Europe","1187.2","840","0.7193","0.28","Other"
"10144","North America","1185.67","841","0.7196","0.2803","Other"
"12573","North America","1185.49","842","0.72","0.2807","Other"
"11533","Southeast Asia","1185.37","843","0.7203","0.281","Other"
"11067","Southeast Asia","1184.38","844","0.7207","0.2813","Other"
"12382","North America","1184.13","845","0.721","0.2817","Other"
"10128","Latin America","1183.71","846","0.7213","0.282","Other"
"10149","North America","1182.92","847","0.7217","0.2823","Other"
"11805","Europe","1182.52","848","0.722","0.2827","Other"
"12303","North America","1181.41","849","0.7224","0.283","Other"
"12339","Europe","1180.86","850","0.7227","0.2833","Other"
"11181","Middle East","1180.47","851","0.723","0.2837","Other"
"10167","North America","1180.31","852","0.7234","0.284","Other"
"12433","North America","1179.67","853","0.7237","0.2843","Other"
"12207","North America","1179.22","854","0.7241","0.2847","Other"
"11721","North America","1177","855","0.7244","0.285","Other"
"11896","Europe","1176.72","856","0.7247","0.2853","Other"
"10589","Latin America","1173.05","857","0.7251","0.2857","Other"
"11210","Europe","1172.53","858","0.7254","0.286","Other"
"11023","North America","1171.1299999999999","859","0.7257","0.2863","Other"
"11849","Southeast Asia","1168.97","860","0.7261","0.2867","Other"
"10737","Europe","1165.56","861","0.7264","0.287","Other"
"10802","Latin America","1164.62","862","0.7268","0.2873","Other"
"10897","Middle East","1157.42","863","0.7271","0.2877","Other"
"10949","Europe","1156.0700000000002","864","0.7274","0.288","Other"
"11684","Europe","1155.72","865","0.7278","0.2883","Other"
"10173","Europe","1151.73","866","0.7281","0.2887","Other"
"11138","Europe","1150.95","867","0.7284","0.289","Other"
"10838","North America","1150.47","868","0.7287","0.2893","Other"
"10631","North America","1150.22","869","0.7291","0.2897","Other"
"12682","Europe","1149.69","870","0.7294","0.29","Other"
"10830","Southeast Asia","1148.8899999999999","871","0.7301","0.2903","Other"
"10981","Latin America","1148.8899999999999","871","0.7301","0.2903","Other"
"11103","Latin America","1147.99","873","0.7304","0.291","Other"
"10246","North America","1146.44","874","0.7307","0.2913","Other"
"12620","North America","1145.66","875","0.7311","0.2917","Other"
"11748","Europe","1144.18","876","0.7314","0.292","Other"
"12909","Europe","1143.46","877","0.7317","0.2923","Other"
"11707","Europe","1141.6","878","0.732","0.2927","Other"
"11307","North America","1139.87","879","0.7324","0.293","Other"
"10235","North America","1139.6","880","0.7327","0.2933","Other"
"12956","Southeast Asia","1139.53","881","0.733","0.2937","Other"
"11567","Middle East","1139.33","882","0.7334","0.294","Other"
"11028","Europe","1137.55","883","0.7337","0.2943","Other"
"12941","Latin America","1137.27","884","0.734","0.2947","Other"
"10881","Latin America","1132.3600000000001","885","0.7343","0.295","Other"
"11422","Southeast Asia","1129.64","886","0.7347","0.2953","Other"
"12839","Europe","1126.32","887","0.735","0.2957","Other"
"10922","Europe","1126.2","888","0.7353","0.296","Other"
"10625","Latin America","1125.23","889","0.7356","0.2963","Other"
"10688","Middle East","1124.83","890","0.736","0.2967","Other"
"12964","North America","1121.53","891","0.7363","0.297","Other"
"12979","Southeast Asia","1121.06","892","0.7366","0.2973","Other"
"11703","Middle East","1120.97","893","0.7369","0.2977","Other"
"11639","North America","1120.2","894","0.7373","0.298","Other"
"10454","Europe","1119.92","895","0.7376","0.2983","Other"
"10929","Middle East","1119.24","896","0.7379","0.2987","Other"
"12522","North America","1117.37","897","0.7382","0.299","Other"
"10568","Southeast Asia","1117.29","898","0.7385","0.2993","Other"
"10152","North America","1117.09","899","0.7389","0.2997","Other"
"11215","Latin America","1117.08","900","0.7392","0.3","Other"
"10657","Middle East","1114.67","901","0.7395","0.3003","Other"
"11283","Europe","1113.74","902","0.7398","0.3007","Other"
"11127","Southeast Asia","1113.3999999999999","903","0.7401","0.301","Other"
"11379","Southeast Asia","1113.33","904","0.7405","0.3013","Other"
"12718","North America","1112.29","905","0.7408","0.3017","Other"
"10536","Southeast Asia","1111.42","906","0.7411","0.302","Other"
"10268","Latin America","1110.86","907","0.7414","0.3023","Other"
"10091","Latin America","1110.14","908","0.7417","0.3027","Other"
"12013","Southeast Asia","1109.23","909","0.7421","0.303","Other"
"10593","Middle East","1106.42","910","0.7424","0.3033","Other"
"10243","North America","1106.1","911","0.7427","0.3037","Other"
"10123","Europe","1104.85","912","0.743","0.304","Other"
"12635","Europe","1103.79","913","0.7433","0.3043","Other"
"12600","Europe","1103.71","914","0.7437","0.3047","Other"
"12800","Middle East","1103.57","915","0.744","0.305","Other"
"11913","Europe","1102.68","916","0.7443","0.3053","Other"
"12137","Southeast Asia","1102.52","917","0.7446","0.3057","Other"
"11157","Latin America","1102.36","918","0.7449","0.306","Other"
"12422","North America","1101.8","919","0.7452","0.3063","Other"
"10616","Southeast Asia","1100.26","920","0.7456","0.3067","Other"
"12049","Southeast Asia","1099.8799999999999","921","0.7459","0.307","Other"
"11784","Latin America","1099.79","922","0.7462","0.3073","Other"
"12525","Southeast Asia","1096.79","923","0.7465","0.3077","Other"
"11088","North America","1095.99","924","0.7468","0.308","Other"
"10624","Europe","1095.25","925","0.7471","0.3083","Other"
"11936","North America","1093.48","926","0.7475","0.3087","Other"
"12366","Latin America","1093.31","927","0.7478","0.309","Other"
"12469","North America","1091.5","928","0.7481","0.3093","Other"
"10476","Europe","1090.05","929","0.7484","0.3097","Other"
"10925","Southeast Asia","1088.8","930","0.7487","0.31","Other"
"10315","Europe","1088.55","931","0.749","0.3103","Other"
"11616","North America","1086.59","932","0.7493","0.3107","Other"
"12234","Europe","1086.54","933","0.7496","0.311","Other"
"12058","Europe","1086.53","934","0.75","0.3113","Other"
"10569","North America","1085.3","935","0.7503","0.3117","Other"
"11943","North America","1084.33","936","0.7506","0.312","Other"
"10296","Europe","1083.0900000000001","937","0.7509","0.3123","Other"
"12982","North America","1082.21","938","0.7512","0.3127","Other"
"11090","North America","1081.06","939","0.7515","0.313","Other"
"10330","North America","1080.75","940","0.7518","0.3133","Other"
"12696","Europe","1080.27","941","0.7521","0.3137","Other"
"12160","North America","1080.05","942","0.7525","0.314","Other"
"10571","North America","1079.8","943","0.7528","0.3143","Other"
"10033","Middle East","1079.51","944","0.7531","0.3147","Other"
"11614","Southeast Asia","1079.18","945","0.7534","0.315","Other"
"10869","Europe","1078.96","946","0.7537","0.3153","Other"
"12320","North America","1078.1","947","0.754","0.3157","Other"
"12618","North America","1076.96","948","0.7543","0.316","Other"
"12540","Europe","1076.32","949","0.7546","0.3163","Other"
"10236","North America","1075.8","950","0.7549","0.3167","Other"
"11631","Middle East","1075.25","951","0.7552","0.317","Other"
"10308","Europe","1074.59","952","0.7556","0.3173","Other"
"10446","Southeast Asia","1074.1799999999998","953","0.7559","0.3177","Other"
"10852","Europe","1073.56","954","0.7562","0.318","Other"
"11312","Europe","1073.26","955","0.7565","0.3183","Other"
"11144","Latin America","1072.96","956","0.7568","0.3187","Other"
"10728","North America","1070.62","957","0.7571","0.319","Other"
"11489","North America","1068.1599999999999","958","0.7574","0.3193","Other"
"10386","North America","1068.1299999999999","959","0.7577","0.3197","Other"
"12665","Europe","1067.49","960","0.758","0.32","Other"
"10458","Europe","1066.98","961","0.7583","0.3203","Other"
"11590","North America","1066.91","962","0.7586","0.3207","Other"
"12315","North America","1066.08","963","0.7589","0.321","Other"
"12813","North America","1065.92","964","0.7592","0.3213","Other"
"10701","Latin America","1065.1200000000001","965","0.7596","0.3217","Other"
"11235","Southeast Asia","1062.3799999999999","966","0.7599","0.322","Other"
"10219","North America","1061.27","967","0.7602","0.3223","Other"
"10261","North America","1060.3899999999999","968","0.7605","0.3227","Other"
"10967","Europe","1059.05","969","0.7608","0.323","Other"
"11607","Middle East","1058.96","970","0.7611","0.3233","Other"
"10021","Europe","1058.47","971","0.7614","0.3237","Other"
"10535","North America","1058.02","972","0.7617","0.324","Other"
"11706","Middle East","1057.73","973","0.762","0.3243","Other"
"10010","North America","1056.52","974","0.7623","0.3247","Other"
"12291","Europe","1055.03","975","0.7626","0.325","Other"
"10009","Europe","1054.8700000000001","976","0.7629","0.3253","Other"
"10085","Europe","1054.46","977","0.7632","0.3257","Other"
"11618","North America","1054.23","978","0.7635","0.326","Other"
"11821","Europe","1053.07","979","0.7638","0.3263","Other"
"11120","Europe","1052.37","980","0.7641","0.3267","Other"
"12359","Middle East","1051.88","981","0.7644","0.327","Other"
"12290","Southeast Asia","1051.77","982","0.7647","0.3273","Other"
"10840","North America","1048.74","983","0.765","0.3277","Other"
"10424","Southeast Asia","1047.24","984","0.7653","0.328","Other"
"11376","Europe","1046.12","985","0.7656","0.3283","Other"
"10405","Middle East","1043.8600000000001","986","0.7659","0.3287","Other"
"11851","Southeast Asia","1043.47","987","0.7662","0.329","Other"
"10031","North America","1043.17","988","0.7665","0.3293","Other"
"12733","North America","1041.4099999999999","989","0.7668","0.3297","Other"
"11702","Europe","1041.23","990","0.7671","0.33","Other"
"11382","Europe","1039.6","991","0.7674","0.3303","Other"
"10913","Latin America","1038.33","992","0.7677","0.3307","Other"
"10931","Europe","1037.39","993","0.768","0.331","Other"
"12855","Middle East","1036.16","994","0.7683","0.3313","Other"
"11584","Europe","1035.69","995","0.7686","0.3317","Other"
"10507","Europe","1035.5","996","0.7689","0.332","Other"
"11295","North America","1035.4099999999999","997","0.7692","0.3323","Other"
"12513","Latin America","1034.46","998","0.7695","0.3327","Other"
"10594","Latin America","1031.36","999","0.7698","0.333","Other"
"12896","North America","1031","1000","0.7701","0.3333","Other"
"10191","North America","1029.51","1001","0.7704","0.3337","Other"
"10132","North America","1028.99","1002","0.7707","0.334","Other"
"12362","Europe","1027.07","1003","0.771","0.3343","Other"
"12518","Southeast Asia","1026.57","1004","0.7713","0.3347","Other"
"12854","Southeast Asia","1025.99","1005","0.7716","0.335","Other"
"10422","Southeast Asia","1025.31","1006","0.7719","0.3353","Other"
"12260","North America","1025.05","1007","0.7722","0.3357","Other"
"11543","North America","1024.3","1008","0.7725","0.336","Other"
"12724","North America","1021.71","1009","0.7728","0.3363","Other"
"11510","North America","1021.5600000000001","1010","0.7731","0.3367","Other"
"10437","Southeast Asia","1021","1011","0.7734","0.337","Other"
"12157","Europe","1019.89","1012","0.7736","0.3373","Other"
"10281","Europe","1019.7099999999999","1013","0.7739","0.3377","Other"
"11161","North America","1019.43","1014","0.7742","0.338","Other"
"12132","Middle East","1016.83","1015","0.7745","0.3383","Other"
"11820","Latin America","1015.99","1016","0.7748","0.3387","Other"
"12603","Latin America","1015.08","1017","0.7751","0.339","Other"
"10698","North America","1013.74","1018","0.7754","0.3393","Other"
"10683","Europe","1013.66","1019","0.7757","0.3397","Other"
"12472","North America","1012.3","1020","0.776","0.34","Other"
"10937","Southeast Asia","1009.79","1021","0.7763","0.3403","Other"
"12098","Latin America","1009.34","1022","0.7766","0.3407","Other"
"10345","Latin America","1008.8299999999999","1023","0.7769","0.341","Other"
"12386","Europe","1007.79","1024","0.7772","0.3413","Other"
"10402","Middle East","1005.95","1025","0.7774","0.3417","Other"
"12807","North America","1004.91","1026","0.7777","0.342","Other"
"12403","Latin America","1004.6700000000001","1027","0.778","0.3423","Other"
"12369","Middle East","1003.38","1028","0.7783","0.3427","Other"
"12497","North America","1001.87","1029","0.7786","0.343","Other"
"10965","Southeast Asia","1000.04","1030","0.7789","0.3433","Other"
"11305","Southeast Asia","999.71","1031","0.7792","0.3437","Other"
"12305","Middle East","999.39","1032","0.7795","0.344","Other"
"10390","North America","998.19","1033","0.7797","0.3443","Other"
"12450","North America","998.13","1034","0.78","0.3447","Other"
"11487","Europe","997.22","1035","0.7803","0.345","Other"
"10118","Europe","996.91","1036","0.7806","0.3453","Other"
"10886","North America","995.9100000000001","1037","0.7809","0.3457","Other"
"12216","Latin America","994.62","1038","0.7812","0.346","Other"
"11248","North America","994.51","1039","0.7815","0.3463","Other"
"12599","North America","994.01","1040","0.7818","0.3467","Other"
"12605","Europe","993.9100000000001","1041","0.782","0.347","Other"
"12004","North America","993.47","1042","0.7823","0.3473","Other"
"10491","Europe","992.5600000000001","1043","0.7826","0.3477","Other"
"10024","North America","991.12","1044","0.7829","0.348","Other"
"10215","Latin America","990.31","1045","0.7832","0.3483","Other"
"10266","Europe","988.58","1046","0.7835","0.3487","Other"
"11139","Southeast Asia","988.33","1047","0.7838","0.349","Other"
"12638","Southeast Asia","988.2","1048","0.784","0.3493","Other"
"11904","Europe","987.47","1049","0.7843","0.3497","Other"
"11135","Europe","986.33","1050","0.7846","0.35","Other"
"10197","Latin America","984.77","1051","0.7849","0.3503","Other"
"11862","Europe","984.28","1052","0.7852","0.3507","Other"
"11071","Europe","983.82","1053","0.7855","0.351","Other"
"12177","Southeast Asia","983.04","1054","0.7857","0.3513","Other"
"11870","Latin America","982.73","1055","0.786","0.3517","Other"
"12372","Southeast Asia","982.3199999999999","1056","0.7863","0.352","Other"
"11233","North America","982.12","1057","0.7866","0.3523","Other"
"11495","Europe","980.7","1058","0.7869","0.3527","Other"
"12453","Europe","980.63","1059","0.7871","0.353","Other"
"11486","Europe","978.47","1060","0.7874","0.3533","Other"
"12948","Europe","977.55","1061","0.7877","0.3537","Other"
"12865","Southeast Asia","977.49","1062","0.788","0.354","Other"
"11141","North America","973.15","1063","0.7883","0.3543","Other"
"10252","Southeast Asia","972.1800000000001","1064","0.7886","0.3547","Other"
"12615","Europe","971.58","1065","0.7888","0.355","Other"
"10321","Southeast Asia","971.06","1066","0.7891","0.3553","Other"
"10135","Latin America","970.47","1067","0.7894","0.3557","Other"
"10914","Middle East","970.23","1068","0.7897","0.356","Other"
"10581","Europe","969.94","1069","0.79","0.3563","Other"
"10256","Europe","969.35","1070","0.7902","0.3567","Other"
"10002","North America","969.3499999999999","1071","0.7905","0.357","Other"
"11876","Middle East","968.9000000000001","1072","0.7908","0.3573","Other"
"11554","Southeast Asia","968.72","1073","0.7911","0.3577","Other"
"11972","Europe","968.4100000000001","1074","0.7913","0.358","Other"
"11897","Latin America","968.23","1075","0.7916","0.3583","Other"
"11249","Southeast Asia","967.35","1076","0.7919","0.3587","Other"
"11888","Southeast Asia","966.94","1077","0.7922","0.359","Other"
"10222","Southeast Asia","962.57","1078","0.7925","0.3593","Other"
"11595","Europe","962.04","1079","0.7927","0.3597","Other"
"11256","Europe","961.52","1080","0.793","0.36","Other"
"12233","Europe","961.16","1081","0.7933","0.3603","Other"
"11589","Europe","959.46","1082","0.7936","0.3607","Other"
"12899","Europe","959.4000000000001","1083","0.7938","0.361","Other"
"12566","Southeast Asia","959.29","1084","0.7941","0.3613","Other"
"11903","North America","958.28","1085","0.7944","0.3617","Other"
"12490","Europe","956.16","1086","0.7947","0.362","Other"
"11743","Europe","955.78","1087","0.7949","0.3623","Other"
"11051","Europe","954.6","1088","0.7952","0.3627","Other"
"10644","North America","954.59","1089","0.7955","0.363","Other"
"10556","Europe","953.5","1090","0.7958","0.3633","Other"
"12476","Europe","953.2","1091","0.796","0.3637","Other"
"12784","Southeast Asia","950.9200000000001","1092","0.7963","0.364","Other"
"12180","North America","950.3299999999999","1093","0.7966","0.3643","Other"
"11917","North America","950.01","1094","0.7969","0.3647","Other"
"11572","Latin America","949.4499999999999","1095","0.7971","0.365","Other"
"11983","North America","947.86","1096","0.7974","0.3653","Other"
"12795","Europe","947.4300000000001","1097","0.7977","0.3657","Other"
"11429","Europe","946.38","1098","0.798","0.366","Other"
"10277","Europe","946.34","1099","0.7982","0.3663","Other"
"11206","Middle East","945.35","1100","0.7985","0.3667","Other"
"12567","Europe","944.91","1101","0.7988","0.367","Other"
"10751","Southeast Asia","944.87","1102","0.799","0.3673","Other"
"12719","Middle East","944.7","1103","0.7993","0.3677","Other"
"12920","Europe","943.81","1104","0.7996","0.368","Other"
"12326","North America","943.7099999999999","1105","0.7999","0.3683","Other"
"12742","Europe","941.84","1106","0.8001","0.3687","Other"
"10831","Europe","939.21","1107","0.8004","0.369","Other"
"10623","Europe","939.15","1108","0.8007","0.3693","Other"
"12876","Europe","939.13","1109","0.8009","0.3697","Other"
"11153","Middle East","938.58","1110","0.8012","0.37","Other"
"12128","Europe","938.28","1111","0.8015","0.3703","Other"
"11523","Southeast Asia","937.87","1112","0.8017","0.3707","Other"
"12607","Latin America","937.2","1113","0.802","0.371","Other"
"10916","Latin America","936.0999999999999","1114","0.8023","0.3713","Other"
"10890","Southeast Asia","934.67","1115","0.8026","0.3717","Other"
"12994","North America","932.82","1116","0.8028","0.372","Other"
"10716","Europe","930.37","1117","0.8031","0.3723","Other"
"11259","Southeast Asia","929.26","1118","0.8034","0.3727","Other"
"10126","Middle East","928.32","1119","0.8036","0.373","Other"
"10529","Southeast Asia","928.03","1120","0.8039","0.3733","Other"
"11309","Latin America","927.48","1121","0.8042","0.3737","Other"
"10004","North America","927.24","1122","0.8044","0.374","Other"
"10313","Southeast Asia","927.1099999999999","1123","0.8047","0.3743","Other"
"12778","North America","927.03","1124","0.805","0.3747","Other"
"10971","Middle East","925.84","1125","0.8052","0.375","Other"
"12327","North America","925.74","1126","0.8055","0.3753","Other"
"12285","North America","925.65","1127","0.8058","0.3757","Other"
"12867","Europe","924.88","1128","0.806","0.376","Other"
"11892","Europe","924.8000000000001","1129","0.8063","0.3763","Other"
"12488","Southeast Asia","924.24","1130","0.8066","0.3767","Other"
"12032","Middle East","921.55","1131","0.8068","0.377","Other"
"12079","Southeast Asia","920.91","1132","0.8071","0.3773","Other"
"11806","North America","920.2","1133","0.8074","0.3777","Other"
"12678","Southeast Asia","918.33","1134","0.8076","0.378","Other"
"11434","Latin America","917.3599999999999","1135","0.8079","0.3783","Other"
"12259","Latin America","914.99","1136","0.8081","0.3787","Other"
"11239","Europe","913.58","1137","0.8084","0.379","Other"
"11915","North America","912.78","1138","0.8087","0.3793","Other"
"12843","Europe","912.6","1139","0.8089","0.3797","Other"
"12084","North America","911.47","1140","0.8092","0.38","Other"
"11681","Europe","909.37","1141","0.8095","0.3803","Other"
"11177","Europe","908.5699999999999","1142","0.8097","0.3807","Other"
"12471","North America","907.8799999999999","1143","0.81","0.381","Other"
"11989","North America","907.3199999999999","1144","0.8102","0.3813","Other"
"10725","Latin America","906.4499999999999","1145","0.8105","0.3817","Other"
"11534","Middle East","903.83","1146","0.8108","0.382","Other"
"12988","Latin America","903.08","1147","0.811","0.3823","Other"
"11019","Middle East","902.9499999999999","1148","0.8113","0.3827","Other"
"11304","Middle East","902.1","1149","0.8115","0.383","Other"
"10077","North America","900.36","1150","0.8118","0.3833","Other"
"12482","North America","899.8","1151","0.8121","0.3837","Other"
"11657","Middle East","899.33","1152","0.8123","0.384","Other"
"12787","Southeast Asia","899.21","1153","0.8126","0.3843","Other"
"11297","Middle East","896.4399999999999","1154","0.8128","0.3847","Other"
"10843","Southeast Asia","896.1","1155","0.8131","0.385","Other"
"11858","Southeast Asia","894.87","1156","0.8134","0.3853","Other"
"10611","Europe","893.49","1157","0.8136","0.3857","Other"
"11861","Southeast Asia","893.11","1158","0.8139","0.386","Other"
"11130","North America","892.9499999999999","1159","0.8141","0.3863","Other"
"10861","Latin America","891.34","1160","0.8144","0.3867","Other"
"12648","Latin America","890.94","1161","0.8146","0.387","Other"
"12135","North America","890.78","1162","0.8149","0.3873","Other"
"12842","North America","890.68","1163","0.8152","0.3877","Other"
"10760","Europe","890.27","1164","0.8154","0.388","Other"
"11941","North America","885.5600000000001","1165","0.8157","0.3883","Other"
"10352","Southeast Asia","884.7199999999999","1166","0.8159","0.3887","Other"
"10559","Europe","884.22","1167","0.8162","0.389","Other"
"10690","North America","883.99","1168","0.8164","0.3893","Other"
"11403","North America","882.74","1169","0.8167","0.3897","Other"
"12007","North America","878.04","1170","0.8169","0.39","Other"
"11540","Europe","875.6700000000001","1171","0.8172","0.3903","Other"
"12564","Europe","875.3599999999999","1172","0.8174","0.3907","Other"
"11676","North America","875.1999999999999","1173","0.8177","0.391","Other"
"10318","North America","874.98","1174","0.8179","0.3913","Other"
"12902","Europe","874.9","1175","0.8184","0.3917","Other"
"12985","Southeast Asia","874.9","1175","0.8184","0.3917","Other"
"11680","Europe","874.37","1177","0.8187","0.3923","Other"
"11558","Latin America","873.6","1178","0.8189","0.3927","Other"
"10063","Europe","872.94","1179","0.8192","0.393","Other"
"11005","Europe","872.09","1180","0.8195","0.3933","Other"
"11056","Europe","870.77","1181","0.8197","0.3937","Other"
"12904","Middle East","870.5500000000001","1182","0.82","0.394","Other"
"11466","Europe","870.05","1183","0.8202","0.3943","Other"
"12577","North America","869.62","1184","0.8205","0.3947","Other"
"10580","Southeast Asia","867.61","1185","0.8207","0.395","Other"
"11813","Southeast Asia","866.42","1186","0.821","0.3953","Other"
"11507","Latin America","865.97","1187","0.8212","0.3957","Other"
"11780","Southeast Asia","865.19","1188","0.8214","0.396","Other"
"12200","North America","864.1899999999999","1189","0.8217","0.3963","Other"
"12330","Southeast Asia","863.7","1190","0.8219","0.3967","Other"
"12622","North America","861.08","1191","0.8222","0.397","Other"
"11332","Europe","861.01","1192","0.8224","0.3973","Other"
"11039","Europe","860.29","1193","0.8227","0.3977","Other"
"11032","Southeast Asia","856.1099999999999","1194","0.8229","0.398","Other"
"10919","Middle East","854.81","1195","0.8232","0.3983","Other"
"12995","Southeast Asia","853.52","1196","0.8234","0.3987","Other"
"10948","Southeast Asia","853.25","1197","0.8237","0.399","Other"
"10368","North America","853.21","1198","0.8239","0.3993","Other"
"11624","Europe","848.53","1199","0.8242","0.3997","Other"
"12673","Latin America","847.43","1200","0.8244","0.4","Other"
"12314","North America","845.71","1201","0.8247","0.4003","Other"
"12156","Latin America","845.2099999999999","1202","0.8249","0.4007","Other"
"11916","Latin America","844.55","1203","0.8251","0.401","Other"
"11262","Middle East","842.5600000000001","1204","0.8254","0.4013","Other"
"12153","Latin America","841.84","1205","0.8256","0.4017","Other"
"12900","North America","840.88","1206","0.8259","0.402","Other"
"11281","Europe","840.8000000000001","1207","0.8261","0.4023","Other"
"10960","North America","838.1500000000001","1208","0.8263","0.4027","Other"
"12441","Europe","833.49","1209","0.8266","0.403","Other"
"11923","North America","832.8","1210","0.8268","0.4033","Other"
"12799","Europe","831.13","1211","0.8271","0.4037","Other"
"11874","Southeast Asia","830.8299999999999","1212","0.8273","0.404","Other"
"11536","North America","830.54","1213","0.8275","0.4043","Other"
"12202","North America","828.24","1214","0.8278","0.4047","Other"
"11929","Southeast Asia","827.73","1215","0.828","0.405","Other"
"10218","Southeast Asia","827.52","1216","0.8283","0.4053","Other"
"10911","Latin America","826.49","1217","0.8285","0.4057","Other"
"11159","Europe","825.9100000000001","1218","0.8287","0.406","Other"
"11867","Middle East","825.6800000000001","1219","0.829","0.4063","Other"
"11380","North America","823.5","1220","0.8292","0.4067","Other"
"12292","Southeast Asia","822.53","1221","0.8294","0.407","Other"
"11588","Latin America","821.22","1222","0.8297","0.4073","Other"
"10767","Southeast Asia","820.96","1223","0.8299","0.4077","Other"
"12026","Middle East","820.87","1224","0.8302","0.408","Other"
"11038","Europe","820.2","1225","0.8304","0.4083","Other"
"12280","North America","820.0400000000001","1226","0.8306","0.4087","Other"
"10959","North America","817.98","1227","0.8309","0.409","Other"
"12011","North America","817.9","1228","0.8311","0.4093","Other"
"11147","Europe","814.28","1229","0.8313","0.4097","Other"
"10853","North America","813.5999999999999","1230","0.8316","0.41","Other"
"10169","Europe","813.24","1231","0.8318","0.4103","Other"
"11668","North America","812.4200000000001","1232","0.832","0.4107","Other"
"10998","Latin America","812.21","1233","0.8323","0.411","Other"
"10703","Europe","812.15","1234","0.8325","0.4113","Other"
"10030","Middle East","811.02","1235","0.8327","0.4117","Other"
"11164","North America","810.14","1236","0.833","0.412","Other"
"10269","Europe","809.35","1237","0.8332","0.4123","Other"
"10747","Latin America","808.73","1238","0.8334","0.4127","Other"
"10445","Latin America","808.47","1239","0.8337","0.413","Other"
"11133","Europe","808.31","1240","0.8339","0.4133","Other"
"12311","North America","804.3000000000001","1241","0.8341","0.4137","Other"
"12559","Latin America","801.3299999999999","1242","0.8344","0.414","Other"
"10249","Southeast Asia","799.77","1243","0.8346","0.4143","Other"
"11775","North America","799.38","1244","0.8348","0.4147","Other"
"11378","North America","797.63","1245","0.8351","0.415","Other"
"10988","Southeast Asia","796.91","1246","0.8353","0.4153","Other"
"11993","Southeast Asia","796.62","1247","0.8355","0.4157","Other"
"12722","Southeast Asia","796.35","1248","0.8357","0.416","Other"
"10012","North America","794.5699999999999","1249","0.836","0.4163","Other"
"11480","Europe","794.26","1250","0.8362","0.4167","Other"
"10415","Middle East","793.9200000000001","1251","0.8364","0.417","Other"
"10096","Middle East","792.73","1252","0.8367","0.4173","Other"
"12846","Europe","792.29","1253","0.8369","0.4177","Other"
"10891","Europe","791.97","1254","0.8371","0.418","Other"
"11481","Europe","791.89","1255","0.8373","0.4183","Other"
"11843","Southeast Asia","791.77","1256","0.8376","0.4187","Other"
"12023","Southeast Asia","790.24","1257","0.8378","0.419","Other"
"10304","Southeast Asia","789.76","1258","0.838","0.4193","Other"
"11009","Middle East","787.52","1259","0.8382","0.4197","Other"
"10927","Middle East","784.9","1260","0.8385","0.42","Other"
"12121","North America","784.6700000000001","1261","0.8387","0.4203","Other"
"10845","Europe","784.2","1262","0.8389","0.4207","Other"
"10533","North America","783.22","1263","0.8394","0.421","Other"
"12398","Southeast Asia","783.22","1263","0.8394","0.421","Other"
"11238","Middle East","782.66","1265","0.8396","0.4217","Other"
"12499","North America","781.97","1266","0.8398","0.422","Other"
"12351","Latin America","781.87","1267","0.8401","0.4223","Other"
"10160","Europe","780.81","1268","0.8403","0.4227","Other"
"12123","North America","779.4","1269","0.8405","0.423","Other"
"10105","Latin America","779.22","1270","0.8407","0.4233","Other"
"11727","North America","779.1500000000001","1271","0.841","0.4237","Other"
"11311","Europe","778.37","1272","0.8412","0.424","Other"
"12844","Europe","777.26","1273","0.8414","0.4243","Other"
"12712","North America","776.99","1274","0.8416","0.4247","Other"
"12264","North America","775.92","1275","0.8418","0.425","Other"
"12350","Europe","775.1","1276","0.8421","0.4253","Other"
"12176","Southeast Asia","774.84","1277","0.8423","0.4257","Other"
"10659","Europe","773.65","1278","0.8425","0.426","Other"
"10474","Middle East","773.35","1279","0.843","0.4263","Other"
"12856","Latin America","773.35","1279","0.843","0.4263","Other"
"12389","North America","771.04","1281","0.8432","0.427","Other"
"11632","Latin America","770.63","1282","0.8434","0.4273","Other"
"11359","Middle East","769.28","1283","0.8436","0.4277","Other"
"12510","Latin America","768.62","1284","0.8438","0.428","Other"
"12224","Middle East","768.23","1285","0.8441","0.4283","Other"
"10778","North America","767.9200000000001","1286","0.8443","0.4287","Other"
"12299","Europe","765.05","1287","0.8445","0.429","Other"
"10495","Middle East","765.01","1288","0.8447","0.4293","Other"
"11810","North America","764.26","1289","0.8449","0.4297","Other"
"11544","Europe","764.0600000000001","1290","0.8452","0.43","Other"
"11653","Latin America","763.96","1291","0.8454","0.4303","Other"
"12498","Southeast Asia","763.68","1292","0.8456","0.4307","Other"
"12031","Middle East","763.0699999999999","1293","0.8458","0.431","Other"
"10836","North America","763.0600000000001","1294","0.846","0.4313","Other"
"11528","Southeast Asia","761.84","1295","0.8463","0.4317","Other"
"10176","Southeast Asia","761.15","1296","0.8465","0.432","Other"
"12033","Latin America","759.49","1297","0.8467","0.4323","Other"
"10693","Europe","759.23","1298","0.8469","0.4327","Other"
"12014","Latin America","759.07","1299","0.8471","0.433","Other"
"10676","Europe","757.9200000000001","1300","0.8474","0.4333","Other"
"10502","North America","756.5","1301","0.8476","0.4337","Other"
"11935","Europe","756.35","1302","0.8478","0.434","Other"
"11288","Middle East","756.29","1303","0.848","0.4343","Other"
"12068","North America","755.07","1304","0.8482","0.4347","Other"
"12507","Southeast Asia","754.9300000000001","1305","0.8484","0.435","Other"
"12817","Middle East","754.22","1306","0.8487","0.4353","Other"
"12143","Europe","753.88","1307","0.8489","0.4357","Other"
"11442","North America","753.79","1308","0.8491","0.436","Other"
"12484","North America","752.85","1309","0.8493","0.4363","Other"
"11665","Middle East","752.78","1310","0.8495","0.4367","Other"
"12165","Europe","751.41","1311","0.8497","0.437","Other"
"12515","North America","750.55","1312","0.85","0.4373","Other"
"10917","Latin America","750.52","1313","0.8502","0.4377","Other"
"11482","Southeast Asia","750.25","1314","0.8504","0.438","Other"
"12823","Middle East","748.12","1315","0.8506","0.4383","Other"
"12181","Latin America","746.37","1316","0.8508","0.4387","Other"
"11671","North America","745.96","1317","0.851","0.439","Other"
"10516","Europe","745.38","1318","0.8513","0.4393","Other"
"12741","Europe","744.84","1319","0.8515","0.4397","Other"
"10048","Southeast Asia","744.72","1320","0.8517","0.44","Other"
"12658","Europe","744.6","1321","0.8519","0.4403","Other"
"11551","Southeast Asia","744.49","1322","0.8521","0.4407","Other"
"10574","North America","743.83","1323","0.8523","0.441","Other"
"10362","North America","743.63","1324","0.8525","0.4413","Other"
"10560","Europe","741.59","1325","0.8528","0.4417","Other"
"12764","North America","740.28","1326","0.853","0.442","Other"
"10858","Middle East","739.79","1327","0.8532","0.4423","Other"
"10963","Europe","739.35","1328","0.8534","0.4427","Other"
"10263","Latin America","737.95","1329","0.8536","0.443","Other"
"10080","Latin America","737.1899999999999","1330","0.8538","0.4433","Other"
"12829","Middle East","736.74","1331","0.854","0.4437","Other"
"12859","North America","736.09","1332","0.8542","0.444","Other"
"10084","Latin America","734.48","1333","0.8545","0.4443","Other"
"12669","North America","733.5799999999999","1334","0.8547","0.4447","Other"
"11547","Europe","733.47","1335","0.8549","0.445","Other"
"11029","North America","732.14","1336","0.8551","0.4453","Other"
"12194","North America","731.15","1337","0.8553","0.4457","Other"
"11004","North America","730.72","1338","0.8555","0.446","Other"
"11679","Southeast Asia","728.9200000000001","1339","0.8557","0.4463","Other"
"11001","Europe","728.6800000000001","1340","0.8559","0.4467","Other"
"11217","Middle East","728.31","1341","0.8561","0.447","Other"
"12685","Latin America","727.9","1342","0.8563","0.4473","Other"
"12796","North America","726.36","1343","0.8566","0.4477","Other"
"11026","Europe","726.22","1344","0.8568","0.448","Other"
"11292","Europe","725.5699999999999","1345","0.857","0.4483","Other"
"11944","North America","724.4","1346","0.8572","0.4487","Other"
"11092","North America","723.25","1347","0.8574","0.449","Other"
"11752","Europe","722.37","1348","0.8576","0.4493","Other"
"10247","Latin America","721.33","1349","0.8578","0.4497","Other"
"10216","Europe","720.33","1350","0.858","0.45","Other"
"12114","North America","719.61","1351","0.8582","0.4503","Other"
"11847","Southeast Asia","718.65","1352","0.8584","0.4507","Other"
"11185","Southeast Asia","717.3","1353","0.8586","0.451","Other"
"10104","Southeast Asia","716.77","1354","0.8588","0.4513","Other"
"11155","Latin America","714.24","1355","0.859","0.4517","Other"
"10926","Europe","713.8000000000001","1356","0.8593","0.452","Other"
"12047","Europe","713.07","1357","0.8595","0.4523","Other"
"11465","Europe","713.04","1358","0.8597","0.4527","Other"
"12974","Europe","713.02","1359","0.8599","0.453","Other"
"12420","North America","712.6","1360","0.8601","0.4533","Other"
"11362","Southeast Asia","711.77","1361","0.8603","0.4537","Other"
"11204","Latin America","709.46","1362","0.8605","0.454","Other"
"11471","Middle East","708.44","1363","0.8607","0.4543","Other"
"11224","Southeast Asia","707.31","1364","0.8609","0.4547","Other"
"11740","North America","706.9200000000001","1365","0.8611","0.455","Other"
"12728","North America","706.87","1366","0.8613","0.4553","Other"
"10181","Southeast Asia","705.87","1367","0.8615","0.4557","Other"
"11072","Europe","704.86","1368","0.8617","0.456","Other"
"12631","North America","704.7","1369","0.8619","0.4563","Other"
"11431","Europe","703.89","1370","0.8621","0.4567","Other"
"10301","North America","703.63","1371","0.8623","0.457","Other"
"11151","North America","703.48","1372","0.8625","0.4573","Other"
"10471","Southeast Asia","702.55","1373","0.8627","0.4577","Other"
"12933","Latin America","702.3199999999999","1374","0.8629","0.458","Other"
"10799","Latin America","702.31","1375","0.8631","0.4583","Other"
"10770","Europe","702.14","1376","0.8633","0.4587","Other"
"12697","Middle East","701.67","1377","0.8635","0.459","Other"
"12352","North America","701.45","1378","0.8637","0.4593","Other"
"12781","Europe","699.58","1379","0.8639","0.4597","Other"
"10129","Southeast Asia","698.77","1380","0.8641","0.46","Other"
"10441","Southeast Asia","697.8","1381","0.8643","0.4603","Other"
"12819","Southeast Asia","697.75","1382","0.8645","0.4607","Other"
"12108","Europe","696.74","1383","0.8647","0.461","Other"
"12780","Middle East","696.52","1384","0.8649","0.4613","Other"
"12881","North America","695.84","1385","0.8651","0.4617","Other"
"12226","Latin America","695.37","1386","0.8653","0.462","Other"
"12688","North America","695.3199999999999","1387","0.8655","0.4623","Other"
"11966","Middle East","695.31","1388","0.8657","0.4627","Other"
"12853","Southeast Asia","693.78","1389","0.8659","0.463","Other"
"11937","North America","692.7","1390","0.8661","0.4633","Other"
"11746","Europe","692.3","1391","0.8663","0.4637","Other"
"11124","North America","691.3100000000001","1392","0.8665","0.464","Other"
"11078","Europe","690.1899999999999","1393","0.8667","0.4643","Other"
"11040","Middle East","690.03","1394","0.8669","0.4647","Other"
"12583","Latin America","689.24","1395","0.8671","0.465","Other"
"10472","Latin America","687.89","1396","0.8673","0.4653","Other"
"12010","North America","687.5","1397","0.8675","0.4657","Other"
"11058","Southeast Asia","685.26","1398","0.8677","0.466","Other"
"12361","North America","684.11","1399","0.8679","0.4663","Other"
"10531","North America","683.49","1400","0.8681","0.4667","Other"
"11285","North America","683.03","1401","0.8683","0.467","Other"
"11845","North America","681.53","1402","0.8685","0.4673","Other"
"12553","Latin America","679.85","1403","0.8687","0.4677","Other"
"10341","Southeast Asia","679.5","1404","0.8689","0.468","Other"
"12650","Europe","679.43","1405","0.8691","0.4683","Other"
"11337","Europe","678.68","1406","0.8693","0.4687","Other"
"10630","Europe","678.28","1407","0.8695","0.469","Other"
"12930","Europe","677.08","1408","0.8697","0.4693","Other"
"12921","Middle East","676.85","1409","0.8699","0.4697","Other"
"10079","Europe","676.72","1410","0.8701","0.47","Other"
"11621","Latin America","676.6899999999999","1411","0.8703","0.4703","Other"
"11617","Latin America","675.82","1412","0.8705","0.4707","Other"
"11694","North America","675.7","1413","0.8706","0.471","Other"
"10251","North America","675.13","1414","0.8708","0.4713","Other"
"10114","Europe","674.96","1415","0.871","0.4717","Other"
"10543","North America","674.51","1416","0.8712","0.472","Other"
"12747","Europe","673.44","1417","0.8714","0.4723","Other"
"10947","Southeast Asia","672.69","1418","0.8716","0.4727","Other"
"10377","Middle East","672.16","1419","0.8718","0.473","Other"
"12608","North America","671.71","1420","0.872","0.4733","Other"
"11123","North America","670.82","1421","0.8722","0.4737","Other"
"10035","North America","670.16","1422","0.8724","0.474","Other"
"12445","Europe","669.88","1423","0.8726","0.4743","Other"
"10612","North America","669.77","1424","0.8728","0.4747","Other"
"11360","Southeast Asia","669.43","1425","0.873","0.475","Other"
"11604","North America","667.99","1426","0.8732","0.4753","Other"
"10292","Southeast Asia","664.78","1427","0.8734","0.4757","Other"
"11437","Europe","663.9","1428","0.8735","0.476","Other"
"10755","Latin America","663.5999999999999","1429","0.8737","0.4763","Other"
"10651","Europe","663.17","1430","0.8739","0.4767","Other"
"11366","Latin America","660.79","1431","0.8741","0.477","Other"
"10427","Southeast Asia","659.53","1432","0.8743","0.4773","Other"
"12560","Southeast Asia","659.16","1433","0.8745","0.4777","Other"
"10614","Europe","656.99","1434","0.8747","0.478","Other"
"10639","Europe","656.84","1435","0.8749","0.4783","Other"
"12173","Europe","655.85","1436","0.8751","0.4787","Other"
"12884","Europe","655.6","1437","0.8753","0.479","Other"
"12215","North America","655.43","1438","0.8754","0.4793","Other"
"11538","North America","655.0600000000001","1439","0.8756","0.4797","Other"
"11535","Latin America","653.33","1440","0.8758","0.48","Other"
"11755","Middle East","652.94","1441","0.876","0.4803","Other"
"10287","Europe","652.71","1442","0.8762","0.4807","Other"
"10407","Southeast Asia","652.36","1443","0.8764","0.481","Other"
"11765","Southeast Asia","652.01","1444","0.8766","0.4813","Other"
"10822","Middle East","651.72","1445","0.8768","0.4817","Other"
"10633","Europe","650.97","1446","0.8769","0.482","Other"
"10300","Southeast Asia","650.1","1447","0.8771","0.4823","Other"
"10738","North America","649.66","1448","0.8773","0.4827","Other"
"12065","North America","648.99","1449","0.8775","0.483","Other"
"11539","Middle East","648.9399999999999","1450","0.8777","0.4833","Other"
"11779","Europe","648.8399999999999","1451","0.8779","0.4837","Other"
"10399","Southeast Asia","647.6","1452","0.8781","0.484","Other"
"12228","Europe","647.25","1453","0.8783","0.4843","Other"
"12858","North America","646.09","1454","0.8784","0.4847","Other"
"10921","Southeast Asia","644.96","1455","0.8786","0.485","Other"
"12413","North America","644.7700000000001","1456","0.8788","0.4853","Other"
"10787","Europe","644.4300000000001","1457","0.879","0.4857","Other"
"11084","Southeast Asia","643.95","1458","0.8792","0.486","Other"
"11967","North America","643.14","1459","0.8794","0.4863","Other"
"11615","North America","643.06","1460","0.8795","0.4867","Other"
"10964","North America","642.97","1461","0.8797","0.487","Other"
"10487","Southeast Asia","642.41","1462","0.8799","0.4873","Other"
"11545","North America","640.59","1463","0.8801","0.4877","Other"
"12770","Europe","640.5799999999999","1464","0.8803","0.488","Other"
"12243","North America","640.04","1465","0.8805","0.4883","Other"
"11445","Europe","639.35","1466","0.8807","0.4887","Other"
"10239","North America","638.1","1467","0.8808","0.489","Other"
"11658","Latin America","637.3100000000001","1468","0.881","0.4893","Other"
"10381","Europe","635.45","1469","0.8812","0.4897","Other"
"11817","Europe","634.91","1470","0.8814","0.49","Other"
"11971","Latin America","630.65","1471","0.8816","0.4903","Other"
"10413","Europe","629.85","1472","0.8818","0.4907","Other"
"12647","Europe","629.12","1473","0.8819","0.491","Other"
"11260","Southeast Asia","628.64","1474","0.8821","0.4913","Other"
"12025","Europe","628.4499999999999","1475","0.8823","0.4917","Other"
"12983","Europe","627.46","1476","0.8825","0.492","Other"
"12105","Southeast Asia","626.0699999999999","1477","0.8827","0.4923","Other"
"12407","Southeast Asia","625.25","1478","0.8828","0.4927","Other"
"11318","North America","625.11","1479","0.883","0.493","Other"
"11125","Middle East","624","1480","0.8832","0.4933","Other"
"12716","Southeast Asia","623.4000000000001","1481","0.8834","0.4937","Other"
"10421","North America","622.03","1482","0.8836","0.494","Other"
"11736","North America","621.5600000000001","1483","0.8837","0.4943","Other"
"10017","North America","620.27","1484","0.8839","0.4947","Other"
"11660","Europe","620.1899999999999","1485","0.8841","0.495","Other"
"12127","Europe","620.1","1486","0.8844","0.4953","Other"
"12148","Europe","620.1","1486","0.8844","0.4953","Other"
"12175","Latin America","618.83","1488","0.8846","0.496","Other"
"10434","Middle East","618.78","1489","0.885","0.4963","Other"
"12580","Southeast Asia","618.78","1489","0.885","0.4963","Other"
"12597","Europe","618.51","1491","0.8852","0.497","Other"
"12502","North America","618.25","1492","0.8853","0.4973","Other"
"10423","Southeast Asia","618.21","1493","0.8855","0.4977","Other"
"12227","Middle East","617.92","1494","0.8857","0.498","Other"
"12183","Europe","617.75","1495","0.8859","0.4983","Other"
"11218","Europe","616.71","1496","0.886","0.4987","Other"
"12505","Europe","616.3499999999999","1497","0.8862","0.499","Other"
"11397","Middle East","616.11","1498","0.8864","0.4993","Other"
"11789","Southeast Asia","614.67","1499","0.8866","0.4997","Other"
"10597","Europe","613.92","1500","0.8868","0.5","Other"
"10432","Southeast Asia","613.54","1501","0.8869","0.5003","Other"
"10200","Southeast Asia","612.98","1502","0.8871","0.5007","Other"
"10638","Europe","612.61","1503","0.8873","0.501","Other"
"11777","North America","611.24","1504","0.8875","0.5013","Other"
"10198","Latin America","611.02","1505","0.8876","0.5017","Other"
"10276","Latin America","610.88","1506","0.8878","0.502","Other"
"12850","Southeast Asia","609.96","1507","0.888","0.5023","Other"
"10817","North America","609.64","1508","0.8882","0.5027","Other"
"11241","Latin America","609.36","1509","0.8883","0.503","Other"
"12636","Latin America","608.44","1510","0.8885","0.5033","Other"
"10107","Latin America","608.1999999999999","1511","0.8887","0.5037","Other"
"12321","Southeast Asia","606.6","1512","0.8889","0.504","Other"
"12112","Southeast Asia","606.0699999999999","1513","0.889","0.5043","Other"
"11409","Southeast Asia","605.88","1514","0.8892","0.5047","Other"
"10272","Southeast Asia","605.62","1515","0.8894","0.505","Other"
"12609","North America","604.85","1516","0.8896","0.5053","Other"
"11229","Southeast Asia","603.45","1517","0.8897","0.5057","Other"
"12604","North America","602.65","1518","0.8899","0.506","Other"
"12412","Southeast Asia","602.62","1519","0.8901","0.5063","Other"
"11569","Southeast Asia","602.5","1520","0.8903","0.5067","Other"
"11232","Middle East","602.39","1521","0.8904","0.507","Other"
"10007","Middle East","600.5799999999999","1522","0.8906","0.5073","Other"
"12643","Latin America","600.57","1523","0.8908","0.5077","Other"
"10255","Southeast Asia","600.22","1524","0.8909","0.508","Other"
"12056","North America","599.97","1525","0.8911","0.5083","Other"
"12081","Southeast Asia","599.9","1526","0.8913","0.5087","Other"
"12971","Europe","599.8","1527","0.8915","0.509","Other"
"11400","Europe","599.6500000000001","1528","0.8916","0.5093","Other"
"11577","Middle East","598.78","1529","0.8918","0.5097","Other"
"11251","Europe","598.74","1530","0.892","0.51","Other"
"11754","Europe","598.45","1531","0.8922","0.5103","Other"
"11795","Latin America","597.51","1532","0.8923","0.5107","Other"
"10885","Southeast Asia","597.03","1533","0.8925","0.511","Other"
"11738","Latin America","594.93","1534","0.8927","0.5113","Other"
"12116","Europe","594.88","1535","0.8928","0.5117","Other"
"10098","Latin America","593.92","1536","0.893","0.512","Other"
"11263","North America","591.45","1537","0.8932","0.5123","Other"
"12199","Southeast Asia","590.3399999999999","1538","0.8934","0.5127","Other"
"12779","North America","590.2","1539","0.8935","0.513","Other"
"10637","Europe","589.79","1540","0.8937","0.5133","Other"
"11136","Middle East","589.62","1541","0.8939","0.5137","Other"
"10754","North America","588.85","1542","0.894","0.514","Other"
"10653","Europe","588.05","1543","0.8942","0.5143","Other"
"11704","North America","587.46","1544","0.8944","0.5147","Other"
"11807","North America","586.76","1545","0.8945","0.515","Other"
"11346","Latin America","586.69","1546","0.8947","0.5153","Other"
"11666","Southeast Asia","586.5500000000001","1547","0.8949","0.5157","Other"
"12155","North America","585.62","1548","0.895","0.516","Other"
"11104","Europe","584.73","1549","0.8952","0.5163","Other"
"10032","North America","584.66","1550","0.8954","0.5167","Other"
"10786","Southeast Asia","584.56","1551","0.8956","0.517","Other"
"12700","North America","583.04","1552","0.8957","0.5173","Other"
"12353","Europe","582.64","1553","0.8959","0.5177","Other"
"10384","North America","582.48","1554","0.8961","0.518","Other"
"12521","Latin America","582.01","1555","0.8962","0.5183","Other"
"12270","Europe","580.67","1556","0.8964","0.5187","Other"
"11405","Europe","580.55","1557","0.8966","0.519","Other"
"11299","North America","580.25","1558","0.8967","0.5193","Other"
"12435","North America","578.74","1559","0.8969","0.5197","Other"
"12480","Latin America","577.2900000000001","1560","0.8971","0.52","Other"
"12090","North America","577.27","1561","0.8972","0.5203","Other"
"12198","Latin America","576.94","1562","0.8974","0.5207","Other"
"12313","Europe","576.65","1563","0.8976","0.521","Other"
"10183","Latin America","576.53","1564","0.8977","0.5213","Other"
"10170","Southeast Asia","576.0600000000001","1565","0.8979","0.5217","Other"
"12660","Southeast Asia","575.39","1566","0.8981","0.522","Other"
"10851","Europe","574.35","1567","0.8982","0.5223","Other"
"10945","Middle East","574.24","1568","0.8984","0.5227","Other"
"12877","Europe","573.92","1569","0.8985","0.523","Other"
"12628","Southeast Asia","573.69","1570","0.8987","0.5233","Other"
"11474","Europe","572.31","1571","0.8989","0.5237","Other"
"11715","Middle East","572.15","1572","0.899","0.524","Other"
"11386","Europe","568.92","1573","0.8992","0.5243","Other"
"12951","Latin America","568.45","1574","0.8994","0.5247","Other"
"11306","North America","565.9","1575","0.8995","0.525","Other"
"11868","Europe","565.79","1576","0.8997","0.5253","Other"
"11328","Latin America","562.78","1577","0.8999","0.5257","Other"
"12691","Europe","562.64","1578","0.9","0.526","Other"
"11899","Southeast Asia","562.03","1579","0.9002","0.5263","Other"
"12077","Europe","560.95","1580","0.9003","0.5267","Other"
"10846","Middle East","559.67","1581","0.9005","0.527","Other"
"11560","Middle East","558.19","1582","0.9007","0.5273","Other"
"11314","Europe","557.37","1583","0.9008","0.5277","Other"
"11096","Southeast Asia","557.2","1584","0.901","0.528","Other"
"10447","North America","556.15","1585","0.9011","0.5283","Other"
"12283","North America","555.47","1586","0.9013","0.5287","Other"
"10115","Southeast Asia","554.99","1587","0.9015","0.529","Other"
"12523","Europe","554.93","1588","0.9016","0.5293","Other"
"10646","Europe","554.81","1589","0.9018","0.5297","Other"
"10541","North America","554.78","1590","0.9019","0.53","Other"
"12042","Southeast Asia","553.8399999999999","1591","0.9021","0.5303","Other"
"12760","Latin America","553.38","1592","0.9023","0.5307","Other"
"10074","Europe","553.3199999999999","1593","0.9024","0.531","Other"
"12563","Latin America","553.3","1594","0.9026","0.5313","Other"
"12064","North America","552.98","1595","0.9027","0.5317","Other"
"10602","Middle East","552.04","1596","0.9029","0.532","Other"
"11726","Southeast Asia","551.7","1597","0.9031","0.5323","Other"
"12537","North America","551.06","1598","0.9032","0.5327","Other"
"10110","Latin America","549.87","1599","0.9034","0.533","Other"
"10228","North America","548.22","1600","0.9035","0.5333","Other"
"11938","Southeast Asia","548.1899999999999","1601","0.9037","0.5337","Other"
"11531","Latin America","547.48","1602","0.9038","0.534","Other"
"11992","North America","547.35","1603","0.904","0.5343","Other"
"12111","Middle East","546.51","1604","0.9042","0.5347","Other"
"10511","Southeast Asia","546.49","1605","0.9043","0.535","Other"
"11693","Latin America","545.26","1606","0.9045","0.5353","Other"
"12524","Middle East","544.6700000000001","1607","0.9046","0.5357","Other"
"11100","North America","544.1","1608","0.9048","0.536","Other"
"12242","Southeast Asia","543.75","1609","0.9049","0.5363","Other"
"10267","Southeast Asia","542.48","1610","0.9051","0.5367","Other"
"10634","North America","542.37","1611","0.9053","0.537","Other"
"11969","North America","541.9","1612","0.9054","0.5373","Other"
"12263","Europe","541.3199999999999","1613","0.9056","0.5377","Other"
"10898","Europe","541.1","1614","0.9059","0.538","Other"
"11117","Europe","541.1","1614","0.9059","0.538","Other"
"10332","Europe","541.02","1616","0.906","0.5387","Other"
"12190","Europe","539","1617","0.9062","0.539","Other"
"12395","Middle East","538.27","1618","0.9063","0.5393","Other"
"12486","North America","537.33","1619","0.9065","0.5397","Other"
"11605","Southeast Asia","536.98","1620","0.9067","0.54","Other"
"10706","Europe","536.97","1621","0.9068","0.5403","Other"
"12970","North America","536.66","1622","0.907","0.5407","Other"
"10360","North America","535.05","1623","0.9071","0.541","Other"
"11237","Europe","533.86","1624","0.9073","0.5413","Other"
"12594","North America","533.21","1625","0.9074","0.5417","Other"
"10488","Latin America","533.16","1626","0.9076","0.542","Other"
"11264","North America","533.11","1627","0.9077","0.5423","Other"
"10954","Europe","533.05","1628","0.9079","0.5427","Other"
"12870","Middle East","532.9300000000001","1629","0.908","0.543","Other"
"10190","Southeast Asia","532.41","1630","0.9082","0.5433","Other"
"10465","Europe","531.88","1631","0.9085","0.5437","Other"
"12276","Southeast Asia","531.88","1631","0.9085","0.5437","Other"
"10567","Middle East","531.56","1633","0.9087","0.5443","Other"
"12071","Europe","531.31","1634","0.9088","0.5447","Other"
"11267","Latin America","531.27","1635","0.909","0.545","Other"
"12152","Europe","530.51","1636","0.9091","0.5453","Other"
"10311","Europe","530.09","1637","0.9093","0.5457","Other"
"10205","North America","530.05","1638","0.9094","0.546","Other"
"11207","Southeast Asia","529.4499999999999","1639","0.9096","0.5463","Other"
"11244","Europe","528.02","1640","0.9097","0.5467","Other"
"12241","Southeast Asia","527.54","1641","0.9099","0.547","Other"
"11812","Southeast Asia","527.25","1642","0.91","0.5473","Other"
"11432","North America","527.18","1643","0.9102","0.5477","Other"
"10053","North America","525.28","1644","0.9103","0.548","Other"
"12399","Europe","524.84","1645","0.9105","0.5483","Other"
"11802","North America","523.24","1646","0.9106","0.5487","Other"
"11325","North America","522.53","1647","0.9108","0.549","Other"
"10753","Middle East","521.4","1648","0.9109","0.5493","Other"
"11846","North America","521.17","1649","0.9111","0.5497","Other"
"10803","Middle East","521.12","1650","0.9112","0.55","Other"
"10648","Europe","520.64","1651","0.9114","0.5503","Other"
"10729","North America","520.4","1652","0.9115","0.5507","Other"
"12075","Southeast Asia","519.28","1653","0.9117","0.551","Other"
"10217","North America","517.64","1654","0.9118","0.5513","Other"
"12001","Latin America","517.36","1655","0.912","0.5517","Other"
"12312","North America","517.13","1656","0.9121","0.552","Other"
"11879","Middle East","516.91","1657","0.9123","0.5523","Other"
"12456","Middle East","516.68","1658","0.9124","0.5527","Other"
"10378","Europe","516.46","1659","0.9126","0.553","Other"
"11017","Southeast Asia","516.37","1660","0.9127","0.5533","Other"
"10832","Southeast Asia","516.33","1661","0.9129","0.5537","Other"
"11757","North America","515.97","1662","0.913","0.554","Other"
"10420","Latin America","515.66","1663","0.9132","0.5543","Other"
"12342","Europe","515.6","1664","0.9133","0.5547","Other"
"10504","Southeast Asia","514.2","1665","0.9135","0.555","Other"
"12954","Europe","513.4499999999999","1666","0.9136","0.5553","Other"
"10363","Southeast Asia","513.23","1667","0.9138","0.5557","Other"
"11398","Europe","512.67","1668","0.9139","0.556","Other"
"11472","North America","512.26","1669","0.9141","0.5563","Other"
"12346","Europe","512.04","1670","0.9142","0.5567","Other"
"11265","Middle East","511.93","1671","0.9143","0.557","Other"
"10248","Latin America","511.68","1672","0.9145","0.5573","Other"
"12319","Southeast Asia","511.39","1673","0.9146","0.5577","Other"
"12329","North America","511.24","1674","0.9148","0.558","Other"
"11686","Middle East","510.66999999999996","1675","0.9149","0.5583","Other"
"10510","Latin America","510.5","1676","0.9151","0.5587","Other"
"10784","Middle East","510.47","1677","0.9152","0.559","Other"
"12863","Europe","510.2","1678","0.9154","0.5593","Other"
"11116","Latin America","510.18","1679","0.9155","0.5597","Other"
"10989","Southeast Asia","508.45000000000005","1680","0.9157","0.56","Other"
"11566","Southeast Asia","506.76","1681","0.9158","0.5603","Other"
"12765","Southeast Asia","504.92","1682","0.916","0.5607","Other"
"12612","Southeast Asia","504.77","1683","0.9161","0.561","Other"
"11816","Europe","504.72999999999996","1684","0.9163","0.5613","Other"
"10783","Southeast Asia","504.47","1685","0.9164","0.5617","Other"
"12625","Middle East","504.21","1686","0.9165","0.562","Other"
"12337","Latin America","503.51","1687","0.9167","0.5623","Other"
"10679","Latin America","502.34","1688","0.9168","0.5627","Other"
"11444","Middle East","500.93","1689","0.917","0.563","Other"
"11367","North America","500.37","1690","0.9171","0.5633","Other"
"11508","Europe","500.27","1691","0.9173","0.5637","Other"
"11347","North America","499.72","1692","0.9174","0.564","Other"
"10702","North America","499.67","1693","0.9176","0.5643","Other"
"12373","Latin America","497.84999999999997","1694","0.9177","0.5647","Other"
"11887","Europe","497.1","1695","0.9178","0.565","Other"
"12054","North America","496.25","1696","0.918","0.5653","Other"
"10544","Southeast Asia","496.08","1697","0.9181","0.5657","Other"
"12410","Latin America","496.06","1698","0.9183","0.566","Other"
"10958","North America","493.9","1699","0.9184","0.5663","Other"
"11557","Europe","493.1","1700","0.9186","0.5667","Other"
"10039","Europe","493.06","1701","0.9187","0.567","Other"
"10480","Latin America","492.89","1702","0.9188","0.5673","Other"
"12967","Europe","492.17","1703","0.919","0.5677","Other"
"12595","North America","492.05","1704","0.9191","0.568","Other"
"11433","Europe","489.66","1705","0.9193","0.5683","Other"
"12752","North America","489.18","1706","0.9194","0.5687","Other"
"11798","Europe","489.17","1707","0.9195","0.569","Other"
"12840","North America","488.91999999999996","1708","0.9197","0.5693","Other"
"12323","Latin America","488.73","1709","0.9198","0.5697","Other"
"10493","North America","488.12","1710","0.92","0.57","Other"
"12206","North America","487.94","1711","0.9201","0.5703","Other"
"11612","Middle East","487.02","1712","0.9202","0.5707","Other"
"12368","Latin America","485.55","1713","0.9204","0.571","Other"
"12308","Southeast Asia","484.97","1714","0.9205","0.5713","Other"
"11688","Europe","484.75","1715","0.9207","0.5717","Other"
"11910","Southeast Asia","484.34","1716","0.9208","0.572","Other"
"11211","Europe","484.09","1717","0.9209","0.5723","Other"
"12078","North America","483.81","1718","0.9211","0.5727","Other"
"12532","North America","483.51","1719","0.9212","0.573","Other"
"12252","Europe","483.47","1720","0.9214","0.5733","Other"
"11333","Latin America","482.65000000000003","1721","0.9215","0.5737","Other"
"12544","North America","482.4","1722","0.9216","0.574","Other"
"12745","North America","481.86","1723","0.9218","0.5743","Other"
"11596","Latin America","481.12","1724","0.9219","0.5747","Other"
"10915","Southeast Asia","480.93","1725","0.9221","0.575","Other"
"11173","Latin America","480.25","1726","0.9222","0.5753","Other"
"11750","Europe","478.3","1727","0.9223","0.5757","Other"
"10987","North America","478.25","1728","0.9225","0.576","Other"
"10365","Southeast Asia","476.65","1729","0.9226","0.5763","Other"
"10532","Latin America","476.44000000000005","1730","0.9227","0.5767","Other"
"10687","Southeast Asia","475.9","1731","0.9229","0.577","Other"
"10752","Southeast Asia","475.56","1732","0.923","0.5773","Other"
"12670","Latin America","475.51","1733","0.9232","0.5777","Other"
"12375","North America","475.35","1734","0.9233","0.578","Other"
"10051","North America","474.88","1735","0.9234","0.5783","Other"
"12919","North America","474.53","1736","0.9236","0.5787","Other"
"10201","Latin America","474.36","1737","0.9237","0.579","Other"
"11586","North America","473.42","1738","0.9238","0.5793","Other"
"11801","Europe","473.08","1739","0.924","0.5797","Other"
"12917","Southeast Asia","472.93","1740","0.9241","0.58","Other"
"10518","North America","472.69000000000005","1741","0.9242","0.5803","Other"
"10257","Latin America","472.69","1742","0.9244","0.5807","Other"
"12186","North America","471.95","1743","0.9245","0.581","Other"
"10691","Southeast Asia","471.5","1744","0.9247","0.5813","Other"
"11745","North America","471.33","1745","0.9248","0.5817","Other"
"11113","North America","470.65","1746","0.9249","0.582","Other"
"12527","Southeast Asia","470.26","1747","0.9251","0.5823","Other"
"10600","Europe","469.78999999999996","1748","0.9252","0.5827","Other"
"10143","Middle East","469.39000000000004","1749","0.9253","0.583","Other"
"11308","Europe","468.95","1750","0.9255","0.5833","Other"
"12649","Europe","468.51","1751","0.9256","0.5837","Other"
"10184","Latin America","467.55","1752","0.9257","0.584","Other"
"11416","North America","467.07","1753","0.9259","0.5843","Other"
"11255","Europe","467.05999999999995","1754","0.926","0.5847","Other"
"11958","Latin America","466.68","1755","0.9261","0.585","Other"
"10527","Europe","464.65999999999997","1756","0.9263","0.5853","Other"
"10935","Southeast Asia","464.63","1757","0.9264","0.5857","Other"
"10993","North America","464.02","1758","0.9265","0.586","Other"
"12417","Latin America","463.44","1759","0.9267","0.5863","Other"
"11428","North America","462.71999999999997","1760","0.9268","0.5867","Other"
"10615","Europe","462.13000000000005","1761","0.9269","0.587","Other"
"10848","Southeast Asia","461.09000000000003","1762","0.9271","0.5873","Other"
"11343","Europe","460.87","1763","0.9272","0.5877","Other"
"12519","North America","460.37","1764","0.9273","0.588","Other"
"11209","North America","460.03","1765","0.9275","0.5883","Other"
"12073","North America","459.49","1766","0.9276","0.5887","Other"
"12189","Europe","458.13","1767","0.9277","0.589","Other"
"10895","Latin America","458.09999999999997","1768","0.9279","0.5893","Other"
"10050","Southeast Asia","457.67","1769","0.928","0.5897","Other"
"11585","Latin America","457.23","1770","0.9281","0.59","Other"
"10245","North America","454.99","1771","0.9283","0.5903","Other"
"12188","Latin America","454.69","1772","0.9284","0.5907","Other"
"10372","Europe","452.74","1773","0.9285","0.591","Other"
"12211","Southeast Asia","452.55","1774","0.9286","0.5913","Other"
"11154","Middle East","452.40000000000003","1775","0.9288","0.5917","Other"
"11731","Europe","452.26","1776","0.9289","0.592","Other"
"11152","Europe","451.22","1777","0.929","0.5923","Other"
"11886","North America","451.04","1778","0.9292","0.5927","Other"
"12461","Europe","447.57","1779","0.9293","0.593","Other"
"12536","Europe","446.27","1780","0.9294","0.5933","Other"
"11519","Europe","445.98","1781","0.9296","0.5937","Other"
"10561","North America","445.21999999999997","1782","0.9297","0.594","Other"
"10241","Southeast Asia","444.98","1783","0.9298","0.5943","Other"
"12960","Europe","444.78000000000003","1784","0.9299","0.5947","Other"
"10667","North America","444.58000000000004","1785","0.9301","0.595","Other"
"12508","Europe","443.48","1786","0.9302","0.5953","Other"
"10878","North America","441.82000000000005","1787","0.9303","0.5957","Other"
"10376","Europe","441.70000000000005","1788","0.9304","0.596","Other"
"10457","North America","441.16","1789","0.9306","0.5963","Other"
"11094","North America","440.99","1790","0.9307","0.5967","Other"
"12239","Latin America","440.63","1791","0.9308","0.597","Other"
"11932","Middle East","440.18","1792","0.931","0.5973","Other"
"12937","North America","439.88","1793","0.9311","0.5977","Other"
"12908","Middle East","439.38","1794","0.9312","0.598","Other"
"11579","Middle East","439","1795","0.9313","0.5983","Other"
"10627","Europe","438.74","1796","0.9315","0.5987","Other"
"12293","Southeast Asia","438.48","1797","0.9316","0.599","Other"
"10195","Latin America","438.39000000000004","1798","0.9317","0.5993","Other"
"11636","Latin America","438.25","1799","0.9318","0.5997","Other"
"11530","Southeast Asia","437.4","1800","0.932","0.6","Other"
"12209","Europe","437.21000000000004","1801","0.9321","0.6003","Other"
"10744","Latin America","436.15","1802","0.9322","0.6007","Other"
"11734","Latin America","435.95","1803","0.9323","0.601","Other"
"11322","Latin America","435.67","1804","0.9325","0.6013","Other"
"11186","Latin America","435.48","1805","0.9326","0.6017","Other"
"12621","Latin America","435.24","1806","0.9327","0.602","Other"
"12679","Middle East","433.46000000000004","1807","0.9328","0.6023","Other"
"12236","Europe","433.13","1808","0.933","0.6027","Other"
"11395","Europe","432.92","1809","0.9331","0.603","Other"
"10058","Latin America","432.65999999999997","1810","0.9332","0.6033","Other"
"12357","North America","431.83","1811","0.9333","0.6037","Other"
"11758","Europe","430.59000000000003","1812","0.9335","0.604","Other"
"12755","North America","428.88","1813","0.9336","0.6043","Other"
"11900","Southeast Asia","428.68","1814","0.9337","0.6047","Other"
"11214","Southeast Asia","428.07","1815","0.9338","0.605","Other"
"12936","Southeast Asia","426.82","1816","0.934","0.6053","Other"
"11753","North America","426.51","1817","0.9341","0.6057","Other"
"11759","North America","425.21999999999997","1818","0.9342","0.606","Other"
"12247","Southeast Asia","424.58","1819","0.9343","0.6063","Other"
"10076","Europe","424.36","1820","0.9344","0.6067","Other"
"10524","Latin America","424.08000000000004","1821","0.9346","0.607","Other"
"12365","Europe","423.21","1822","0.9347","0.6073","Other"
"11107","Southeast Asia","422.28000000000003","1823","0.9348","0.6077","Other"
"11060","Southeast Asia","421.64","1824","0.9349","0.608","Other"
"10305","Europe","421.45","1825","0.9351","0.6083","Other"
"12509","Southeast Asia","420.37","1826","0.9352","0.6087","Other"
"11619","Latin America","418.99","1827","0.9353","0.609","Other"
"10775","Southeast Asia","418.90999999999997","1828","0.9354","0.6093","Other"
"11364","Latin America","418.58","1829","0.9355","0.6097","Other"
"12708","Latin America","418.38","1830","0.9357","0.61","Other"
"10905","Europe","418.03","1831","0.9358","0.6103","Other"
"11105","Europe","417.94","1832","0.9359","0.6107","Other"
"11018","North America","416.90999999999997","1833","0.936","0.611","Other"
"11832","Latin America","416.17","1834","0.9361","0.6113","Other"
"10242","Latin America","415.7","1835","0.9363","0.6117","Other"
"10798","Europe","414.82000000000005","1836","0.9364","0.612","Other"
"12848","Latin America","414.52000000000004","1837","0.9365","0.6123","Other"
"12847","North America","414.19","1838","0.9366","0.6127","Other"
"11793","Europe","413.61","1839","0.9367","0.613","Other"
"11541","Europe","412.93","1840","0.9369","0.6133","Other"
"11834","Europe","412.83000000000004","1841","0.937","0.6137","Other"
"11225","Southeast Asia","410.86","1842","0.9371","0.614","Other"
"11961","Southeast Asia","409.97","1843","0.9372","0.6143","Other"
"12552","Middle East","409.58","1844","0.9373","0.6147","Other"
"11659","North America","409.47","1845","0.9374","0.615","Other"
"10771","Europe","409.34","1846","0.9376","0.6153","Other"
"12892","Europe","409.21","1847","0.9377","0.6157","Other"
"12141","North America","408.98","1848","0.9378","0.616","Other"
"10288","Europe","408.68","1849","0.9379","0.6163","Other"
"11453","Middle East","408.26","1850","0.938","0.6167","Other"
"10904","Middle East","408.15999999999997","1851","0.9382","0.617","Other"
"10394","Southeast Asia","407.02000000000004","1852","0.9383","0.6173","Other"
"12125","Southeast Asia","406.77","1853","0.9384","0.6177","Other"
"11761","North America","406.5","1854","0.9385","0.618","Other"
"11194","Latin America","405.46000000000004","1855","0.9386","0.6183","Other"
"10325","Europe","404.94","1856","0.9387","0.6187","Other"
"12459","Southeast Asia","404.64","1857","0.9389","0.619","Other"
"11415","North America","402.92","1858","0.939","0.6193","Other"
"11860","North America","402.22","1859","0.9391","0.6197","Other"
"10789","Europe","400.71","1860","0.9392","0.62","Other"
"12572","Europe","400.1","1861","0.9393","0.6203","Other"
"11710","Southeast Asia","400.07","1862","0.9394","0.6207","Other"
"12903","Europe","399.8","1863","0.9395","0.621","Other"
"12695","North America","399.25","1864","0.9397","0.6213","Other"
"10194","Southeast Asia","398.45","1865","0.9399","0.6217","Other"
"11034","North America","398.45","1865","0.9399","0.6217","Other"
"12592","Europe","398.07","1867","0.94","0.6223","Other"
"11963","Europe","397.95000000000005","1868","0.9401","0.6227","Other"
"11918","North America","397.62","1869","0.9402","0.623","Other"
"11881","North America","396.23","1870","0.9403","0.6233","Other"
"10028","North America","395.29","1871","0.9405","0.6237","Other"
"10896","Europe","394.99","1872","0.9406","0.624","Other"
"11833","Europe","394.76","1873","0.9407","0.6243","Other"
"12302","Southeast Asia","393.89","1874","0.9408","0.6247","Other"
"10473","Europe","393.82","1875","0.9409","0.625","Other"
"11791","Southeast Asia","393.78999999999996","1876","0.941","0.6253","Other"
"12987","Middle East","393.24","1877","0.9411","0.6257","Other"
"11895","Europe","391.15999999999997","1878","0.9413","0.626","Other"
"11348","North America","391.03","1879","0.9414","0.6263","Other"
"12113","Europe","390.93","1880","0.9415","0.6267","Other"
"10854","Europe","390.77000000000004","1881","0.9416","0.627","Other"
"11162","Southeast Asia","390.61","1882","0.9417","0.6273","Other"
"10859","Middle East","389.4","1883","0.9418","0.6277","Other"
"10449","North America","389.15999999999997","1884","0.9419","0.628","Other"
"12882","Middle East","388.8","1885","0.942","0.6283","Other"
"12938","Middle East","388.76","1886","0.9422","0.6287","Other"
"11934","Southeast Asia","388.71000000000004","1887","0.9423","0.629","Other"
"12993","North America","388.69","1888","0.9424","0.6293","Other"
"10208","Europe","388.32","1889","0.9425","0.6297","Other"
"12296","Europe","387.94","1890","0.9426","0.63","Other"
"12118","North America","387.51","1891","0.9427","0.6303","Other"
"10652","North America","387.5","1892","0.9428","0.6307","Other"
"12191","Southeast Asia","387.03999999999996","1893","0.9429","0.631","Other"
"10808","Southeast Asia","386.78999999999996","1894","0.943","0.6313","Other"
"10829","Middle East","386.41999999999996","1895","0.9432","0.6317","Other"
"10438","Europe","386.4","1896","0.9433","0.632","Other"
"12217","Europe","386.38","1897","0.9434","0.6323","Other"
"12977","North America","386.05","1898","0.9435","0.6327","Other"
"10443","Middle East","385.96","1899","0.9436","0.633","Other"
"12616","North America","384.48","1900","0.9437","0.6333","Other"
"12739","Europe","384.31","1901","0.9438","0.6337","Other"
"10494","Latin America","383.28","1902","0.9439","0.634","Other"
"12208","Southeast Asia","383.02","1903","0.944","0.6343","Other"
"11549","Latin America","382.95","1904","0.9442","0.6347","Other"
"12204","Europe","382.61","1905","0.9443","0.635","Other"
"11452","Southeast Asia","380.31","1906","0.9444","0.6353","Other"
"13000","Middle East","380.04","1907","0.9445","0.6357","Other"
"11744","Southeast Asia","377.55999999999995","1908","0.9446","0.636","Other"
"12107","Europe","377.39","1909","0.9447","0.6363","Other"
"11974","Southeast Asia","376.39","1910","0.9448","0.6367","Other"
"12880","North America","376.38","1911","0.9449","0.637","Other"
"10823","Southeast Asia","376.32","1912","0.945","0.6373","Other"
"11101","Europe","376.05999999999995","1913","0.9451","0.6377","Other"
"10677","Southeast Asia","375.27","1914","0.9452","0.638","Other"
"10006","Middle East","375.25","1915","0.9453","0.6383","Other"
"12915","Southeast Asia","374.58000000000004","1916","0.9455","0.6387","Other"
"10596","Middle East","373.96999999999997","1917","0.9456","0.639","Other"
"12726","Latin America","373.73","1918","0.9457","0.6393","Other"
"11059","Europe","373.46","1919","0.9458","0.6397","Other"
"10665","North America","372.56","1920","0.9459","0.64","Other"
"10498","North America","372.40999999999997","1921","0.946","0.6403","Other"
"11627","Middle East","372.3","1922","0.9461","0.6407","Other"
"12761","Latin America","372.21","1923","0.9462","0.641","Other"
"10839","Europe","372.18","1924","0.9463","0.6413","Other"
"11447","Europe","372.16999999999996","1925","0.9464","0.6417","Other"
"10934","Europe","371","1926","0.9465","0.642","Other"
"12824","Europe","367.88","1927","0.9466","0.6423","Other"
"10278","Southeast Asia","367.43","1928","0.9467","0.6427","Other"
"11085","Southeast Asia","366.76","1929","0.9468","0.643","Other"
"10262","North America","365.7","1930","0.947","0.6433","Other"
"12771","Latin America","364.08","1931","0.9471","0.6437","Other"
"12131","Southeast Asia","364","1932","0.9472","0.644","Other"
"11356","Latin America","363.87","1933","0.9473","0.6443","Other"
"10429","Europe","362.84000000000003","1934","0.9474","0.6447","Other"
"11664","Europe","361.57","1935","0.9475","0.645","Other"
"10078","Latin America","361.02","1936","0.9476","0.6453","Other"
"10847","Europe","360.96","1937","0.9477","0.6457","Other"
"12495","Latin America","360.87","1938","0.9478","0.646","Other"
"10073","North America","360.82","1939","0.9479","0.6463","Other"
"12798","Southeast Asia","360.81","1940","0.948","0.6467","Other"
"10226","Southeast Asia","360","1941","0.9481","0.647","Other"
"10061","North America","359.9","1942","0.9482","0.6473","Other"
"10379","Latin America","359.13","1943","0.9483","0.6477","Other"
"10763","North America","358.83000000000004","1944","0.9484","0.648","Other"
"12571","Europe","358.67","1945","0.9485","0.6483","Other"
"12639","Latin America","357.75","1946","0.9486","0.6487","Other"
"10450","North America","357.55","1947","0.9487","0.649","Other"
"12066","Southeast Asia","357.15","1948","0.9488","0.6493","Other"
"12385","Europe","356.15999999999997","1949","0.9489","0.6497","Other"
"12370","Southeast Asia","355.77","1950","0.949","0.65","Other"
"10739","North America","355.52","1951","0.9491","0.6503","Other"
"11137","Latin America","355.39","1952","0.9492","0.6507","Other"
"11250","Europe","355.34","1953","0.9493","0.651","Other"
"10468","North America","355.04","1954","0.9494","0.6513","Other"
"10583","North America","355.02","1955","0.9495","0.6517","Other"
"10682","Europe","353.91","1956","0.9496","0.652","Other"
"12757","Europe","353.71","1957","0.9497","0.6523","Other"
"11460","Southeast Asia","353.65999999999997","1958","0.9498","0.6527","Other"
"10133","North America","353.12","1959","0.9499","0.653","Other"
"12477","Latin America","352.92","1960","0.95","0.6533","Other"
"11355","Latin America","351.35","1961","0.9501","0.6537","Other"
"10815","Europe","351.22999999999996","1962","0.9502","0.654","Other"
"11191","Southeast Asia","350.36","1963","0.9503","0.6543","Other"
"12879","Europe","349.59","1964","0.9504","0.6547","Other"
"12335","North America","349.52","1965","0.9505","0.655","Other"
"11109","Latin America","347.5","1966","0.9506","0.6553","Other"
"10733","Southeast Asia","346.78000000000003","1967","0.9507","0.6557","Other"
"11623","North America","346.7","1968","0.9508","0.656","Other"
"12087","Southeast Asia","346.4","1969","0.9509","0.6563","Other"
"10323","Europe","345.94","1970","0.951","0.6567","Other"
"10496","North America","345.54999999999995","1971","0.9511","0.657","Other"
"10809","Europe","345.54","1972","0.9512","0.6573","Other"
"10863","North America","345.19","1973","0.9513","0.6577","Other"
"10094","Southeast Asia","345.06","1974","0.9514","0.658","Other"
"10207","North America","344.71000000000004","1975","0.9515","0.6583","Other"
"12794","Latin America","343.79","1976","0.9516","0.6587","Other"
"12773","North America","343.76","1977","0.9517","0.659","Other"
"11240","North America","343.3","1978","0.9518","0.6593","Other"
"11053","Southeast Asia","342.97","1979","0.9519","0.6597","Other"
"12570","Europe","342.62","1980","0.952","0.66","Other"
"11357","North America","341.9","1981","0.9521","0.6603","Other"
"11609","Europe","341.61","1982","0.9522","0.6607","Other"
"12235","Europe","341.44","1983","0.9523","0.661","Other"
"12006","Europe","341.06","1984","0.9524","0.6613","Other"
"10014","Southeast Asia","340.73","1985","0.9525","0.6617","Other"
"10426","North America","340.46","1986","0.9526","0.662","Other"
"11517","North America","339.93","1987","0.9527","0.6623","Other"
"10514","North America","339.53999999999996","1988","0.9528","0.6627","Other"
"12489","Europe","339.3","1989","0.9529","0.663","Other"
"11041","Middle East","338.95","1990","0.953","0.6633","Other"
"11234","Latin America","338.45","1991","0.9531","0.6637","Other"
"11537","North America","338.13","1992","0.9533","0.664","Other"
"11608","Europe","338.13","1992","0.9533","0.664","Other"
"12055","North America","337.4","1994","0.9534","0.6647","Other"
"10903","North America","337.08","1995","0.9535","0.665","Other"
"11170","North America","337.05","1996","0.9536","0.6653","Other"
"11800","Southeast Asia","337.01","1997","0.9537","0.6657","Other"
"11179","Latin America","336.92","1998","0.9538","0.666","Other"
"10872","North America","336.77","1999","0.9539","0.6663","Other"
"11976","Southeast Asia","336.5","2000","0.954","0.6667","Other"
"12619","Europe","336.33","2001","0.9541","0.667","Other"
"11880","Europe","336.05","2002","0.9542","0.6673","Other"
"10317","North America","335.77","2003","0.9543","0.6677","Other"
"10223","North America","335.18","2004","0.9544","0.668","Other"
"10389","Middle East","335.02","2005","0.9545","0.6683","Other"
"10908","Middle East","334.97","2006","0.9546","0.6687","Other"
"11361","Middle East","333.71","2007","0.9547","0.669","Other"
"11245","Europe","333.65","2008","0.9548","0.6693","Other"
"11742","Europe","333.09","2009","0.9549","0.6697","Other"
"10867","Latin America","332.53000000000003","2010","0.955","0.67","Other"
"11515","Middle East","332.52000000000004","2011","0.955","0.6703","Other"
"12041","Latin America","332.3","2012","0.9551","0.6707","Other"
"10534","Europe","330.73","2013","0.9552","0.671","Other"
"10419","North America","330.71","2014","0.9553","0.6713","Other"
"12246","Middle East","330.63","2015","0.9554","0.6717","Other"
"10280","Southeast Asia","330.57","2016","0.9555","0.672","Other"
"10451","Latin America","329.43","2017","0.9556","0.6723","Other"
"10192","Europe","329.01","2018","0.9557","0.6727","Other"
"10309","North America","328.76","2019","0.9558","0.673","Other"
"11374","Europe","328.23","2020","0.9559","0.6733","Other"
"12905","Europe","328.19","2021","0.956","0.6737","Other"
"10375","North America","328.18","2022","0.9561","0.674","Other"
"10672","Latin America","327.9","2023","0.9562","0.6743","Other"
"12124","Southeast Asia","327.81","2024","0.9563","0.6747","Other"
"11146","Europe","326.49","2025","0.9564","0.675","Other"
"11796","Latin America","326.40000000000003","2026","0.9565","0.6753","Other"
"11202","Latin America","325.32000000000005","2027","0.9566","0.6757","Other"
"11872","Europe","324.48","2028","0.9567","0.676","Other"
"10745","Middle East","324.03000000000003","2029","0.9568","0.6763","Other"
"12088","Southeast Asia","323.54999999999995","2030","0.9568","0.6767","Other"
"10570","North America","322.51","2031","0.9569","0.677","Other"
"10479","Southeast Asia","321.69","2032","0.957","0.6773","Other"
"11824","Europe","321.6","2033","0.9571","0.6777","Other"
"12102","North America","320.84","2034","0.9572","0.678","Other"
"10319","Europe","319.33","2035","0.9573","0.6783","Other"
"12219","Middle East","319.09000000000003","2036","0.9574","0.6787","Other"
"11118","Latin America","317.18","2037","0.9575","0.679","Other"
"10237","Europe","316.96000000000004","2038","0.9576","0.6793","Other"
"10983","Southeast Asia","316.85","2039","0.9577","0.6797","Other"
"11313","Middle East","316.77","2040","0.9578","0.68","Other"
"12890","Middle East","316.52","2041","0.9579","0.6803","Other"
"10705","Europe","316.32","2042","0.9579","0.6807","Other"
"11093","North America","316.1","2043","0.958","0.681","Other"
"10026","North America","315.76","2044","0.9581","0.6813","Other"
"11057","Europe","314.96","2045","0.9582","0.6817","Other"
"10722","North America","314.9","2046","0.9583","0.682","Other"
"12317","North America","314.86","2047","0.9584","0.6823","Other"
"11669","North America","314.35","2048","0.9585","0.6827","Other"
"10844","Europe","313.63","2049","0.9586","0.683","Other"
"12758","Latin America","313.03999999999996","2050","0.9587","0.6833","Other"
"11196","Middle East","312.67","2051","0.9588","0.6837","Other"
"10034","Europe","312.65999999999997","2052","0.9588","0.684","Other"
"12325","Southeast Asia","312.59","2053","0.9589","0.6843","Other"
"11521","Middle East","311.87","2054","0.959","0.6847","Other"
"12136","Europe","311.84000000000003","2055","0.9591","0.685","Other"
"11021","Latin America","311.05","2056","0.9592","0.6853","Other"
"11840","North America","310.78999999999996","2057","0.9593","0.6857","Other"
"11031","North America","309.42","2058","0.9594","0.686","Other"
"10093","Southeast Asia","309.24","2059","0.9595","0.6863","Other"
"12715","North America","308.65","2060","0.9596","0.6867","Other"
"10018","Middle East","308.64","2061","0.9597","0.687","Other"
"10999","Southeast Asia","308.40999999999997","2062","0.9597","0.6873","Other"
"12110","North America","308.28999999999996","2063","0.9598","0.6877","Other"
"10083","North America","308.23","2064","0.9599","0.688","Other"
"12493","Latin America","308.21999999999997","2065","0.96","0.6883","Other"
"10327","Europe","308.07","2066","0.9601","0.6887","Other"
"12753","Europe","307.82","2067","0.9602","0.689","Other"
"12851","North America","307.5","2068","0.9603","0.6893","Other"
"10036","North America","306.47","2069","0.9604","0.6897","Other"
"10650","Southeast Asia","306.46","2070","0.9605","0.69","Other"
"10512","North America","306.12","2071","0.9605","0.6903","Other"
"10221","Southeast Asia","305.79","2072","0.9606","0.6907","Other"
"12672","Europe","305.12","2073","0.9607","0.691","Other"
"12886","North America","305.02","2074","0.9608","0.6913","Other"
"11335","Latin America","304.99","2075","0.9609","0.6917","Other"
"10970","North America","304.1","2076","0.961","0.692","Other"
"10557","Europe","304.09000000000003","2077","0.9611","0.6923","Other"
"10526","Latin America","303.63","2078","0.9612","0.6927","Other"
"10975","Europe","303.58","2079","0.9612","0.693","Other"
"12803","Southeast Asia","303.44","2080","0.9613","0.6933","Other"
"12791","Southeast Asia","303.2","2081","0.9614","0.6937","Other"
"11413","North America","302.9","2082","0.9616","0.694","Other"
"12976","North America","302.9","2082","0.9616","0.694","Other"
"10293","Southeast Asia","302.76","2084","0.9617","0.6947","Other"
"12301","Europe","302.68","2085","0.9618","0.695","Other"
"12446","Middle East","301.58","2086","0.9619","0.6953","Other"
"11662","Middle East","301.34","2087","0.9619","0.6957","Other"
"10666","Europe","301.29","2088","0.962","0.696","Other"
"11351","Southeast Asia","300.5","2089","0.9621","0.6963","Other"
"12038","North America","300.38","2090","0.9622","0.6967","Other"
"11625","North America","300.24","2091","0.9623","0.697","Other"
"10307","Europe","299.95","2092","0.9624","0.6973","Other"
"12273","Latin America","299.19","2093","0.9625","0.6977","Other"
"10566","Latin America","298.75","2094","0.9625","0.698","Other"
"12792","Europe","298.73","2095","0.9626","0.6983","Other"
"12814","North America","297.98","2096","0.9627","0.6987","Other"
"11450","Latin America","297.53000000000003","2097","0.9628","0.699","Other"
"12980","Middle East","296.61","2098","0.9629","0.6993","Other"
"10986","North America","296.45","2099","0.963","0.6997","Other"
"10978","North America","296.42","2100","0.9631","0.7","Other"
"10545","Middle East","296.39","2101","0.9631","0.7003","Other"
"10482","Europe","295.56","2102","0.9632","0.7007","Other"
"10087","Europe","294.81","2103","0.9633","0.701","Other"
"11417","Europe","294.77","2104","0.9634","0.7013","Other"
"11942","Middle East","294.45","2105","0.9635","0.7017","Other"
"12008","North America","294.02","2106","0.9636","0.702","Other"
"10714","North America","293.83000000000004","2107","0.9636","0.7023","Other"
"11013","Europe","292.90999999999997","2108","0.9637","0.7027","Other"
"10622","North America","291.98","2109","0.9638","0.703","Other"
"12481","Latin America","291.38000000000005","2110","0.9639","0.7033","Other"
"10044","Southeast Asia","290.04","2111","0.964","0.7037","Other"
"11695","North America","289.53","2112","0.9641","0.704","Other"
"10932","Southeast Asia","289.32","2113","0.9642","0.7043","Other"
"11424","Southeast Asia","288.52","2114","0.9642","0.7047","Other"
"12470","North America","288.13","2115","0.9643","0.705","Other"
"12613","North America","287.87","2116","0.9644","0.7053","Other"
"12465","Latin America","287.28","2117","0.9645","0.7057","Other"
"12332","Europe","287.25","2118","0.9646","0.706","Other"
"11243","Latin America","286.92","2119","0.9646","0.7063","Other"
"12883","North America","286.87","2120","0.9647","0.7067","Other"
"10735","North America","286.81","2121","0.9648","0.707","Other"
"12837","Europe","286.24","2122","0.9649","0.7073","Other"
"11350","Southeast Asia","285.81","2123","0.965","0.7077","Other"
"12805","North America","284.78999999999996","2124","0.9651","0.708","Other"
"10113","Latin America","283.99","2125","0.9651","0.7083","Other"
"12195","Southeast Asia","283.68","2126","0.9652","0.7087","Other"
"10900","Europe","283.5","2127","0.9653","0.709","Other"
"12630","Middle East","283.15999999999997","2128","0.9654","0.7093","Other"
"11945","Europe","282.8","2129","0.9655","0.7097","Other"
"12866","Middle East","282.77","2130","0.9655","0.71","Other"
"10303","Europe","281.77","2131","0.9656","0.7103","Other"
"10923","Latin America","281.43","2132","0.9657","0.7107","Other"
"10629","Middle East","280.71","2133","0.9658","0.711","Other"
"10430","North America","280.56","2134","0.9659","0.7113","Other"
"10857","Europe","279.8","2135","0.966","0.7117","Other"
"10356","North America","279.42","2136","0.966","0.712","Other"
"11699","Latin America","279.32","2137","0.9661","0.7123","Other"
"11922","Europe","279.3","2138","0.9662","0.7127","Other"
"11203","Latin America","278.92","2139","0.9663","0.713","Other"
"11776","Europe","278.85","2140","0.9664","0.7133","Other"
"10976","Europe","277.90999999999997","2141","0.9664","0.7137","Other"
"10153","Latin America","277","2142","0.9665","0.714","Other"
"12677","Latin America","276.81","2143","0.9666","0.7143","Other"
"11981","Latin America","276.58","2144","0.9667","0.7147","Other"
"12541","Europe","274.35","2145","0.9668","0.715","Other"
"10374","Southeast Asia","274.34","2146","0.9668","0.7153","Other"
"10478","North America","274.1","2147","0.9669","0.7157","Other"
"11349","North America","273.47","2148","0.967","0.716","Other"
"12238","Europe","273.02","2149","0.9671","0.7163","Other"
"10721","Europe","272.99","2150","0.9671","0.7167","Other"
"11042","North America","272.73","2151","0.9672","0.717","Other"
"11477","Europe","272.6","2152","0.9673","0.7173","Other"
"10912","Europe","272.13","2153","0.9674","0.7177","Other"
"10231","Europe","272.09","2154","0.9675","0.718","Other"
"10103","Southeast Asia","272.05","2155","0.9675","0.7183","Other"
"12218","North America","272.03","2156","0.9676","0.7187","Other"
"10444","Southeast Asia","271.8","2157","0.9677","0.719","Other"
"11965","Middle East","271.38","2158","0.9678","0.7193","Other"
"12703","Latin America","270.77000000000004","2159","0.9679","0.7197","Other"
"11975","North America","270.4","2160","0.9679","0.72","Other"
"10564","Latin America","270.07","2161","0.968","0.7203","Other"
"11687","Southeast Asia","269.82","2162","0.9681","0.7207","Other"
"10542","Europe","269.79","2163","0.9682","0.721","Other"
"11373","Southeast Asia","269.01","2164","0.9682","0.7213","Other"
"12367","Europe","268.01","2165","0.9683","0.7217","Other"
"12104","Europe","266.62","2166","0.9684","0.722","Other"
"11066","North America","266.56","2167","0.9685","0.7223","Other"
"11451","Europe","266.27","2168","0.9685","0.7227","Other"
"11925","North America","266.16","2169","0.9686","0.723","Other"
"11488","North America","265.99","2170","0.9687","0.7233","Other"
"11236","North America","265.40999999999997","2171","0.9688","0.7237","Other"
"12062","Latin America","264.85","2172","0.9689","0.724","Other"
"11924","North America","264.82","2173","0.9689","0.7243","Other"
"12591","Europe","264.06","2174","0.969","0.7247","Other"
"10433","Southeast Asia","263.85","2175","0.9691","0.725","Other"
"12727","Europe","263.53999999999996","2176","0.9692","0.7253","Other"
"12632","Southeast Asia","263.47","2177","0.9692","0.7257","Other"
"10412","North America","263.12","2178","0.9693","0.726","Other"
"12473","Europe","263.07","2179","0.9694","0.7263","Other"
"10037","Europe","262.05","2180","0.9695","0.7267","Other"
"11719","Europe","261.73","2181","0.9695","0.727","Other"
"12336","Latin America","261.45","2182","0.9696","0.7273","Other"
"10883","Latin America","261.38","2183","0.9697","0.7277","Other"
"10213","North America","261.32","2184","0.9698","0.728","Other"
"11823","Europe","261.17","2185","0.9698","0.7283","Other"
"12376","Southeast Asia","261.06","2186","0.9699","0.7287","Other"
"10628","Southeast Asia","261","2187","0.97","0.729","Other"
"11142","Europe","259.58000000000004","2188","0.9701","0.7293","Other"
"12390","Southeast Asia","259.4","2189","0.9701","0.7297","Other"
"11134","North America","258.59000000000003","2190","0.9702","0.73","Other"
"12409","Europe","258.49","2191","0.9703","0.7303","Other"
"10172","Middle East","257.98","2192","0.9704","0.7307","Other"
"12610","Middle East","256.93","2193","0.9704","0.731","Other"
"10579","Europe","256.84","2194","0.9705","0.7313","Other"
"11837","Latin America","255.72","2195","0.9706","0.7317","Other"
"12589","Middle East","254.69","2196","0.9707","0.732","Other"
"11901","North America","254.21","2197","0.9707","0.7323","Other"
"10041","Southeast Asia","253.28000000000003","2198","0.9708","0.7327","Other"
"12261","North America","253.09","2199","0.9709","0.733","Other"
"11402","Southeast Asia","251.94","2200","0.9709","0.7333","Other"
"11425","Middle East","251.91000000000003","2201","0.971","0.7337","Other"
"11282","North America","251.36999999999998","2202","0.9711","0.734","Other"
"10298","North America","250.83","2203","0.9712","0.7343","Other"
"11678","Middle East","250.48000000000002","2204","0.9712","0.7347","Other"
"11644","Europe","250.26999999999998","2205","0.9713","0.735","Other"
"12443","Europe","249.75","2206","0.9714","0.7353","Other"
"10727","North America","249.52999999999997","2207","0.9715","0.7357","Other"
"10481","Latin America","249.44","2208","0.9715","0.736","Other"
"12705","Southeast Asia","249.43","2209","0.9716","0.7363","Other"
"10290","Europe","249.09","2210","0.9717","0.7367","Other"
"10274","Europe","248.78","2211","0.9717","0.737","Other"
"10726","North America","248.66","2212","0.9718","0.7373","Other"
"12996","Southeast Asia","248.54","2213","0.9719","0.7377","Other"
"12872","Middle East","248.36","2214","0.972","0.738","Other"
"12653","North America","246.73000000000002","2215","0.972","0.7383","Other"
"12699","North America","246.73","2216","0.9721","0.7387","Other"
"12358","Europe","246.62","2217","0.9722","0.739","Other"
"12475","Europe","245.88","2218","0.9722","0.7393","Other"
"11099","Europe","245.75","2219","0.9723","0.7397","Other"
"12961","Europe","245.3","2220","0.9724","0.74","Other"
"11728","North America","243.48","2221","0.9724","0.7403","Other"
"11183","North America","242.7","2222","0.9725","0.7407","Other"
"12286","Europe","242.41","2223","0.9726","0.741","Other"
"12873","Southeast Asia","241.89","2224","0.9727","0.7413","Other"
"12418","Latin America","241.57","2225","0.9727","0.7417","Other"
"10730","Europe","240.67999999999998","2226","0.9728","0.742","Other"
"12053","Latin America","239.47000000000003","2227","0.9729","0.7423","Other"
"10506","North America","239.37","2228","0.9729","0.7427","Other"
"10864","Middle East","239.26","2229","0.973","0.743","Other"
"12736","Southeast Asia","239.19","2230","0.9731","0.7433","Other"
"12491","North America","239.04999999999998","2231","0.9731","0.7437","Other"
"11712","Southeast Asia","238.73","2232","0.9732","0.744","Other"
"10416","Middle East","238.47","2233","0.9733","0.7443","Other"
"12751","Southeast Asia","237.84","2234","0.9733","0.7447","Other"
"11647","Southeast Asia","237.45","2235","0.9734","0.745","Other"
"10645","Southeast Asia","237.26000000000002","2236","0.9735","0.7453","Other"
"10329","Latin America","236.76999999999998","2237","0.9736","0.7457","Other"
"11377","Europe","236.74","2238","0.9736","0.746","Other"
"12928","Southeast Asia","236.63","2239","0.9737","0.7463","Other"
"12094","Europe","236.49","2240","0.9738","0.7467","Other"
"10089","Southeast Asia","236.34","2241","0.9738","0.747","Other"
"10720","Southeast Asia","236.31","2242","0.9739","0.7473","Other"
"11316","North America","235.98","2243","0.974","0.7477","Other"
"10193","Southeast Asia","235.45","2244","0.974","0.748","Other"
"10338","Latin America","235","2245","0.9741","0.7483","Other"
"11187","Southeast Asia","234.7","2246","0.9742","0.7487","Other"
"10940","North America","234.4","2247","0.9742","0.749","Other"
"10805","Europe","234.35999999999999","2248","0.9743","0.7493","Other"
"12601","Europe","234.13","2249","0.9744","0.7497","Other"
"12501","Middle East","233.95","2250","0.9744","0.75","Other"
"11921","Latin America","233.72","2251","0.9745","0.7503","Other"
"12676","Middle East","232.63","2252","0.9746","0.7507","Other"
"12020","Middle East","232.37","2253","0.9747","0.751","Other"
"12255","Latin America","232.37","2253","0.9747","0.751","Other"
"10984","North America","232.20000000000002","2255","0.9748","0.7517","Other"
"12432","North America","232.16","2256","0.9748","0.752","Other"
"10046","North America","231.91","2257","0.9749","0.7523","Other"
"12874","Europe","231.57999999999998","2258","0.975","0.7527","Other"
"12213","Europe","231.57","2259","0.975","0.753","Other"
"10982","North America","231.42000000000002","2260","0.9751","0.7533","Other"
"12528","North America","231.04","2261","0.9752","0.7537","Other"
"10918","Latin America","230.82","2262","0.9752","0.754","Other"
"12702","Middle East","230.67000000000002","2263","0.9753","0.7543","Other"
"11685","Europe","230.49","2264","0.9754","0.7547","Other"
"11227","North America","230.1","2265","0.9754","0.755","Other"
"12662","Southeast Asia","228.99","2266","0.9755","0.7553","Other"
"12551","North America","228.6","2267","0.9756","0.7557","Other"
"10749","Europe","228.57999999999998","2268","0.9756","0.756","Other"
"11822","Europe","228.57","2269","0.9757","0.7563","Other"
"11739","Latin America","228.25","2270","0.9758","0.7567","Other"
"10985","Europe","227.87","2271","0.9758","0.757","Other"
"11266","Latin America","227.75","2272","0.9759","0.7573","Other"
"11855","Middle East","227.35000000000002","2273","0.976","0.7577","Other"
"12076","North America","227.12","2274","0.976","0.758","Other"
"11426","Latin America","227.11999999999998","2275","0.9761","0.7583","Other"
"10876","Europe","227.09","2276","0.9762","0.7587","Other"
"11128","Latin America","226.78","2277","0.9762","0.759","Other"
"12448","Latin America","226.58999999999997","2278","0.9763","0.7593","Other"
"11045","Southeast Asia","226.46","2279","0.9763","0.7597","Other"
"12923","Middle East","226.37","2280","0.9764","0.76","Other"
"11354","North America","224.95","2281","0.9765","0.7603","Other"
"12324","Latin America","224.85","2282","0.9765","0.7607","Other"
"10127","Middle East","224.81","2283","0.9766","0.761","Other"
"11033","Middle East","223.98","2284","0.9767","0.7613","Other"
"10565","Europe","223.62","2285","0.9767","0.7617","Other"
"11030","Europe","223.6","2286","0.9768","0.762","Other"
"12901","Europe","223.45","2287","0.9769","0.7623","Other"
"11111","Europe","222.93","2288","0.9769","0.7627","Other"
"10740","Southeast Asia","222.87","2289","0.977","0.763","Other"
"12989","North America","222.60000000000002","2290","0.9771","0.7633","Other"
"11905","North America","222.19","2291","0.9771","0.7637","Other"
"11516","Europe","222.08999999999997","2292","0.9772","0.764","Other"
"11184","Southeast Asia","222.03","2293","0.9772","0.7643","Other"
"10336","Latin America","221.67000000000002","2294","0.9773","0.7647","Other"
"10428","Europe","221.55","2295","0.9774","0.765","Other"
"12036","Latin America","221.55","2295","0.9774","0.765","Other"
"11479","Middle East","220.98","2297","0.9775","0.7657","Other"
"10203","North America","220.75","2298","0.9776","0.766","Other"
"12048","Southeast Asia","219.22","2299","0.9776","0.7663","Other"
"11749","North America","218.7","2300","0.9777","0.7667","Other"
"12052","North America","218.53","2301","0.9778","0.767","Other"
"11654","Europe","218.2","2302","0.9778","0.7673","Other"
"10275","Southeast Asia","218.04999999999998","2303","0.9779","0.7677","Other"
"10513","North America","218.01","2304","0.9779","0.768","Other"
"10873","Europe","217.56","2305","0.978","0.7683","Other"
"11301","Southeast Asia","217.44","2306","0.9781","0.7687","Other"
"10273","Middle East","217.34","2307","0.9781","0.769","Other"
"12623","Middle East","215.04","2308","0.9782","0.7693","Other"
"11766","North America","214.65","2309","0.9783","0.7697","Other"
"11048","North America","214.32","2310","0.9783","0.77","Other"
"11866","Europe","214.02","2311","0.9784","0.7703","Other"
"11230","Latin America","213.87","2312","0.9784","0.7707","Other"
"10603","North America","213.36","2313","0.9785","0.771","Other"
"10102","Europe","213.2","2314","0.9786","0.7713","Other"
"10617","North America","212.89000000000001","2315","0.9786","0.7717","Other"
"10962","Europe","212.57999999999998","2316","0.9787","0.772","Other"
"12767","Southeast Asia","212.44","2317","0.9787","0.7723","Other"
"12963","Latin America","212.39","2318","0.9788","0.7727","Other"
"11114","Europe","212.35","2319","0.9789","0.773","Other"
"12934","North America","212.11","2320","0.9789","0.7733","Other"
"12777","Southeast Asia","211.76999999999998","2321","0.979","0.7737","Other"
"11928","Southeast Asia","211.16","2322","0.9791","0.774","Other"
"10563","Latin America","210.7","2323","0.9791","0.7743","Other"
"12990","Latin America","210.6","2324","0.9792","0.7747","Other"
"11949","North America","210.51999999999998","2325","0.9792","0.775","Other"
"11818","Southeast Asia","210.10000000000002","2326","0.9793","0.7753","Other"
"12069","Europe","209.13","2327","0.9794","0.7757","Other"
"10608","Europe","208.64","2328","0.9794","0.776","Other"
"12822","North America","208.32","2329","0.9795","0.7763","Other"
"11461","Europe","208.24","2330","0.9795","0.7767","Other"
"10795","Southeast Asia","207.75","2331","0.9796","0.777","Other"
"10936","Southeast Asia","207.55","2332","0.9797","0.7773","Other"
"10877","Middle East","207.46","2333","0.9797","0.7777","Other"
"12275","Middle East","206.5","2334","0.9798","0.778","Other"
"12531","North America","206.29","2335","0.9798","0.7783","Other"
"11435","Middle East","206.26","2336","0.9799","0.7787","Other"
"10271","Europe","205.96","2337","0.98","0.779","Other"
"10875","Europe","205.76","2338","0.98","0.7793","Other"
"12072","North America","205.61","2339","0.9801","0.7797","Other"
"11729","Middle East","205.34","2340","0.9801","0.78","Other"
"10951","North America","205.3","2341","0.9802","0.7803","Other"
"12689","Europe","205.2","2342","0.9802","0.7807","Other"
"10686","Europe","205.09","2343","0.9803","0.781","Other"
"10605","Southeast Asia","204.32999999999998","2344","0.9804","0.7813","Other"
"10382","North America","203.45","2345","0.9804","0.7817","Other"
"11208","Latin America","203.28","2346","0.9805","0.782","Other"
"12634","Middle East","202.94","2347","0.9805","0.7823","Other"
"12674","Latin America","201.87","2348","0.9806","0.7827","Other"
"11273","Europe","201.79","2349","0.9807","0.783","Other"
"12957","Europe","201.3","2350","0.9807","0.7833","Other"
"12888","Latin America","201.26","2351","0.9808","0.7837","Other"
"10588","Europe","200.98000000000002","2352","0.9808","0.784","Other"
"10828","North America","200.95","2353","0.9809","0.7843","Other"
"10283","Europe","200.45999999999998","2354","0.9809","0.7847","Other"
"11711","North America","199.8","2355","0.981","0.785","Other"
"11930","Southeast Asia","199.57","2356","0.9811","0.7853","Other"
"12645","Latin America","199.35","2357","0.9811","0.7857","Other"
"10361","Europe","199.28","2358","0.9812","0.786","Other"
"11885","North America","199.23999999999998","2359","0.9812","0.7863","Other"
"12140","North America","199.16","2360","0.9813","0.7867","Other"
"10204","Europe","197.42","2361","0.9813","0.787","Other"
"12992","Europe","197.38","2362","0.9814","0.7873","Other"
"10299","North America","197.18","2363","0.9815","0.7877","Other"
"11193","Europe","196.94","2364","0.9815","0.788","Other"
"11221","North America","196.78","2365","0.9816","0.7883","Other"
"10029","North America","196.74","2366","0.9816","0.7887","Other"
"12178","North America","196.39","2367","0.9817","0.789","Other"
"10342","Southeast Asia","196.09","2368","0.9817","0.7893","Other"
"12675","Middle East","195.75","2369","0.9818","0.7897","Other"
"10750","North America","195.47","2370","0.9819","0.79","Other"
"12637","North America","194.91","2371","0.9819","0.7903","Other"
"10250","North America","194.89","2372","0.982","0.7907","Other"
"10675","Europe","194.89","2372","0.982","0.7907","Other"
"10461","Europe","194.85","2374","0.9821","0.7913","Other"
"10142","Europe","194.05","2375","0.9821","0.7917","Other"
"10884","Europe","193.86","2376","0.9822","0.792","Other"
"10685","North America","193.82999999999998","2377","0.9822","0.7923","Other"
"10138","Southeast Asia","192.82","2378","0.9823","0.7927","Other"
"10463","Europe","192.29000000000002","2379","0.9824","0.793","Other"
"11169","Middle East","192.19","2380","0.9824","0.7933","Other"
"11838","Middle East","190.29","2381","0.9825","0.7937","Other"
"11145","Southeast Asia","190.21","2382","0.9825","0.794","Other"
"12162","Europe","190.08999999999997","2383","0.9826","0.7943","Other"
"12258","Europe","189.41","2384","0.9826","0.7947","Other"
"12574","Middle East","189.32","2385","0.9827","0.795","Other"
"11826","Middle East","189.1","2386","0.9827","0.7953","Other"
"11859","Europe","188.3","2387","0.9828","0.7957","Other"
"11165","Europe","188.21","2388","0.9829","0.796","Other"
"12579","North America","187.71","2389","0.9829","0.7963","Other"
"11912","Middle East","187.31","2390","0.983","0.7967","Other"
"11369","Europe","186.94","2391","0.983","0.797","Other"
"12300","Southeast Asia","186.32","2392","0.9831","0.7973","Other"
"12288","North America","186.3","2393","0.9831","0.7977","Other"
"11007","North America","186.22","2394","0.9832","0.798","Other"
"10178","North America","186","2395","0.9832","0.7983","Other"
"11865","Europe","185.83","2396","0.9833","0.7987","Other"
"11908","Middle East","185.44","2397","0.9833","0.799","Other"
"10162","Middle East","184.48000000000002","2398","0.9834","0.7993","Other"
"12197","Europe","184.34","2399","0.9834","0.7997","Other"
"11781","Europe","183.2","2400","0.9835","0.8","Other"
"10590","Latin America","182.62","2401","0.9835","0.8003","Other"
"12442","North America","181.67","2402","0.9836","0.8007","Other"
"10810","North America","181.59","2403","0.9837","0.801","Other"
"12164","Middle East","181.57","2404","0.9837","0.8013","Other"
"12220","North America","181.23","2405","0.9838","0.8017","Other"
"12391","North America","181.19","2406","0.9838","0.802","Other"
"11597","Latin America","180.84","2407","0.9839","0.8023","Other"
"11973","Europe","180.64","2408","0.9839","0.8027","Other"
"11836","North America","180.39","2409","0.984","0.803","Other"
"10713","Southeast Asia","180.13","2410","0.984","0.8033","Other"
"10944","North America","180.02","2411","0.9841","0.8037","Other"
"11458","North America","179.56","2412","0.9841","0.804","Other"
"12347","Southeast Asia","179.24","2413","0.9842","0.8043","Other"
"12310","Europe","179.04","2414","0.9842","0.8047","Other"
"10175","North America","178.88","2415","0.9843","0.805","Other"
"10122","North America","178.47","2416","0.9843","0.8053","Other"
"11995","Europe","178","2417","0.9844","0.8057","Other"
"12452","North America","176.76999999999998","2418","0.9844","0.806","Other"
"11167","Latin America","176.59","2419","0.9845","0.8063","Other"
"10358","Europe","176.11","2420","0.9845","0.8067","Other"
"11518","North America","175.51","2421","0.9846","0.807","Other"
"11786","Europe","175.42000000000002","2422","0.9846","0.8073","Other"
"10397","Europe","175.39000000000001","2423","0.9847","0.8077","Other"
"11406","Southeast Asia","174.34","2424","0.9847","0.808","Other"
"11287","North America","173.69","2425","0.9848","0.8083","Other"
"10005","North America","173.68","2426","0.9848","0.8087","Other"
"12019","Southeast Asia","173.6","2427","0.9849","0.809","Other"
"10938","Southeast Asia","173.26","2428","0.9849","0.8093","Other"
"12397","Southeast Asia","173.13","2429","0.985","0.8097","Other"
"11844","Middle East","172.73","2430","0.985","0.81","Other"
"12387","Europe","172.05","2431","0.9851","0.8103","Other"
"12549","Latin America","171.63","2432","0.9851","0.8107","Other"
"11600","Latin America","171.1","2433","0.9852","0.811","Other"
"12680","Middle East","171","2434","0.9852","0.8113","Other"
"10477","North America","170.97","2435","0.9853","0.8117","Other"
"10314","North America","169.97","2436","0.9853","0.812","Other"
"10759","Southeast Asia","169.24","2437","0.9854","0.8123","Other"
"11385","North America","168.73999999999998","2438","0.9854","0.8127","Other"
"12945","Europe","168.56","2439","0.9855","0.813","Other"
"12789","North America","168.33","2440","0.9855","0.8133","Other"
"10068","Southeast Asia","167.89999999999998","2441","0.9856","0.8137","Other"
"10008","North America","167.87","2442","0.9857","0.814","Other"
"10709","Southeast Asia","167.87","2442","0.9857","0.814","Other"
"11790","Southeast Asia","167.79","2444","0.9857","0.8147","Other"
"11559","North America","167.2","2445","0.9858","0.815","Other"
"12248","Europe","167.19","2446","0.9858","0.8153","Other"
"12788","Europe","166.15","2447","0.9859","0.8157","Other"
"11606","Middle East","165.64999999999998","2448","0.9859","0.816","Other"
"11808","Europe","165.46","2449","0.986","0.8163","Other"
"12257","Southeast Asia","165.26","2450","0.986","0.8167","Other"
"11077","Europe","165.10999999999999","2451","0.986","0.817","Other"
"10766","North America","164.52","2452","0.9861","0.8173","Other"
"10994","North America","164.38","2453","0.9861","0.8177","Other"
"10899","Europe","163.68","2454","0.9862","0.818","Other"
"12012","North America","163.67000000000002","2455","0.9862","0.8183","Other"
"10704","North America","163.46","2456","0.9863","0.8187","Other"
"12284","Southeast Asia","163.14","2457","0.9863","0.819","Other"
"10460","Latin America","162.89","2458","0.9864","0.8193","Other"
"10743","Europe","161.76","2459","0.9864","0.8197","Other"
"12371","Europe","161.32999999999998","2460","0.9865","0.82","Other"
"12834","Europe","160.87","2461","0.9865","0.8203","Other"
"11871","Southeast Asia","160.77","2462","0.9866","0.8207","Other"
"11475","Europe","160.65","2463","0.9866","0.821","Other"
"11902","Europe","160.43","2464","0.9867","0.8213","Other"
"12232","Europe","159.83","2465","0.9867","0.8217","Other"
"12122","Europe","159.59","2466","0.9867","0.822","Other"
"12720","Europe","159.56","2467","0.9868","0.8223","Other"
"12815","Latin America","159.03","2468","0.9868","0.8227","Other"
"11919","Latin America","158.49","2469","0.9869","0.823","Other"
"11293","Europe","158.29000000000002","2470","0.9869","0.8233","Other"
"11384","Europe","158.29","2471","0.987","0.8237","Other"
"12404","Europe","158","2472","0.987","0.824","Other"
"10057","Europe","157.83","2473","0.9871","0.8243","Other"
"12711","North America","157.68","2474","0.9871","0.8247","Other"
"11911","Middle East","157.26","2475","0.9872","0.825","Other"
"10499","Latin America","156.99","2476","0.9872","0.8253","Other"
"12754","Europe","156.92","2477","0.9872","0.8257","Other"
"11035","Latin America","155.73","2478","0.9873","0.826","Other"
"10647","Europe","154.99","2479","0.9873","0.8263","Other"
"10072","North America","154.96","2480","0.9874","0.8267","Other"
"11375","Latin America","154.59","2481","0.9874","0.827","Other"
"10692","Southeast Asia","154.27","2482","0.9875","0.8273","Other"
"10887","Europe","154.22","2483","0.9875","0.8277","Other"
"11732","North America","153.88","2484","0.9876","0.828","Other"
"10456","Latin America","153.38","2485","0.9876","0.8283","Other"
"10464","Southeast Asia","152.45000000000002","2486","0.9876","0.8287","Other"
"12898","Middle East","152.42000000000002","2487","0.9877","0.829","Other"
"12016","Europe","152.02","2488","0.9877","0.8293","Other"
"12103","Middle East","151.56","2489","0.9878","0.8297","Other"
"10973","North America","151.33","2490","0.9878","0.83","Other"
"12935","Latin America","151.26","2491","0.9879","0.8303","Other"
"12388","North America","150.97","2492","0.9879","0.8307","Other"
"10049","Europe","150.96","2493","0.988","0.831","Other"
"11463","Latin America","150.71","2494","0.988","0.8313","Other"
"12421","Latin America","150.65","2495","0.988","0.8317","Other"
"10254","Latin America","150.58","2496","0.9881","0.832","Other"
"11698","Europe","150.19","2497","0.9881","0.8323","Other"
"12746","North America","149.79","2498","0.9882","0.8327","Other"
"10724","Europe","149.57999999999998","2499","0.9882","0.833","Other"
"10553","Latin America","148.98","2500","0.9883","0.8333","Other"
"10577","Europe","148.89000000000001","2501","0.9883","0.8337","Other"
"12117","Southeast Asia","148.68","2502","0.9883","0.834","Other"
"11553","North America","148.57999999999998","2503","0.9884","0.8343","Other"
"10025","Middle East","147.84","2504","0.9884","0.8347","Other"
"11643","Latin America","147.65","2505","0.9885","0.835","Other"
"11692","Middle East","146.95","2506","0.9885","0.8353","Other"
"12557","Southeast Asia","146.92","2507","0.9886","0.8357","Other"
"12138","Southeast Asia","146.62","2508","0.9886","0.836","Other"
"11223","Middle East","146.26","2509","0.9886","0.8363","Other"
"12725","Europe","145.97","2510","0.9887","0.8367","Other"
"10519","Southeast Asia","145.86","2511","0.9888","0.837","Other"
"11496","North America","145.86","2511","0.9888","0.837","Other"
"12159","Southeast Asia","145.57","2513","0.9888","0.8377","Other"
"11025","Europe","145.5","2514","0.9888","0.838","Other"
"10364","North America","145.26","2515","0.9889","0.8383","Other"
"12210","Europe","145.21","2516","0.9889","0.8387","Other"
"10095","North America","144.7","2517","0.989","0.839","Other"
"10174","Europe","144.57","2518","0.989","0.8393","Other"
"11502","Latin America","144.41","2519","0.9891","0.8397","Other"
"11675","North America","143.99","2520","0.9891","0.84","Other"
"11641","North America","143.8","2521","0.9891","0.8403","Other"
"12205","Middle East","143.79","2522","0.9892","0.8407","Other"
"11172","North America","143.48000000000002","2523","0.9892","0.841","Other"
"12256","Latin America","143.45","2524","0.9893","0.8413","Other"
"11430","Middle East","143.22","2525","0.9893","0.8417","Other"
"10322","Latin America","142.56","2526","0.9893","0.842","Other"
"12730","Southeast Asia","142.48000000000002","2527","0.9894","0.8423","Other"
"12363","Southeast Asia","141.32","2528","0.9894","0.8427","Other"
"12947","Southeast Asia","141.12","2529","0.9895","0.843","Other"
"11946","North America","140.96","2530","0.9895","0.8433","Other"
"12485","North America","140.87","2531","0.9895","0.8437","Other"
"12810","Middle East","140.61","2532","0.9896","0.844","Other"
"11594","Middle East","140.33","2533","0.9896","0.8443","Other"
"12440","North America","139.9","2534","0.9897","0.8447","Other"
"11212","Middle East","139.8","2535","0.9897","0.845","Other"
"10785","Southeast Asia","139.37","2536","0.9897","0.8453","Other"
"10408","Europe","139.25","2537","0.9898","0.8457","Other"
"10731","North America","138.38","2538","0.9898","0.846","Other"
"11388","Southeast Asia","138.29","2539","0.9899","0.8463","Other"
"10101","Middle East","138.22","2540","0.9899","0.8467","Other"
"11076","Europe","137.84","2541","0.9899","0.847","Other"
"10972","Europe","137.74","2542","0.99","0.8473","Other"
"11705","Southeast Asia","137.39","2543","0.99","0.8477","Other"
"10139","Europe","137.2","2544","0.9901","0.848","Other"
"10812","Europe","136.92","2545","0.9901","0.8483","Other"
"11054","Europe","136.7","2546","0.9901","0.8487","Other"
"12895","North America","136.43","2547","0.9902","0.849","Other"
"10043","North America","136.35","2548","0.9902","0.8493","Other"
"10953","Europe","136.13","2549","0.9903","0.8497","Other"
"12652","Europe","135.69","2550","0.9903","0.85","Other"
"12774","North America","135.65","2551","0.9903","0.8503","Other"
"12860","Europe","135.49","2552","0.9904","0.8507","Other"
"10825","Europe","135.48","2553","0.9904","0.851","Other"
"12182","Southeast Asia","135.2","2554","0.9905","0.8513","Other"
"12768","Latin America","134.98","2555","0.9905","0.8517","Other"
"11751","Southeast Asia","134.96","2556","0.9905","0.852","Other"
"12496","North America","134.76","2557","0.9906","0.8523","Other"
"12666","Latin America","134.74","2558","0.9906","0.8527","Other"
"12266","Latin America","134.18","2559","0.9907","0.853","Other"
"12269","Europe","134.03","2560","0.9907","0.8533","Other"
"10090","Europe","133.92","2561","0.9907","0.8537","Other"
"10573","North America","133.82999999999998","2562","0.9908","0.854","Other"
"11611","Europe","133.76","2563","0.9908","0.8543","Other"
"11950","Europe","133.73000000000002","2564","0.9908","0.8547","Other"
"10882","North America","133.43","2565","0.9909","0.855","Other"
"11410","Southeast Asia","133.31","2566","0.9909","0.8553","Other"
"12734","Europe","132.81","2567","0.991","0.8557","Other"
"11709","Middle East","132.57","2568","0.991","0.856","Other"
"11044","Europe","131.95","2569","0.991","0.8563","Other"
"11086","Latin America","131.93","2570","0.9911","0.8567","Other"
"10054","Europe","131.8","2571","0.9911","0.857","Other"
"11762","Europe","131.73000000000002","2572","0.9911","0.8573","Other"
"12555","Europe","131.68","2573","0.9912","0.8577","Other"
"10696","Southeast Asia","131.29","2574","0.9912","0.858","Other"
"11689","North America","131.17000000000002","2575","0.9913","0.8583","Other"
"11216","Southeast Asia","131.14","2576","0.9913","0.8587","Other"
"12684","Latin America","130.34","2577","0.9913","0.859","Other"
"12984","North America","130","2578","0.9914","0.8593","Other"
"10166","North America","129.79","2579","0.9914","0.8597","Other"
"11952","Europe","129.26","2580","0.9915","0.86","Other"
"11326","North America","128.97","2581","0.9915","0.8603","Other"
"12377","Europe","128.85999999999999","2582","0.9915","0.8607","Other"
"10064","Middle East","128.60999999999999","2583","0.9916","0.861","Other"
"10870","North America","128.09","2584","0.9916","0.8613","Other"
"11254","North America","127.93","2585","0.9916","0.8617","Other"
"12596","North America","127.61","2586","0.9917","0.862","Other"
"10585","Southeast Asia","127.23","2587","0.9917","0.8623","Other"
"11960","Southeast Asia","126.82","2588","0.9917","0.8627","Other"
"12492","Latin America","126.51","2589","0.9918","0.863","Other"
"10521","Europe","126.26","2590","0.9918","0.8633","Other"
"10694","Latin America","126.2","2591","0.9919","0.8637","Other"
"12743","Southeast Asia","125.44","2592","0.9919","0.864","Other"
"11527","North America","125.22","2593","0.9919","0.8643","Other"
"12172","Latin America","125.15","2594","0.992","0.8647","Other"
"10942","Southeast Asia","124.38","2595","0.992","0.865","Other"
"12704","North America","124.37","2596","0.992","0.8653","Other"
"12474","Middle East","124.30000000000001","2597","0.9921","0.8657","Other"
"10344","Europe","124.27","2598","0.9921","0.866","Other"
"12406","North America","124.04","2599","0.9921","0.8663","Other"
"10196","North America","123.39","2600","0.9922","0.8667","Other"
"12763","Europe","123.19","2601","0.9922","0.867","Other"
"12942","North America","123.16","2602","0.9922","0.8673","Other"
"11638","Latin America","123.14000000000001","2603","0.9923","0.8677","Other"
"11122","North America","122.24","2604","0.9923","0.868","Other"
"12875","Middle East","121.92999999999999","2605","0.9924","0.8683","Other"
"11730","North America","121.91999999999999","2606","0.9924","0.8687","Other"
"10459","Southeast Asia","121.54","2607","0.9924","0.869","Other"
"10950","Middle East","121.43","2608","0.9925","0.8693","Other"
"12130","North America","120.78","2609","0.9925","0.8697","Other"
"12067","North America","120.57000000000001","2610","0.9925","0.87","Other"
"10892","North America","120.15","2611","0.9926","0.8703","Other"
"11319","Southeast Asia","120.07","2612","0.9926","0.8707","Other"
"12005","Europe","120.01","2613","0.9926","0.871","Other"
"12910","North America","119.91999999999999","2614","0.9927","0.8713","Other"
"11690","North America","119.4","2615","0.9927","0.8717","Other"
"12797","Europe","119.36","2616","0.9927","0.872","Other"
"11126","Europe","119.2","2617","0.9928","0.8723","Other"
"10800","Middle East","118.92","2618","0.9928","0.8727","Other"
"10148","North America","118.81","2619","0.9928","0.873","Other"
"10732","North America","118.18","2620","0.9929","0.8733","Other"
"11591","Europe","116.61","2621","0.9929","0.8737","Other"
"10040","Europe","116.36","2622","0.9929","0.874","Other"
"10575","Europe","116.24","2623","0.993","0.8743","Other"
"10225","North America","115.50999999999999","2624","0.993","0.8747","Other"
"12282","Europe","115.44","2625","0.993","0.875","Other"
"11948","Southeast Asia","115.38999999999999","2626","0.9931","0.8753","Other"
"12378","Latin America","115.35","2627","0.9931","0.8757","Other"
"11947","Europe","115.21","2628","0.9931","0.876","Other"
"12912","Latin America","114.94","2629","0.9932","0.8763","Other"
"10909","North America","114.75999999999999","2630","0.9932","0.8767","Other"
"12841","North America","114.66","2631","0.9932","0.877","Other"
"12035","Latin America","114.36000000000001","2632","0.9933","0.8773","Other"
"12415","Middle East","114.29","2633","0.9933","0.8777","Other"
"11797","Europe","113.85","2634","0.9933","0.878","Other"
"12120","Southeast Asia","113.52","2635","0.9934","0.8783","Other"
"12717","Middle East","113.18","2636","0.9934","0.8787","Other"
"10163","North America","113.12","2637","0.9934","0.879","Other"
"11383","North America","112.7","2638","0.9935","0.8793","Other"
"11108","North America","112.69","2639","0.9935","0.8797","Other"
"12298","North America","112.19","2640","0.9935","0.88","Other"
"12044","Europe","112.16","2641","0.9936","0.8803","Other"
"11455","Middle East","111.91","2642","0.9936","0.8807","Other"
"10678","North America","111.85","2643","0.9936","0.881","Other"
"11393","North America","111.55","2644","0.9937","0.8813","Other"
"10595","Latin America","110.84","2645","0.9937","0.8817","Other"
"10045","Europe","110.78999999999999","2646","0.9937","0.882","Other"
"11741","Europe","110.49000000000001","2647","0.9938","0.8823","Other"
"10410","Latin America","110.22","2648","0.9938","0.8827","Other"
"12424","Southeast Asia","110.18","2649","0.9938","0.883","Other"
"12169","Latin America","109.98","2650","0.9939","0.8833","Other"
"11490","Latin America","109.94","2651","0.9939","0.8837","Other"
"12393","Middle East","109.78","2652","0.9939","0.884","Other"
"10779","Europe","109.75","2653","0.9939","0.8843","Other"
"11529","Southeast Asia","109.64","2654","0.994","0.8847","Other"
"10383","Middle East","109.30000000000001","2655","0.994","0.885","Other"
"12341","Europe","107.94","2656","0.994","0.8853","Other"
"10664","North America","107.9","2657","0.9941","0.8857","Other"
"12322","Southeast Asia","107.9","2657","0.9941","0.8857","Other"
"10343","Europe","107.59","2659","0.9941","0.8863","Other"
"12918","Europe","107.50999999999999","2660","0.9942","0.8867","Other"
"12868","Europe","107.39","2661","0.9942","0.887","Other"
"10367","Southeast Asia","107.26","2662","0.9942","0.8873","Other"
"11629","North America","106.92999999999999","2663","0.9943","0.8877","Other"
"11168","Southeast Asia","106.49","2664","0.9943","0.888","Other"
"12338","North America","106.32000000000001","2665","0.9943","0.8883","Other"
"12617","North America","105.68","2666","0.9943","0.8887","Other"
"12816","Southeast Asia","105.44","2667","0.9944","0.889","Other"
"12274","Southeast Asia","104.93","2668","0.9944","0.8893","Other"
"11513","North America","104.78","2669","0.9944","0.8897","Other"
"10469","Middle East","104.63","2670","0.9945","0.89","Other"
"12627","Europe","104.6","2671","0.9945","0.8903","Other"
"11421","Europe","104.41","2672","0.9945","0.8907","Other"
"10452","Europe","103.94","2673","0.9946","0.891","Other"
"11814","Europe","103.33000000000001","2674","0.9946","0.8913","Other"
"11819","North America","103.16","2675","0.9946","0.8917","Other"
"11478","Europe","102.87","2676","0.9946","0.892","Other"
"10117","Southeast Asia","102.69","2677","0.9947","0.8923","Other"
"12119","Europe","102.47999999999999","2678","0.9947","0.8927","Other"
"10866","Europe","102.4","2679","0.9947","0.893","Other"
"10401","North America","102.32","2680","0.9948","0.8933","Other"
"10718","Europe","102.03","2681","0.9948","0.8937","Other"
"11811","Europe","101.98","2682","0.9948","0.894","Other"
"10070","North America","101.4","2683","0.9949","0.8943","Other"
"11081","Southeast Asia","101.14","2684","0.9949","0.8947","Other"
"11068","North America","100.19","2685","0.9949","0.895","Other"
"10202","Europe","99.61","2686","0.9949","0.8953","Other"
"12070","Europe","99.37","2687","0.995","0.8957","Other"
"12000","North America","98.94","2688","0.995","0.896","Other"
"10260","North America","98.81","2689","0.995","0.8963","Other"
"10371","Europe","98.29","2690","0.9951","0.8967","Other"
"10439","North America","98.17","2691","0.9951","0.897","Other"
"11315","North America","97.06","2692","0.9951","0.8973","Other"
"10773","Southeast Asia","96.92","2693","0.9951","0.8977","Other"
"12801","Southeast Asia","96.39","2694","0.9952","0.898","Other"
"10997","Southeast Asia","96.1","2695","0.9952","0.8983","Other"
"12455","Latin America","95.98","2696","0.9952","0.8987","Other"
"10387","Europe","95.74","2697","0.9952","0.899","Other"
"11065","Europe","95.69999999999999","2698","0.9953","0.8993","Other"
"10910","Southeast Asia","95.5","2699","0.9953","0.8997","Other"
"12427","Middle East","95.45","2700","0.9953","0.9","Other"
"12184","Latin America","95.2","2701","0.9954","0.9003","Other"
"10400","Southeast Asia","95.1","2702","0.9954","0.9007","Other"
"10592","Latin America","95.05","2703","0.9954","0.901","Other"
"12584","North America","94.87","2704","0.9954","0.9013","Other"
"10396","Latin America","94.79","2705","0.9955","0.9017","Other"
"11568","North America","94.52","2706","0.9955","0.902","Other"
"10655","North America","94.38","2707","0.9955","0.9023","Other"
"11363","Latin America","94.38","2707","0.9955","0.9023","Other"
"12343","Middle East","94.28","2709","0.9956","0.903","Other"
"11563","Southeast Asia","93.53","2710","0.9956","0.9033","Other"
"10285","Southeast Asia","93.23","2711","0.9956","0.9037","Other"
"12100","Middle East","92.75","2712","0.9957","0.904","Other"
"11423","Southeast Asia","92.4","2713","0.9957","0.9043","Other"
"10879","North America","92.04","2714","0.9957","0.9047","Other"
"10264","Europe","91.97","2715","0.9957","0.905","Other"
"12254","North America","91.94999999999999","2716","0.9958","0.9053","Other"
"10586","Europe","91.74000000000001","2717","0.9958","0.9057","Other"
"12690","North America","91.68","2718","0.9958","0.906","Other"
"10849","Southeast Asia","91.55","2719","0.9958","0.9063","Other"
"10328","Southeast Asia","91.49","2720","0.9959","0.9067","Other"
"11391","Europe","91.41","2721","0.9959","0.907","Other"
"10774","North America","91.32","2722","0.9959","0.9073","Other"
"12526","North America","91.19","2723","0.9959","0.9077","Other"
"12585","North America","90.78","2724","0.996","0.908","Other"
"12838","North America","90.31","2725","0.996","0.9083","Other"
"11055","Europe","90.29","2726","0.996","0.9087","Other"
"11506","Europe","89.58","2727","0.9961","0.909","Other"
"12806","Middle East","89.57","2728","0.9961","0.9093","Other"
"12464","Europe","89.17","2729","0.9961","0.9097","Other"
"10500","Southeast Asia","89.09","2730","0.9961","0.91","Other"
"11985","Middle East","89.02","2731","0.9962","0.9103","Other"
"10591","Southeast Asia","88.84","2732","0.9962","0.9107","Other"
"11635","Southeast Asia","88.07","2733","0.9962","0.911","Other"
"11336","North America","87.46000000000001","2734","0.9962","0.9113","Other"
"11485","North America","87.4","2735","0.9963","0.9117","Other"
"10140","Southeast Asia","87.09","2736","0.9963","0.912","Other"
"10765","Southeast Asia","86.9","2737","0.9963","0.9123","Other"
"11763","Southeast Asia","86.59","2738","0.9963","0.9127","Other"
"11512","Southeast Asia","86.27","2739","0.9964","0.913","Other"
"12869","Europe","85.8","2740","0.9964","0.9133","Other"
"12772","Europe","85.55","2741","0.9964","0.9137","Other"
"10711","North America","85.3","2742","0.9964","0.914","Other"
"10635","Middle East","85.28","2743","0.9965","0.9143","Other"
"10549","Europe","85.18","2744","0.9965","0.9147","Other"
"12830","Europe","84.98","2745","0.9965","0.915","Other"
"10907","North America","84.92999999999999","2746","0.9965","0.9153","Other"
"11443","North America","84.66","2747","0.9966","0.9157","Other"
"11440","Southeast Asia","83.56","2748","0.9966","0.916","Other"
"11498","Middle East","83.06","2749","0.9966","0.9163","Other"
"11857","North America","82.39","2750","0.9966","0.9167","Other"
"10540","Latin America","82.36","2751","0.9966","0.917","Other"
"12126","Europe","82.27","2752","0.9967","0.9173","Other"
"12802","Middle East","82.18","2753","0.9967","0.9177","Other"
"11129","Middle East","82.07","2754","0.9967","0.918","Other"
"10855","North America","81.76","2755","0.9967","0.9183","Other"
"11002","North America","81.66","2756","0.9968","0.9187","Other"
"10700","Middle East","81.38","2757","0.9968","0.919","Other"
"11231","Latin America","81.33","2758","0.9968","0.9193","Other"
"12405","Latin America","80.52","2759","0.9968","0.9197","Other"
"12981","Latin America","80.3","2760","0.9969","0.92","Other"
"12095","North America","80.25","2761","0.9969","0.9203","Other"
"11782","Latin America","80.14","2762","0.9969","0.9207","Other"
"10979","North America","80.12","2763","0.9969","0.921","Other"
"10636","Europe","79.89","2764","0.997","0.9213","Other"
"11772","North America","79.76","2765","0.997","0.9217","Other"
"11083","Europe","79.55","2766","0.997","0.922","Other"
"12775","Europe","78.58","2767","0.997","0.9223","Other"
"10792","Latin America","78.27","2768","0.997","0.9227","Other"
"12516","North America","77.81","2769","0.9971","0.923","Other"
"10619","Southeast Asia","77.58","2770","0.9971","0.9233","Other"
"12101","Southeast Asia","76.72999999999999","2771","0.9971","0.9237","Other"
"11988","Europe","76.49000000000001","2772","0.9971","0.924","Other"
"11718","Latin America","75.74","2773","0.9972","0.9243","Other"
"11277","North America","75.73","2774","0.9972","0.9247","Other"
"11329","Southeast Asia","75.43","2775","0.9972","0.925","Other"
"10523","Middle East","75.24","2776","0.9972","0.9253","Other"
"12196","North America","75.01","2777","0.9972","0.9257","Other"
"11957","Southeast Asia","74.77","2778","0.9973","0.926","Other"
"12045","North America","74.58","2779","0.9973","0.9263","Other"
"10486","Latin America","74.38","2780","0.9973","0.9267","Other"
"10003","Southeast Asia","74.1","2781","0.9973","0.927","Other"
"11246","Latin America","74.1","2781","0.9973","0.927","Other"
"10373","North America","73.42","2783","0.9974","0.9277","Other"
"10485","Europe","73.22","2784","0.9974","0.928","Other"
"10598","North America","73.12","2785","0.9974","0.9283","Other"
"11713","North America","72.66","2786","0.9974","0.9287","Other"
"12192","Southeast Asia","72.39","2787","0.9975","0.929","Other"
"11725","Middle East","72.24","2788","0.9975","0.9293","Other"
"11272","North America","72.19","2789","0.9975","0.9297","Other"
"12444","Middle East","71.84","2790","0.9975","0.93","Other"
"12931","Europe","70.94","2791","0.9975","0.9303","Other"
"10599","Southeast Asia","70.78","2792","0.9976","0.9307","Other"
"10392","North America","70.45","2793","0.9976","0.931","Other"
"10894","North America","70.16","2794","0.9976","0.9313","Other"
"10108","Southeast Asia","69.93","2795","0.9976","0.9317","Other"
"12655","Southeast Asia","69.92","2796","0.9976","0.932","Other"
"12179","Europe","69.82","2797","0.9977","0.9323","Other"
"11149","North America","69.69","2798","0.9977","0.9327","Other"
"10425","Europe","69.58","2799","0.9977","0.933","Other"
"10411","Latin America","69.44","2800","0.9977","0.9333","Other"
"11778","Southeast Asia","69.43","2801","0.9977","0.9337","Other"
"10508","North America","69.18","2802","0.9978","0.934","Other"
"10395","Europe","68.95","2803","0.9978","0.9343","Other"
"10554","Middle East","68.46","2804","0.9978","0.9347","Other"
"10071","North America","68.44","2805","0.9978","0.935","Other"
"10086","Southeast Asia","68.39","2806","0.9978","0.9353","Other"
"10621","Southeast Asia","68.28","2807","0.9979","0.9357","Other"
"10790","Latin America","68.28","2807","0.9979","0.9357","Other"
"11683","Europe","67.69","2809","0.9979","0.9363","Other"
"10134","Europe","66.66","2810","0.9979","0.9367","Other"
"10212","Europe","66.42","2811","0.9979","0.937","Other"
"12804","North America","65.95","2812","0.9979","0.9373","Other"
"11982","North America","65.91","2813","0.998","0.9377","Other"
"11052","Southeast Asia","65.8","2814","0.998","0.938","Other"
"10791","North America","65.78999999999999","2815","0.998","0.9383","Other"
"11182","North America","65.78","2816","0.998","0.9387","Other"
"11828","Latin America","65.78","2816","0.998","0.9387","Other"
"11180","North America","65.32","2818","0.9981","0.9393","Other"
"10232","Latin America","65.2","2819","0.9981","0.9397","Other"
"11274","North America","65.17","2820","0.9981","0.94","Other"
"12278","North America","65.01","2821","0.9981","0.9403","Other"
"10161","North America","64.94","2822","0.9981","0.9407","Other"
"12808","Southeast Asia","64.93","2823","0.9982","0.941","Other"
"12426","Latin America","64.6","2824","0.9982","0.9413","Other"
"11891","Southeast Asia","64.31","2825","0.9982","0.9417","Other"
"12500","Europe","64.26","2826","0.9982","0.942","Other"
"10865","Europe","64.12","2827","0.9982","0.9423","Other"
"12467","Europe","63.81","2828","0.9982","0.9427","Other"
"10874","Europe","63.56","2829","0.9983","0.943","Other"
"12793","Southeast Asia","63.2","2830","0.9983","0.9433","Other"
"10552","North America","63.01","2831","0.9983","0.9437","Other"
"11628","Middle East","62.84","2832","0.9983","0.944","Other"
"10453","North America","62.82","2833","0.9984","0.9443","Other"
"11601","Southeast Asia","62.82","2833","0.9984","0.9443","Other"
"10781","North America","60.3","2835","0.9984","0.945","Other"
"12686","Southeast Asia","59.769999999999996","2836","0.9984","0.9453","Other"
"10109","Southeast Asia","59.21","2837","0.9984","0.9457","Other"
"11446","Southeast Asia","58.84","2838","0.9984","0.946","Other"
"10042","North America","58.62","2839","0.9984","0.9463","Other"
"11499","Europe","58.13","2840","0.9985","0.9467","Other"
"11964","Southeast Asia","58.02","2841","0.9985","0.947","Other"
"10780","Middle East","57.74","2842","0.9985","0.9473","Other"
"10065","Europe","57.72","2843","0.9985","0.9477","Other"
"12968","Europe","57.32","2844","0.9985","0.948","Other"
"10901","Middle East","57.29","2845","0.9985","0.9483","Other"
"11562","Europe","57.24","2846","0.9986","0.9487","Other"
"10440","Europe","56.62","2847","0.9986","0.949","Other"
"10023","Latin America","56.38","2848","0.9986","0.9493","Other"
"12602","Europe","55.9","2849","0.9986","0.9497","Other"
"12268","Southeast Asia","55.67","2850","0.9986","0.95","Other"
"10558","North America","55.61","2851","0.9987","0.9503","Other"
"12139","Latin America","55.61","2851","0.9987","0.9503","Other"
"10902","Latin America","55.54","2853","0.9987","0.951","Other"
"12642","North America","55.13","2854","0.9987","0.9513","Other"
"11884","Europe","54.97","2855","0.9987","0.9517","Other"
"12694","Latin America","54.76","2856","0.9987","0.952","Other"
"10295","Southeast Asia","53.41","2857","0.9987","0.9523","Other"
"12374","Latin America","53.32","2858","0.9988","0.9527","Other"
"10842","Latin America","53.25","2859","0.9988","0.953","Other"
"11344","North America","53.15","2860","0.9988","0.9533","Other"
"11663","Europe","52.63","2861","0.9988","0.9537","Other"
"11439","North America","52.58","2862","0.9988","0.954","Other"
"11505","Europe","52.01","2863","0.9988","0.9543","Other"
"10517","North America","51.88","2864","0.9988","0.9547","Other"
"12710","Southeast Asia","50.93","2865","0.9989","0.955","Other"
"11327","North America","50.82","2866","0.9989","0.9553","Other"
"10515","Latin America","50.07","2867","0.9989","0.9557","Other"
"12212","Middle East","50","2868","0.9989","0.956","Other"
"12512","Latin America","49.31","2869","0.9989","0.9563","Other"
"10189","Middle East","49.040000000000006","2870","0.9989","0.9567","Other"
"10782","North America","48.62","2871","0.9989","0.957","Other"
"11082","Latin America","48.5","2872","0.999","0.9573","Other"
"12922","North America","48.29","2873","0.999","0.9577","Other"
"11070","Middle East","46.76","2874","0.999","0.958","Other"
"10793","Southeast Asia","46.65","2875","0.999","0.9583","Other"
"12894","Europe","46.57","2876","0.999","0.9587","Other"
"12034","Europe","46.54","2877","0.999","0.959","Other"
"10062","North America","46.1","2878","0.999","0.9593","Other"
"10351","North America","45.91","2879","0.999","0.9597","Other"
"12878","Latin America","45.9","2880","0.9991","0.96","Other"
"11630","Europe","45.78","2881","0.9991","0.9603","Other"
"11476","Europe","45.66","2882","0.9991","0.9607","Other"
"10708","Latin America","44.58","2883","0.9991","0.961","Other"
"12334","Latin America","44.55","2884","0.9991","0.9613","Other"
"10431","Southeast Asia","43.28","2885","0.9991","0.9617","Other"
"10756","North America","43.22","2886","0.9991","0.962","Other"
"10924","North America","43.21","2887","0.9992","0.9623","Other"
"12146","North America","43.02","2888","0.9992","0.9627","Other"
"10418","Southeast Asia","42.92","2889","0.9992","0.963","Other"
"10015","Southeast Asia","42.78","2890","0.9992","0.9633","Other"
"10027","North America","41.94","2891","0.9992","0.9637","Other"
"11645","Europe","41.9","2892","0.9992","0.964","Other"
"10366","Europe","41.32","2893","0.9992","0.9643","Other"
"10052","Southeast Asia","41.02","2894","0.9992","0.9647","Other"
"12533","Europe","40.68","2895","0.9992","0.965","Other"
"10673","Southeast Asia","40.04","2896","0.9993","0.9653","Other"
"11473","Middle East","39.8","2897","0.9993","0.9657","Other"
"10155","Latin America","39.09","2898","0.9993","0.966","Other"
"12955","Southeast Asia","39.07","2899","0.9993","0.9663","Other"
"11500","Southeast Asia","39.02","2900","0.9993","0.9667","Other"
"11646","Middle East","38.74","2901","0.9993","0.967","Other"
"12349","Southeast Asia","38.74","2901","0.9993","0.967","Other"
"10528","North America","38.01","2903","0.9993","0.9677","Other"
"12214","Middle East","37.95","2904","0.9993","0.968","Other"
"11984","Europe","37.71","2905","0.9994","0.9683","Other"
"12504","Europe","37.28","2906","0.9994","0.9687","Other"
"11008","Middle East","37.17","2907","0.9994","0.969","Other"
"12093","Middle East","37.17","2907","0.9994","0.969","Other"
"10990","Southeast Asia","37.03","2909","0.9994","0.9697","Other"
"10941","Europe","36.79","2910","0.9994","0.97","Other"
"11968","North America","36.69","2911","0.9994","0.9703","Other"
"12063","Europe","36.61","2912","0.9994","0.9707","Other"
"12003","North America","36.39","2913","0.9994","0.971","Other"
"12167","North America","36.24","2914","0.9995","0.9713","Other"
"11280","Europe","35.82","2915","0.9995","0.9717","Other"
"11456","North America","35.51","2916","0.9995","0.972","Other"
"12479","Latin America","35.32","2917","0.9995","0.9723","Other"
"12651","Middle East","33.79","2918","0.9995","0.9727","Other"
"12969","North America","32.66","2919","0.9995","0.973","Other"
"11830","Southeast Asia","32.28","2920","0.9995","0.9733","Other"
"12402","Southeast Asia","32.24","2921","0.9995","0.9737","Other"
"10320","Europe","29.62","2922","0.9995","0.974","Other"
"12082","Latin America","28.95","2923","0.9995","0.9743","Other"
"12416","Europe","28.85","2924","0.9995","0.9747","Other"
"12738","North America","28.75","2925","0.9996","0.975","Other"
"11467","North America","28.6","2926","0.9996","0.9753","Other"
"12099","Southeast Asia","28.35","2927","0.9996","0.9757","Other"
"10284","North America","28.14","2928","0.9996","0.976","Other"
"10669","Latin America","27.96","2929","0.9996","0.9763","Other"
"10813","North America","27.69","2930","0.9996","0.9767","Other"
"10920","North America","27.54","2931","0.9996","0.977","Other"
"11526","North America","27.11","2932","0.9996","0.9773","Other"
"12080","Southeast Asia","26.37","2933","0.9996","0.9777","Other"
"12431","Europe","26.2","2934","0.9996","0.978","Other"
"11724","Southeast Asia","26.11","2935","0.9996","0.9783","Other"
"11420","Southeast Asia","26.01","2936","0.9997","0.9787","Other"
"11532","Latin America","26.01","2936","0.9997","0.9787","Other"
"10663","Latin America","25.86","2938","0.9997","0.9793","Other"
"12050","Latin America","25.52","2939","0.9997","0.9797","Other"
"10807","North America","25.36","2940","0.9997","0.98","Other"
"11492","Europe","25.29","2941","0.9997","0.9803","Other"
"11825","Middle East","25.1","2942","0.9997","0.9807","Other"
"11079","North America","24.67","2943","0.9997","0.981","Other"
"10576","Europe","24.33","2944","0.9997","0.9813","Other"
"11996","North America","24.23","2945","0.9997","0.9817","Other"
"12279","Southeast Asia","24.23","2945","0.9997","0.9817","Other"
"11226","Southeast Asia","23.92","2947","0.9997","0.9823","Other"
"11747","Europe","23.4","2948","0.9997","0.9827","Other"
"12142","Europe","23.23","2949","0.9997","0.983","Other"
"11310","Latin America","23","2950","0.9997","0.9833","Other"
"12545","North America","22.83","2951","0.9997","0.9837","Other"
"11768","Southeast Asia","22.74","2952","0.9998","0.984","Other"
"12821","Europe","22.71","2953","0.9998","0.9843","Other"
"11012","Latin America","22.68","2954","0.9998","0.9847","Other"
"10484","North America","21.94","2955","0.9998","0.985","Other"
"10489","Europe","21.71","2956","0.9998","0.9853","Other"
"12825","Southeast Asia","21.64","2957","0.9998","0.9857","Other"
"10211","Southeast Asia","21.62","2958","0.9998","0.986","Other"
"10466","Middle East","21.38","2959","0.9998","0.9863","Other"
"11979","Europe","21.13","2960","0.9998","0.9867","Other"
"12812","Southeast Asia","21.06","2961","0.9998","0.987","Other"
"12009","Europe","20.92","2962","0.9998","0.9873","Other"
"11010","Latin America","20.9","2963","0.9998","0.9877","Other"
"11970","Europe","20.44","2964","0.9998","0.988","Other"
"11470","Southeast Asia","20.29","2965","0.9998","0.9883","Other"
"10270","Europe","20.25","2966","0.9998","0.9887","Other"
"12244","North America","20.25","2966","0.9998","0.9887","Other"
"12659","North America","19.96","2968","0.9999","0.9893","Other"
"10435","Latin America","19.71","2969","0.9999","0.9897","Other"
"11049","Europe","19.43","2970","0.9999","0.99","Other"
"10761","Europe","18.93","2971","0.9999","0.9903","Other"
"12281","Latin America","18.86","2972","0.9999","0.9907","Other"
"10116","North America","18.78","2973","0.9999","0.991","Other"
"10717","Europe","18.74","2974","0.9999","0.9913","Other"
"12663","Europe","18.64","2975","0.9999","0.9917","Other"
"10992","Middle East","18.62","2976","0.9999","0.992","Other"
"10490","Europe","18.47","2977","0.9999","0.9923","Other"
"11787","Latin America","18.22","2978","0.9999","0.9927","Other"
"12364","Europe","18.22","2978","0.9999","0.9927","Other"
"10349","Europe","18.21","2980","0.9999","0.9933","Other"
"11271","Europe","17.78","2981","0.9999","0.9937","Other"
"12624","Middle East","17.78","2981","0.9999","0.9937","Other"
"10186","Europe","17.77","2983","0.9999","0.9943","Other"
"12897","Middle East","17.57","2984","0.9999","0.9947","Other"
"12576","Latin America","17.32","2985","0.9999","0.995","Other"
"11576","North America","17.26","2986","0.9999","0.9953","Other"
"10736","North America","16.76","2987","1","0.9957","Other"
"11650","Southeast Asia","16.43","2988","1","0.996","Other"
"11427","North America","15.75","2989","1","0.9963","Other"
"12221","Latin America","14.9","2990","1","0.9967","Other"
"12554","North America","14.04","2991","1","0.997","Other"
"10821","Europe","13.66","2992","1","0.9973","Other"
"12952","Europe","12.23","2993","1","0.9977","Other"
"10075","Southeast Asia","12.06","2994","1","0.998","Other"
"12927","Latin America","11.8","2995","1","0.9983","Other"
"10150","North America","11.21","2996","1","0.9987","Other"
"12411","North America","11.21","2996","1","0.9987","Other"
"10227","Southeast Asia","10.92","2998","1","0.9993","Other"
"12460","Europe","10.87","2999","1","0.9997","Other"
"11286","Europe","5","3000","1","1","Other"
