"customer_id","region","acquisition_chan","total_spent","orders_count"
"12348","Europe","Influencer","30360.93","43"
"11131","Europe","Influencer","22546.65","41"
"12723","North America","Referral","19561.76","43"
"10995","Europe","Influencer","19496.63","32"
"11387","Southeast Asia","Influencer","18730.1","35"
"11835","Southeast Asia","Referral","18114.42","31"
"11046","Europe","Organic","17960.45","37"
"10837","North America","Influencer","17822.03","27"
"12965","Europe","Email","16732.93","32"
"12478","North America","Referral","16412.5","32"
"12978","Southeast Asia","Organic","16030.08","28"
"11493","Southeast Asia","Organic","16017.48","22"
"11302","Europe","Influencer","15695.02","27"
"12251","Southeast Asia","Influencer","15367.11","35"
"12562","Southeast Asia","Influencer","15108.26","23"
"10548","Europe","Social Ads","14656.32","15"
"12991","Southeast Asia","Referral","14433.89","24"
"10414","North America","Influencer","14336.28","23"
"12057","Southeast Asia","Influencer","14304.93","28"
"10146","North America","Organic","14026.84","27"
"12295","Southeast Asia","Organic","13480.46","19"
"11222","Southeast Asia","Referral","13239.82","28"
"12462","North America","Organic","13022.92","25"
"11717","Europe","Email","12799.4","25"
"12590","North America","Influencer","12609.23","17"
"12776","North America","Influencer","12606.4","26"
"12692","North America","Organic","12439.24","19"
"10359","North America","Referral","12337.44","24"
"11497","North America","Organic","11674.24","29"
"11637","Latin America","Referral","11598.22","20"
"11069","Europe","Paid Search","11410.61","15"
"12437","Europe","Organic","11324.94","22"
"11464","Europe","Paid Search","11300.52","12"
"12414","Southeast Asia","Organic","11212.59","18"
"11839","Middle East","Referral","11164.86","19"
"10286","North America","Paid Search","11048.66","21"
"11370","Southeast Asia","Influencer","10959.56","21"
"10539","Middle East","Email","10615.72","19"
"12766","Middle East","Organic","10599.49","21"
"11247","Europe","Influencer","10544.42","18"
"10220","Southeast Asia","Organic","10324.38","17"
"10370","Southeast Asia","Organic","10049.36","21"
"11599","Europe","Referral","9901.7","18"
"10291","North America","Social Ads","9336.13","15"
"12463","North America","Organic","9321.84","20"
"10632","North America","Social Ads","9291.29","16"
"11098","Southeast Asia","Organic","8807.54","15"
"11552","Southeast Asia","Email","8680.02","14"
"10801","Europe","Referral","8570.68","23"
"12940","Southeast Asia","Influencer","8551.08","17"
"11909","Southeast Asia","Social Ads","8527.13","17"
"12657","Middle East","Social Ads","8521.31","15"
"10333","Middle East","Referral","8488.21","20"
"10016","Europe","Organic","8382.29","19"
"10741","Southeast Asia","Organic","8299.17","14"
"11954","Latin America","Social Ads","8296.14","15"
"12701","North America","Organic","7997.06","16"
"10179","Southeast Asia","Influencer","7954.32","7"
"12707","North America","Influencer","7936.73","13"
"12425","Middle East","Organic","7666.49","14"
"12646","North America","Email","7435.52","14"
"11298","Southeast Asia","Referral","7389.44","13"
"10697","Middle East","Influencer","7291.57","12"
"12629","North America","Social Ads","7233.52","12"
"10699","Europe","Email","7042.13","14"
"11468","Southeast Asia","Organic","6862.97","22"
"11522","North America","Influencer","6780.65","15"
"10442","Europe","Organic","6749.55","20"
"10530","Europe","Social Ads","6704.3099999999995","15"
"10977","Middle East","Paid Search","6696.849999999999","11"
"12340","Southeast Asia","Organic","6595.57","15"
"10814","Southeast Asia","Paid Search","6535.9400000000005","16"
"12626","Europe","Email","6535.71","11"
"11024","Middle East","Paid Search","6502.2300000000005","9"
"12089","Europe","Paid Search","6486.81","9"
"10601","North America","Organic","6473.6","13"
"12029","Europe","Social Ads","6446.04","12"
"11320","Southeast Asia","Referral","6375.89","13"
"10946","Southeast Asia","Paid Search","6337.61","10"
"11756","North America","Social Ads","6322.59","14"
"11080","Latin America","Influencer","6250.63","10"
"12953","North America","Paid Search","6142.67","11"
"11997","Europe","Social Ads","6126.65","8"
"10943","Southeast Asia","Social Ads","6089.05","12"
"11412","North America","Email","5849.21","9"
"11737","Europe","Social Ads","5696.5199999999995","12"
"11200","North America","Organic","5637.55","7"
"11022","Europe","Paid Search","5585.63","12"
"10572","Southeast Asia","Organic","5581.32","10"
"11087","Latin America","Email","5569.53","11"
"12664","North America","Referral","5501.46","13"
"10067","Europe","Referral","5492.36","11"
"12558","North America","Influencer","5469.79","7"
"12447","North America","Paid Search","5376.42","11"
"12018","Latin America","Organic","5309.7","10"
"10206","Southeast Asia","Social Ads","5288.88","11"
"11219","North America","Email","5253.92","10"
"11300","North America","Influencer","5224.9400000000005","12"
"10324","Latin America","Organic","5203.87","11"
"11610","Europe","Organic","5181.34","9"
"10658","Latin America","Paid Search","5175.18","6"
"12681","Europe","Referral","5131.09","11"
"10066","North America","Email","5085.04","11"
"11341","Southeast Asia","Paid Search","5067.5199999999995","7"
"12916","North America","Paid Search","5058.22","7"
"10509","Latin America","Social Ads","5033.36","9"
"11999","North America","Paid Search","4988.01","12"
"11121","Southeast Asia","Social Ads","4909.11","12"
"12400","North America","Organic","4759.83","12"
"10398","Europe","Email","4759.69","8"
"12134","Southeast Asia","Influencer","4757.93","11"
"12731","North America","Social Ads","4750.2","9"
"12015","Southeast Asia","Influencer","4729.75","7"
"12306","Southeast Asia","Influencer","4514.65","11"
"11160","North America","Referral","4495.59","8"
"11279","North America","Influencer","4492.860000000001","10"
"10748","Europe","Paid Search","4479.71","7"
"11015","Europe","Social Ads","4455.16","8"
"11037","Europe","Influencer","4377.51","6"
"11770","Middle East","Influencer","4345.8","6"
"11321","Europe","Email","4331.42","5"
"10587","Latin America","Paid Search","4304.84","7"
"12939","Latin America","Referral","4274.0599999999995","5"
"11494","Europe","Social Ads","4267.83","7"
"10001","Middle East","Referral","4219.33","8"
"11933","Southeast Asia","Referral","4161.07","10"
"10888","Middle East","Paid Search","4150.47","3"
"11119","Latin America","Social Ads","4139.3099999999995","10"
"11353","North America","Influencer","4078.42","10"
"12975","Europe","Influencer","4058.7200000000003","10"
"12656","Latin America","Paid Search","4036.01","10"
"11192","Europe","Influencer","4028.48","8"
"11020","North America","Influencer","3970.54","10"
"11000","North America","Organic","3897.13","6"
"11926","Latin America","Referral","3869.89","6"
"10056","Latin America","Email","3856.03","10"
"10816","Latin America","Organic","3853.7799999999997","9"
"11143","Southeast Asia","Organic","3834.11","12"
"11803","Europe","Influencer","3812.21","10"
"11411","Europe","Influencer","3796.21","10"
"12929","North America","Email","3775.81","6"
"11115","Europe","Email","3766.1","10"
"10406","Southeast Asia","Social Ads","3721.55","7"
"10604","Europe","Organic","3678.69","9"
"12381","North America","Email","3676.01","7"
"12144","Southeast Asia","Social Ads","3658.4700000000003","7"
"10164","Europe","Influencer","3658.23","7"
"10607","Europe","Organic","3628.71","8"
"12749","Middle East","Referral","3587.02","5"
"11580","Europe","Influencer","3518.66","10"
"12060","Southeast Asia","Organic","3475.0600000000004","5"
"11587","North America","Paid Search","3467.71","5"
"11501","Europe","Organic","3452.5","6"
"12086","North America","Paid Search","3439.5","11"
"11674","North America","Influencer","3434.38","14"
"12449","Middle East","Social Ads","3429.04","9"
"12782","Latin America","Organic","3414.54","8"
"12265","North America","Influencer","3388.17","11"
"10654","North America","Organic","3372.64","7"
"10168","Europe","Organic","3306.91","7"
"12785","Europe","Organic","3304.02","11"
"12913","Europe","Referral","3293.43","7"
"12925","North America","Social Ads","3272.31","7"
"10689","North America","Organic","3270.7200000000003","7"
"11132","Europe","Influencer","3267.98","9"
"12836","Southeast Asia","Organic","3255.04","10"
"10055","Latin America","Social Ads","3252.8999999999996","4"
"11392","North America","Influencer","3251.6","13"
"12687","Southeast Asia","Social Ads","3249.9","9"
"12097","Europe","Organic","3237.16","9"
"12889","North America","Paid Search","3232.96","5"
"10350","Middle East","Paid Search","3205.02","9"
"11962","North America","Organic","3196.7000000000003","10"
"11176","North America","Social Ads","3195.61","8"
"11201","Europe","Referral","3162.48","5"
"11296","Latin America","Paid Search","3137.26","4"
"10525","Europe","Social Ads","3136.5099999999998","6"
"10131","Europe","Influencer","3123.7200000000003","7"
"11987","Europe","Referral","3066.52","11"
"11848","North America","Referral","3057.54","11"
"11228","Europe","Organic","3032.52","7"
"10868","Europe","Email","3032.02","9"
"10180","Southeast Asia","Social Ads","3026.48","5"
"10660","Europe","Referral","3018.71","5"
"10820","North America","Social Ads","2998.71","8"
"12871","Europe","Organic","2987.13","10"
"12328","North America","Organic","2983.36","7"
"12654","North America","Influencer","2979.71","4"
"11075","North America","Organic","2971.83","2"
"12158","Southeast Asia","Organic","2962.44","10"
"10681","Latin America","Referral","2943.4","10"
"12999","North America","Paid Search","2923.38","8"
"11977","Southeast Asia","Organic","2918.27","7"
"11290","Southeast Asia","Organic","2916.2","5"
"12245","Latin America","Organic","2913.17","6"
"10582","Europe","Social Ads","2912.73","8"
"11156","North America","Influencer","2900.55","13"
"10156","North America","Influencer","2894.9300000000003","10"
"10158","Europe","Influencer","2880.88","7"
"11175","Europe","Social Ads","2880.72","7"
"11622","North America","Referral","2880.66","5"
"11163","Europe","Organic","2869.6099999999997","8"
"10209","Latin America","Influencer","2867.46","7"
"10353","North America","Influencer","2861.9900000000002","8"
"12457","Europe","Organic","2852.44","7"
"12085","Southeast Asia","Organic","2829.87","7"
"10974","Latin America","Organic","2826.48","7"
"12893","Latin America","Influencer","2817.17","9"
"12231","Europe","Influencer","2815.02","8"
"10547","North America","Influencer","2810.6800000000003","6"
"11852","North America","Influencer","2787.54","7"
"11581","Middle East","Paid Search","2787.51","4"
"10742","North America","Referral","2782.2400000000002","7"
"12568","North America","Email","2779.4","6"
"11011","North America","Referral","2756.54","9"
"11733","Southeast Asia","Influencer","2730.31","7"
"11352","Middle East","Organic","2726.24","4"
"10409","Southeast Asia","Organic","2724.29","5"
"10136","Southeast Asia","Organic","2723.12","8"
"12356","Middle East","Organic","2711.11","6"
"12401","Latin America","Paid Search","2710.75","6"
"11278","Europe","Paid Search","2689.12","4"
"12547","Middle East","Influencer","2678.2200000000003","7"
"11799","Southeast Asia","Organic","2671.27","6"
"10643","Southeast Asia","Paid Search","2669.54","3"
"12024","North America","Organic","2666.73","4"
"12958","Europe","Influencer","2662.88","4"
"12277","Europe","Email","2661.6","7"
"10347","Latin America","Email","2660.29","8"
"11106","North America","Organic","2649.18","7"
"11213","North America","Referral","2648.1","5"
"11483","Europe","Referral","2622.64","8"
"10834","Europe","Email","2612.77","4"
"12857","North America","Referral","2612.24","5"
"10606","North America","Organic","2595","2"
"10610","Middle East","Referral","2590.53","4"
"12039","North America","Referral","2584.7000000000003","5"
"10157","Europe","Organic","2579.92","8"
"11198","Europe","Influencer","2572.59","5"
"12811","North America","Organic","2559.92","6"
"12333","Southeast Asia","Organic","2555.52","7"
"11294","Latin America","Organic","2553.86","7"
"10141","Southeast Asia","Referral","2553.46","6"
"12030","North America","Influencer","2546.83","5"
"10680","Latin America","Email","2542.6299999999997","8"
"10279","North America","Email","2542.42","5"
"10764","Europe","Email","2531.61","5"
"11831","North America","Social Ads","2525.33","6"
"12043","Latin America","Social Ads","2522.56","4"
"10880","Latin America","Influencer","2521.58","7"
"11696","Latin America","Organic","2514.96","6"
"12061","Latin America","Referral","2511.23","9"
"10185","Europe","Paid Search","2509.23","3"
"12237","Europe","Referral","2505.8599999999997","5"
"10723","North America","Organic","2490.47","4"
"11673","Europe","Influencer","2486.04","4"
"11381","North America","Organic","2483.5","4"
"10584","Latin America","Referral","2480.7400000000002","6"
"11809","North America","Organic","2476.15","4"
"11324","Europe","Referral","2458.4700000000003","7"
"12698","North America","Referral","2454.71","6"
"11112","Middle East","Email","2448.44","5"
"10794","Europe","Organic","2448.4100000000003","4"
"12428","North America","Paid Search","2443.44","4"
"11931","North America","Organic","2437.19","10"
"11634","Latin America","Social Ads","2432.48","4"
"12187","Latin America","Referral","2428.96","6"
"10956","Southeast Asia","Email","2427.31","10"
"10671","Europe","Paid Search","2423.89","5"
"12640","Europe","Email","2411.44","5"
"12468","Latin America","Referral","2409.32","6"
"11438","Middle East","Influencer","2408.2599999999998","5"
"10326","Europe","Influencer","2403.92","10"
"12250","Middle East","Organic","2398.55","12"
"10229","Europe","Referral","2395.63","6"
"10674","North America","Organic","2392.59","10"
"12115","Europe","Email","2391.23","6"
"11368","North America","Influencer","2379.12","8"
"11986","North America","Email","2378.64","5"
"10088","Europe","Influencer","2374.48","6"
"12539","Middle East","Referral","2359.7200000000003","7"
"10188","Southeast Asia","Referral","2356.44","7"
"10019","Europe","Organic","2351.7799999999997","9"
"11815","North America","Paid Search","2343.9900000000002","4"
"11626","Southeast Asia","Organic","2336.94","8"
"12096","Middle East","Referral","2336.66","5"
"12297","Europe","Organic","2334.58","6"
"11073","Middle East","Influencer","2331.5099999999998","11"
"12307","Latin America","Influencer","2329.96","5"
"12578","North America","Organic","2322.27","5"
"12826","Europe","Influencer","2316.81","10"
"12289","Southeast Asia","Organic","2315.88","7"
"12529","Southeast Asia","Referral","2313.13","4"
"12355","Latin America","Social Ads","2307.7","4"
"12174","Europe","Influencer","2306.23","8"
"11419","North America","Referral","2291.28","8"
"12606","Latin America","Organic","2289.68","9"
"11525","Europe","Organic","2279.81","7"
"12972","Latin America","Organic","2279.42","5"
"10862","Latin America","Influencer","2273.27","8"
"12693","North America","Referral","2272.63","10"
"12145","Europe","Paid Search","2269.93","4"
"12588","North America","Social Ads","2266.94","6"
"10337","Southeast Asia","Organic","2265.0099999999998","6"
"12487","Latin America","Organic","2251.54","6"
"12022","Europe","Social Ads","2249.2599999999998","6"
"10933","North America","Organic","2248.35","5"
"12809","Latin America","Influencer","2237.67","6"
"12392","Middle East","Referral","2233.63","7"
"10952","Southeast Asia","Organic","2230.9","4"
"12185","Europe","Organic","2225.5299999999997","6"
"10121","Latin America","Influencer","2222.32","15"
"10578","Southeast Asia","Organic","2212.7999999999997","7"
"11877","Europe","Organic","2209.48","3"
"12862","Latin America","Organic","2208.9500000000003","3"
"12091","Southeast Asia","Organic","2196.47","6"
"10331","Europe","Referral","2191.03","6"
"11242","North America","Organic","2186.73","7"
"10210","Middle East","Influencer","2184.54","4"
"12932","Latin America","Influencer","2183.04","4"
"11792","North America","Organic","2181.4","7"
"11714","North America","Email","2172.38","6"
"10955","Europe","Email","2171.24","8"
"11331","Europe","Influencer","2160.15","4"
"11603","Europe","Email","2160.05","2"
"10165","Southeast Asia","Email","2154.11","3"
"12466","North America","Influencer","2153.11","4"
"12973","Europe","Email","2152.84","4"
"11358","Europe","Paid Search","2151.1","6"
"12229","Southeast Asia","Influencer","2149.11","4"
"11394","Middle East","Paid Search","2143.26","2"
"12430","Europe","Organic","2136.87","6"
"12021","North America","Influencer","2126.15","9"
"12318","North America","Influencer","2125.56","7"
"12454","Europe","Referral","2124.04","6"
"12517","North America","Referral","2118.2","9"
"11991","Europe","Influencer","2106.93","10"
"11345","Europe","Referral","2105.42","6"
"10710","Europe","Organic","2097.92","8"
"12092","Southeast Asia","Organic","2096.18","10"
"12998","Europe","Organic","2092.83","9"
"11174","Europe","Referral","2089.43","11"
"11555","Europe","Organic","2088.78","8"
"12832","Southeast Asia","Organic","2085.54","6"
"10806","North America","Organic","2085.35","4"
"12434","North America","Email","2081.63","5"
"12503","North America","Paid Search","2079.1800000000003","5"
"12168","Southeast Asia","Influencer","2075.14","8"
"11890","Latin America","Influencer","2075.02","5"
"10335","North America","Organic","2074.1","5"
"10475","North America","Referral","2061.09","2"
"11166","Middle East","Email","2060.23","2"
"12151","North America","Referral","2058.87","5"
"11561","North America","Social Ads","2049.59","4"
"11542","Europe","Influencer","2041.69","4"
"11220","North America","Email","2040.2","2"
"11414","North America","Organic","2040.1399999999999","7"
"12429","Latin America","Organic","2036.61","7"
"11940","Europe","Organic","2036.3999999999999","6"
"10020","Southeast Asia","Organic","2033.9","3"
"11953","Middle East","Social Ads","2030.6","5"
"10100","North America","Organic","2028.61","8"
"12109","Europe","Organic","2028.1","3"
"10385","Middle East","Influencer","2027.75","12"
"11401","Middle East","Paid Search","2025.9299999999998","4"
"10294","Latin America","Email","2022.51","3"
"10171","Latin America","Organic","2012.73","7"
"10893","Southeast Asia","Referral","2010.1000000000001","9"
"11788","Latin America","Influencer","2009.71","6"
"11457","Middle East","Referral","2007.99","7"
"10334","North America","Organic","2000.84","6"
"11197","North America","Influencer","2000.15","6"
"11546","Middle East","Referral","1999.74","2"
"11188","Europe","Referral","1999.52","8"
"10455","North America","Influencer","1998.36","9"
"12170","North America","Email","1993.4","4"
"10346","Latin America","Influencer","1986.36","9"
"12721","North America","Organic","1983.74","5"
"10047","Europe","Organic","1981.6499999999999","10"
"11095","Latin America","Referral","1978.34","6"
"12729","North America","Organic","1977.6200000000001","7"
"10684","Europe","Referral","1975.1000000000001","6"
"12732","Latin America","Paid Search","1972.94","5"
"11257","North America","Referral","1971.3","8"
"11864","Latin America","Referral","1961.26","5"
"10961","Europe","Organic","1959.1899999999998","4"
"11284","North America","Organic","1958.97","4"
"10835","Latin America","Organic","1957.95","7"
"11074","Europe","Organic","1952.6299999999999","5"
"11854","Latin America","Referral","1946.99","3"
"12861","Latin America","Organic","1946.36","5"
"10492","North America","Referral","1938.75","7"
"11841","Middle East","Influencer","1937.51","11"
"10811","Latin America","Organic","1935.77","3"
"10448","North America","Social Ads","1935.37","5"
"11036","Southeast Asia","Social Ads","1930.22","5"
"10199","Europe","Email","1929.3899999999999","5"
"10145","Latin America","Social Ads","1924.8","4"
"11269","Europe","Email","1923.64","7"
"12345","North America","Influencer","1914.85","11"
"11190","Middle East","Referral","1914.34","9"
"10640","Europe","Organic","1913.59","10"
"12748","Middle East","Social Ads","1913.22","6"
"10668","North America","Referral","1907.93","5"
"11648","Southeast Asia","Influencer","1907.45","9"
"12962","North America","Referral","1905.3600000000001","5"
"11014","Europe","Email","1903.6299999999999","7"
"11723","Latin America","Referral","1903.04","6"
"11593","North America","Influencer","1900.54","9"
"12561","Middle East","Organic","1899.1799999999998","4"
"11564","North America","Influencer","1895.65","5"
"11150","Europe","Influencer","1895.3","9"
"10348","Europe","Organic","1890.69","6"
"11340","North America","Influencer","1888.39","8"
"12002","Latin America","Email","1887.7700000000002","6"
"10613","Middle East","Referral","1886.02","2"
"12436","North America","Organic","1880.24","6"
"11454","Southeast Asia","Email","1877.39","5"
"11873","Southeast Asia","Referral","1875.29","2"
"12511","Middle East","Organic","1875.07","4"
"11195","Middle East","Social Ads","1872.79","3"
"12037","Middle East","Influencer","1871.89","5"
"12581","Southeast Asia","Organic","1865.74","6"
"11418","North America","Influencer","1861.24","8"
"10462","Europe","Social Ads","1859.43","3"
"10106","Europe","Organic","1854.5700000000002","6"
"12309","Southeast Asia","Email","1854.0900000000001","3"
"12253","North America","Organic","1853.87","5"
"11291","Southeast Asia","Organic","1848.49","5"
"11774","Europe","Referral","1842.53","6"
"12046","Europe","Organic","1842.26","5"
"12344","North America","Paid Search","1842.13","2"
"10302","Europe","Organic","1841.94","6"
"11390","North America","Organic","1841.85","5"
"10240","North America","Organic","1836.03","6"
"12287","Southeast Asia","Organic","1832.06","8"
"12833","North America","Referral","1826.8799999999999","7"
"12556","Europe","Social Ads","1825.64","6"
"10804","Southeast Asia","Organic","1822.45","6"
"10060","North America","Organic","1822.3600000000001","7"
"12852","Latin America","Influencer","1822.05","5"
"12943","North America","Paid Search","1821.77","4"
"11342","Southeast Asia","Influencer","1816.0800000000002","6"
"10038","Middle East","Organic","1809.68","3"
"10818","North America","Referral","1808.27","6"
"11939","Latin America","Email","1807.39","4"
"10069","Europe","Influencer","1806.3799999999999","7"
"11043","Europe","Organic","1805.6","4"
"11906","Middle East","Influencer","1803","10"
"11503","Europe","Social Ads","1800.53","5"
"11396","Latin America","Organic","1798.42","3"
"11907","Europe","Organic","1795.47","5"
"11504","Europe","Email","1793.99","5"
"12769","North America","Email","1793.84","6"
"11691","Middle East","Paid Search","1789.6799999999998","6"
"12783","North America","Social Ads","1786.79","3"
"11889","North America","Organic","1781.35","3"
"10013","Southeast Asia","Email","1779.94","4"
"11829","Latin America","Organic","1777.55","6"
"12225","Europe","Organic","1777.32","3"
"10562","Middle East","Organic","1764.1","7"
"10436","Europe","Organic","1763.5600000000002","4"
"10930","Southeast Asia","Influencer","1763.1399999999999","5"
"12267","Middle East","Email","1761.4099999999999","7"
"11720","North America","Referral","1760.6499999999999","6"
"10119","Latin America","Organic","1759.0800000000002","3"
"11462","North America","Organic","1758.58","9"
"12891","Europe","Organic","1757.1","5"
"12633","Latin America","Organic","1756.54","7"
"12230","Southeast Asia","Referral","1755.89","8"
"11469","Latin America","Influencer","1752.71","7"
"10522","Southeast Asia","Influencer","1752.44","9"
"10081","Latin America","Social Ads","1750.65","4"
"10354","North America","Influencer","1748.75","5"
"12316","North America","Referral","1745.06","2"
"10151","Middle East","Social Ads","1744.04","6"
"12396","Latin America","Organic","1741.49","4"
"11655","North America","Referral","1741.41","8"
"12950","North America","Referral","1740.95","4"
"11097","Latin America","Influencer","1734.97","7"
"11050","North America","Organic","1733.29","10"
"12106","North America","Email","1732.8600000000001","3"
"11914","Middle East","Email","1728.75","5"
"10991","Middle East","Organic","1727.98","3"
"12222","Latin America","Influencer","1720.72","8"
"12438","Southeast Asia","Influencer","1719.41","10"
"12129","Southeast Asia","Referral","1719.35","6"
"12790","Latin America","Social Ads","1717.96","5"
"12262","Southeast Asia","Social Ads","1715.17","5"
"11102","North America","Referral","1713.68","6"
"11716","Latin America","Organic","1713.26","4"
"10719","Latin America","Organic","1711.78","6"
"12384","Latin America","Email","1709.45","9"
"10224","Southeast Asia","Organic","1698.56","6"
"11893","Europe","Organic","1697.5","6"
"12582","Middle East","Referral","1692.39","6"
"12593","Southeast Asia","Social Ads","1691.27","3"
"11998","Southeast Asia","Referral","1689.81","3"
"12017","North America","Influencer","1689.33","4"
"12740","Southeast Asia","Referral","1689.32","8"
"11722","North America","Organic","1686.95","5"
"10092","Middle East","Influencer","1686.62","4"
"12914","North America","Social Ads","1685.46","4"
"10187","Latin America","Influencer","1685.33","8"
"11158","Europe","Email","1684.8899999999999","4"
"10996","Southeast Asia","Paid Search","1682.71","4"
"12911","Europe","Influencer","1680.9099999999999","8"
"12569","North America","Organic","1677.93","8"
"10980","Middle East","Organic","1675.7","4"
"12423","Southeast Asia","Influencer","1671.2199999999998","2"
"10258","Southeast Asia","Email","1670.8","6"
"10265","Southeast Asia","Influencer","1664.82","5"
"10928","Southeast Asia","Influencer","1662.06","6"
"11583","Europe","Organic","1660.74","7"
"10137","North America","Referral","1660.24","8"
"12750","North America","Organic","1659.71","5"
"12827","North America","Referral","1658.97","6"
"10734","Latin America","Paid Search","1655.46","4"
"11027","Europe","Email","1652.1299999999999","2"
"11062","Europe","Referral","1650.48","7"
"11261","Latin America","Influencer","1646.52","4"
"10234","North America","Influencer","1644.14","8"
"11550","Europe","Organic","1643.94","8"
"11651","North America","Paid Search","1643.54","3"
"10404","Europe","Social Ads","1643.28","5"
"11575","Latin America","Paid Search","1643.09","3"
"10642","North America","Referral","1642.05","2"
"12671","Middle East","Social Ads","1641.22","3"
"11951","Middle East","Social Ads","1640.18","5"
"12737","Southeast Asia","Social Ads","1635.59","1"
"11407","Middle East","Referral","1634.7","4"
"11276","North America","Influencer","1634.52","7"
"10841","Southeast Asia","Email","1633.41","7"
"11898","Middle East","Email","1632.27","4"
"12986","North America","Email","1632.2","6"
"12380","Middle East","Organic","1631.54","5"
"10011","North America","Referral","1631.53","8"
"12831","Southeast Asia","Social Ads","1630.5600000000002","2"
"11708","North America","Social Ads","1628.44","3"
"12379","Europe","Organic","1627.85","5"
"11003","Europe","Organic","1625.1","2"
"11511","Middle East","Referral","1624.51","6"
"10889","Latin America","Referral","1623.68","7"
"10501","North America","Influencer","1623.48","7"
"11171","North America","Influencer","1622.45","5"
"12706","Latin America","Social Ads","1622.07","7"
"10906","Middle East","Email","1618.32","6"
"11980","North America","Organic","1616.64","4"
"10707","Middle East","Organic","1616.32","5"
"11894","Europe","Email","1607.6499999999999","5"
"11268","Southeast Asia","Email","1606.1399999999999","2"
"12966","Europe","Email","1603.75","3"
"12201","Latin America","Paid Search","1601.79","3"
"11148","Middle East","Social Ads","1598.14","2"
"10776","Latin America","Paid Search","1593.69","2"
"11573","Southeast Asia","Organic","1583.48","4"
"10537","North America","Influencer","1582.95","2"
"10503","Southeast Asia","Social Ads","1581.8700000000001","6"
"11875","North America","Referral","1581.56","4"
"10819","North America","Email","1579.05","8"
"11642","North America","Email","1577.84","1"
"11338","Middle East","Influencer","1576.75","7"
"12408","North America","Referral","1576.27","7"
"10550","North America","Referral","1575.42","8"
"12548","Middle East","Social Ads","1572.9399999999998","4"
"10746","Southeast Asia","Paid Search","1572.52","3"
"11783","Europe","Email","1571.95","4"
"12354","North America","Influencer","1570.69","7"
"11853","Europe","Email","1570.64","4"
"10289","Latin America","Organic","1567.46","4"
"12458","North America","Influencer","1561.9","8"
"11189","Europe","Referral","1555.3","4"
"12885","Europe","Influencer","1554.8799999999999","7"
"10758","North America","Organic","1553.83","3"
"12759","North America","Paid Search","1552.96","5"
"10626","Southeast Asia","Organic","1551.41","5"
"12709","Latin America","Social Ads","1548.5700000000002","3"
"10788","Latin America","Email","1543.98","3"
"12598","North America","Email","1542.14","3"
"12483","North America","Organic","1541.87","2"
"12163","North America","Social Ads","1541.57","4"
"12439","Southeast Asia","Paid Search","1537.47","3"
"11016","Southeast Asia","Social Ads","1537.31","4"
"11441","Europe","Social Ads","1533.96","5"
"12394","North America","Organic","1529.44","5"
"10082","Southeast Asia","Influencer","1528.5800000000002","7"
"11602","North America","Email","1528.5700000000002","12"
"11804","North America","Organic","1526.78","3"
"12575","Southeast Asia","Referral","1526.26","8"
"12611","Middle East","Influencer","1522.9","11"
"11089","North America","Referral","1521.79","9"
"12565","Europe","Organic","1520.94","6"
"11574","Europe","Organic","1519.72","4"
"11842","Latin America","Organic","1519.36","7"
"10850","Europe","Influencer","1518.9","5"
"10712","Europe","Influencer","1518.86","6"
"10380","Southeast Asia","Referral","1518.6399999999999","3"
"11592","North America","Paid Search","1518.3400000000001","2"
"12249","Europe","Organic","1518.03","9"
"11769","Europe","Organic","1516.35","5"
"12786","Europe","Influencer","1515.1699999999998","5"
"11404","Southeast Asia","Organic","1514.86","4"
"11927","Middle East","Influencer","1512.44","7"
"12543","Southeast Asia","Influencer","1505.99","8"
"12074","North America","Social Ads","1505.6399999999999","3"
"12735","Middle East","Influencer","1502.3200000000002","4"
"12924","North America","Paid Search","1501.21","2"
"10111","North America","Organic","1500.6100000000001","7"
"12133","North America","Email","1499.7","5"
"10772","Europe","Influencer","1498.45","11"
"10824","Europe","Referral","1494.72","7"
"10856","North America","Social Ads","1493.3700000000001","5"
"10762","Middle East","Influencer","1493.25","7"
"11339","Southeast Asia","Referral","1493.14","4"
"11633","Southeast Asia","Social Ads","1493.06","1"
"12150","Southeast Asia","Paid Search","1492.0500000000002","4"
"11760","North America","Organic","1489.29","7"
"11649","Latin America","Influencer","1488.05","7"
"11850","Latin America","Email","1484.26","6"
"12538","North America","Influencer","1481.77","9"
"10357","Southeast Asia","Paid Search","1481.05","4"
"10230","North America","Social Ads","1479.52","4"
"11063","Middle East","Referral","1479.44","6"
"11920","Latin America","Email","1475.85","7"
"10316","Southeast Asia","Email","1473.46","2"
"12756","Southeast Asia","Influencer","1469.97","4"
"11509","Southeast Asia","Organic","1469.86","7"
"10182","Southeast Asia","Organic","1467.34","8"
"10833","North America","Organic","1467.29","2"
"11767","North America","Influencer","1464.72","7"
"12451","North America","Email","1463.4299999999998","7"
"11323","North America","Organic","1462.6","6"
"10656","Southeast Asia","Organic","1458.6299999999999","4"
"11570","North America","Organic","1455.36","7"
"10259","Europe","Influencer","1453.51","8"
"11701","Middle East","Influencer","1451.5","4"
"11514","North America","Referral","1451.31","11"
"10467","Europe","Social Ads","1451.16","5"
"12419","North America","Organic","1450.92","6"
"10551","Latin America","Social Ads","1450.71","6"
"11303","Southeast Asia","Social Ads","1449.32","2"
"10871","Southeast Asia","Organic","1448.21","5"
"11869","Southeast Asia","Email","1444.9299999999998","4"
"11773","Europe","Social Ads","1444.23","5"
"12587","Southeast Asia","Organic","1443.7299999999998","4"
"12668","Middle East","Email","1441.2","6"
"11956","North America","Paid Search","1440.98","4"
"12946","Europe","Organic","1439.58","7"
"11959","Europe","Influencer","1437.42","11"
"10059","Southeast Asia","Social Ads","1434.8799999999999","3"
"11794","Middle East","Email","1428.57","5"
"12171","Europe","Referral","1426.92","8"
"12506","North America","Referral","1424.52","5"
"12849","Southeast Asia","Social Ads","1424.1100000000001","2"
"11682","Europe","Social Ads","1419.92","3"
"11661","Europe","Email","1418.75","4"
"10159","Europe","Organic","1418.23","6"
"12272","Latin America","Social Ads","1416.47","3"
"11365","Europe","Organic","1413.96","4"
"10769","Middle East","Organic","1412.47","4"
"11372","Europe","Influencer","1411.19","6"
"10695","Southeast Asia","Referral","1410.74","3"
"10966","North America","Paid Search","1410.1100000000001","3"
"12546","North America","Organic","1409.01","6"
"12835","North America","Paid Search","1406.9","3"
"10417","Europe","Email","1406.3","5"
"11408","Europe","Social Ads","1406.17","3"
"11994","North America","Social Ads","1405.92","4"
"12641","North America","Influencer","1405.46","3"
"12906","North America","Influencer","1404.29","8"
"11863","Southeast Asia","Referral","1401.4","4"
"11652","Middle East","Email","1399.0900000000001","5"
"11582","North America","Referral","1397.23","4"
"10957","North America","Organic","1394.53","4"
"11199","Europe","Organic","1393.8700000000001","7"
"12714","Middle East","Social Ads","1390.21","2"
"11620","North America","Organic","1387.49","7"
"11091","Europe","Paid Search","1383.87","2"
"12059","Europe","Social Ads","1382.3799999999999","3"
"10968","North America","Organic","1380.32","6"
"10546","North America","Organic","1379.93","7"
"10388","North America","Referral","1378.54","4"
"11140","Latin America","Social Ads","1377.21","3"
"11484","North America","Social Ads","1375.92","5"
"11178","Latin America","Email","1373.85","4"
"10120","Middle East","Social Ads","1372.22","2"
"11371","North America","Email","1369.77","5"
"10826","North America","Organic","1369.2","4"
"12040","North America","Referral","1367.88","7"
"11448","Europe","Social Ads","1364.8899999999999","5"
"12944","Southeast Asia","Organic","1363.78","7"
"12051","North America","Influencer","1363.29","8"
"10620","Latin America","Organic","1362.04","3"
"10860","Europe","Referral","1361.92","5"
"11735","North America","Organic","1359.2","6"
"11061","Europe","Organic","1359.02","4"
"11640","Europe","Email","1358.42","4"
"12271","Europe","Influencer","1358.31","5"
"11110","Latin America","Influencer","1357.91","8"
"12028","Middle East","Social Ads","1356.36","7"
"12744","Southeast Asia","Social Ads","1355.86","3"
"10939","Europe","Paid Search","1354.44","2"
"10253","Europe","Email","1354.43","3"
"10662","North America","Referral","1353.94","8"
"12586","Europe","Social Ads","1353.59","5"
"12818","Europe","Influencer","1353.23","8"
"10339","North America","Influencer","1351.51","5"
"11672","North America","Organic","1350.32","6"
"10112","North America","Organic","1349.03","8"
"10969","Europe","Paid Search","1347.06","2"
"12147","North America","Organic","1344.3600000000001","6"
"10520","North America","Organic","1344.25","5"
"12161","North America","Social Ads","1343.47","4"
"10649","Southeast Asia","Paid Search","1340.46","2"
"10214","North America","Email","1340.26","7"
"12926","Southeast Asia","Influencer","1339.1100000000001","10"
"10403","Europe","Organic","1338.31","3"
"11697","North America","Organic","1336.98","4"
"10238","North America","Social Ads","1336.89","8"
"11047","Southeast Asia","Social Ads","1336.59","2"
"10340","Europe","Influencer","1335","8"
"10393","North America","Influencer","1334.99","4"
"12534","North America","Social Ads","1334.65","3"
"12661","Latin America","Email","1334.65","8"
"12383","North America","Email","1332.85","3"
"11990","North America","Influencer","1332.47","4"
"11827","Southeast Asia","Organic","1330.81","6"
"11253","Southeast Asia","Organic","1330.67","6"
"10355","Southeast Asia","Influencer","1328.02","7"
"11883","Latin America","Influencer","1326","11"
"12530","Middle East","Organic","1325.62","6"
"10130","Europe","Email","1324.45","3"
"11677","Europe","Social Ads","1323.52","5"
"12550","Europe","Social Ads","1322.24","2"
"11882","Southeast Asia","Influencer","1321.82","5"
"10097","Southeast Asia","Influencer","1317.55","5"
"11317","Southeast Asia","Social Ads","1316.88","4"
"12240","North America","Referral","1316.69","3"
"12762","Southeast Asia","Organic","1315.89","6"
"11700","Europe","Email","1314.1599999999999","7"
"10125","Europe","Email","1313.54","5"
"10147","Latin America","Social Ads","1312.54","3"
"12520","Middle East","Organic","1311.49","5"
"10641","North America","Influencer","1309.49","8"
"10497","North America","Organic","1308.03","7"
"11275","Southeast Asia","Paid Search","1305.5900000000001","2"
"10310","North America","Influencer","1304.28","6"
"10555","North America","Influencer","1303.91","7"
"11878","Southeast Asia","Organic","1301.5900000000001","5"
"12907","Southeast Asia","Email","1300.35","2"
"10757","Europe","Email","1299.82","3"
"11578","Middle East","Organic","1298.5900000000001","6"
"10282","Latin America","Paid Search","1297.93","1"
"10661","Europe","Paid Search","1297.92","1"
"11334","Latin America","Organic","1294.07","3"
"10369","Southeast Asia","Social Ads","1292.95","4"
"11571","Latin America","Organic","1291.85","3"
"10297","North America","Paid Search","1291.57","1"
"11548","Latin America","Email","1291.22","3"
"11785","Southeast Asia","Organic","1290.49","7"
"12027","Middle East","Social Ads","1290.27","6"
"12887","Latin America","Social Ads","1288.33","4"
"11491","Latin America","Influencer","1288.21","4"
"12667","Middle East","Social Ads","1285.37","3"
"10670","Latin America","Organic","1284.2","3"
"11330","North America","Referral","1282.21","5"
"12535","Middle East","Organic","1281.43","7"
"11856","North America","Organic","1280.9","4"
"11270","Europe","Referral","1280.3799999999999","5"
"12949","Southeast Asia","Influencer","1279.08","5"
"12294","Middle East","Social Ads","1278.3799999999999","3"
"10022","Southeast Asia","Paid Search","1277.41","4"
"12644","Europe","Paid Search","1276.91","2"
"12959","Europe","Organic","1275.01","3"
"10099","Middle East","Influencer","1273.64","7"
"11978","Latin America","Influencer","1272.02","4"
"12154","Middle East","Influencer","1270.8","9"
"10177","Europe","Organic","1270.57","4"
"11955","North America","Influencer","1269.5900000000001","5"
"11520","Middle East","Social Ads","1269.55","3"
"10391","North America","Email","1268.69","5"
"12828","Latin America","Social Ads","1264.8400000000001","2"
"10306","North America","Influencer","1264.51","9"
"11771","North America","Referral","1261.28","6"
"11399","Europe","Organic","1261.15","3"
"10154","Middle East","Social Ads","1258.71","3"
"11289","Europe","Social Ads","1256.73","1"
"12820","Latin America","Referral","1255.53","5"
"10470","Middle East","Paid Search","1255.01","2"
"10715","North America","Email","1250.6299999999999","4"
"11656","North America","Influencer","1249.86","8"
"11252","Europe","Referral","1246.77","3"
"10312","Europe","Influencer","1246.62","11"
"10618","North America","Influencer","1244.57","3"
"10244","North America","Organic","1244.16","5"
"12494","Europe","Influencer","1244.06","4"
"12203","Middle East","Social Ads","1243.85","3"
"11436","Southeast Asia","Organic","1241.1299999999999","3"
"10796","Europe","Organic","1239.49","3"
"10505","Southeast Asia","Organic","1238.23","7"
"12166","North America","Referral","1237.59","6"
"11613","North America","Organic","1235.71","6"
"10483","Europe","Social Ads","1232","2"
"12193","Europe","Paid Search","1229.6499999999999","2"
"12614","Southeast Asia","Paid Search","1229.19","2"
"12360","North America","Email","1227.82","5"
"11258","North America","Paid Search","1227.72","3"
"12997","North America","Email","1226.17","6"
"10768","North America","Influencer","1226.03","5"
"11667","North America","Influencer","1226","4"
"12304","Europe","Organic","1225.21","3"
"12542","Latin America","Paid Search","1224.89","3"
"12223","Latin America","Social Ads","1224.76","3"
"12713","North America","Social Ads","1223.6100000000001","2"
"11524","Southeast Asia","Organic","1223.45","7"
"11064","Southeast Asia","Social Ads","1221.6499999999999","4"
"11459","North America","Social Ads","1221.36","5"
"11389","Southeast Asia","Influencer","1220.1","9"
"11670","Southeast Asia","Influencer","1215.6200000000001","3"
"11764","North America","Influencer","1214.32","4"
"10797","Southeast Asia","Referral","1213.68","4"
"10233","Europe","Influencer","1212.74","5"
"11565","North America","Influencer","1211","3"
"11449","Latin America","Organic","1210.93","4"
"10538","Middle East","Email","1210.15","7"
"11006","Europe","Organic","1209.55","4"
"10777","North America","Email","1205.36","5"
"12683","Middle East","Paid Search","1202.99","1"
"12331","Middle East","Influencer","1201.37","8"
"11556","Europe","Organic","1200.04","10"
"12514","North America","Influencer","1199.74","5"
"10124","Europe","Organic","1199.7","3"
"12149","Southeast Asia","Influencer","1199.42","10"
"11598","Latin America","Paid Search","1198.31","3"
"10609","North America","Organic","1196.06","5"
"12083","North America","Email","1195.35","5"
"12864","Middle East","Paid Search","1192.7099999999998","3"
"10827","North America","Email","1192.55","1"
"11205","North America","Organic","1188.59","5"
"12845","Europe","Paid Search","1187.2","2"
"10144","North America","Organic","1185.67","3"
"12573","North America","Organic","1185.49","4"
"11533","Southeast Asia","Organic","1185.37","3"
"11067","Southeast Asia","Paid Search","1184.38","5"
"12382","North America","Paid Search","1184.13","2"
"10128","Latin America","Referral","1183.71","3"
"10149","North America","Organic","1182.92","5"
"11805","Europe","Influencer","1182.52","9"
"12303","North America","Influencer","1181.41","9"
"12339","Europe","Influencer","1180.86","4"
"11181","Middle East","Paid Search","1180.47","2"
"10167","North America","Email","1180.31","7"
"12433","North America","Influencer","1179.67","7"
"12207","North America","Organic","1179.22","4"
"11721","North America","Organic","1177","4"
"11896","Europe","Influencer","1176.72","4"
"10589","Latin America","Referral","1173.05","9"
"11210","Europe","Email","1172.53","7"
"11023","North America","Email","1171.1299999999999","4"
"11849","Southeast Asia","Paid Search","1168.97","1"
"10737","Europe","Referral","1165.56","9"
"10802","Latin America","Paid Search","1164.62","2"
"10897","Middle East","Referral","1157.42","8"
"10949","Europe","Referral","1156.0700000000002","4"
"11684","Europe","Organic","1155.72","4"
"10173","Europe","Organic","1151.73","4"
"11138","Europe","Influencer","1150.95","9"
"10838","North America","Paid Search","1150.47","4"
"10631","North America","Paid Search","1150.22","3"
"12682","Europe","Paid Search","1149.69","3"
"10830","Southeast Asia","Referral","1148.8899999999999","8"
"10981","Latin America","Organic","1148.8899999999999","3"
"11103","Latin America","Influencer","1147.99","5"
"10246","North America","Social Ads","1146.44","5"
"12620","North America","Referral","1145.66","4"
"11748","Europe","Organic","1144.18","7"
"12909","Europe","Organic","1143.46","2"
"11707","Europe","Email","1141.6","5"
"11307","North America","Social Ads","1139.87","4"
"10235","North America","Paid Search","1139.6","1"
"12956","Southeast Asia","Social Ads","1139.53","6"
"11567","Middle East","Organic","1139.33","5"
"11028","Europe","Paid Search","1137.55","4"
"12941","Latin America","Influencer","1137.27","8"
"10881","Latin America","Email","1132.3600000000001","4"
"11422","Southeast Asia","Email","1129.64","3"
"12839","Europe","Organic","1126.32","4"
"10922","Europe","Organic","1126.2","2"
"10625","Latin America","Social Ads","1125.23","3"
"10688","Middle East","Organic","1124.83","5"
"12964","North America","Social Ads","1121.53","3"
"12979","Southeast Asia","Referral","1121.06","7"
"11703","Middle East","Organic","1120.97","4"
"11639","North America","Email","1120.2","7"
"10454","Europe","Referral","1119.92","7"
"10929","Middle East","Paid Search","1119.24","4"
"12522","North America","Social Ads","1117.37","2"
"10568","Southeast Asia","Referral","1117.29","6"
"10152","North America","Organic","1117.09","7"
"11215","Latin America","Social Ads","1117.08","6"
"10657","Middle East","Referral","1114.67","7"
"11283","Europe","Social Ads","1113.74","4"
"11127","Southeast Asia","Referral","1113.3999999999999","4"
"11379","Southeast Asia","Email","1113.33","4"
"12718","North America","Email","1112.29","4"
"10536","Southeast Asia","Referral","1111.42","7"
"10268","Latin America","Paid Search","1110.86","3"
"10091","Latin America","Organic","1110.14","11"
"12013","Southeast Asia","Social Ads","1109.23","5"
"10593","Middle East","Influencer","1106.42","5"
"10243","North America","Referral","1106.1","8"
"10123","Europe","Influencer","1104.85","10"
"12635","Europe","Organic","1103.79","4"
"12600","Europe","Organic","1103.71","4"
"12800","Middle East","Social Ads","1103.57","2"
"11913","Europe","Referral","1102.68","6"
"12137","Southeast Asia","Influencer","1102.52","7"
"11157","Latin America","Paid Search","1102.36","1"
"12422","North America","Influencer","1101.8","8"
"10616","Southeast Asia","Social Ads","1100.26","6"
"12049","Southeast Asia","Paid Search","1099.8799999999999","4"
"11784","Latin America","Email","1099.79","6"
"12525","Southeast Asia","Social Ads","1096.79","3"
"11088","North America","Organic","1095.99","4"
"10624","Europe","Paid Search","1095.25","2"
"11936","North America","Organic","1093.48","4"
"12366","Latin America","Paid Search","1093.31","4"
"12469","North America","Social Ads","1091.5","3"
"10476","Europe","Organic","1090.05","2"
"10925","Southeast Asia","Influencer","1088.8","4"
"10315","Europe","Organic","1088.55","4"
"11616","North America","Email","1086.59","3"
"12234","Europe","Paid Search","1086.54","3"
"12058","Europe","Email","1086.53","3"
"10569","North America","Paid Search","1085.3","3"
"11943","North America","Influencer","1084.33","5"
"10296","Europe","Organic","1083.0900000000001","2"
"12982","North America","Email","1082.21","9"
"11090","North America","Organic","1081.06","7"
"10330","North America","Paid Search","1080.75","1"
"12696","Europe","Email","1080.27","6"
"12160","North America","Social Ads","1080.05","3"
"10571","North America","Referral","1079.8","5"
"10033","Middle East","Organic","1079.51","3"
"11614","Southeast Asia","Social Ads","1079.18","2"
"10869","Europe","Referral","1078.96","5"
"12320","North America","Paid Search","1078.1","3"
"12618","North America","Paid Search","1076.96","4"
"12540","Europe","Organic","1076.32","6"
"10236","North America","Email","1075.8","7"
"11631","Middle East","Organic","1075.25","2"
"10308","Europe","Social Ads","1074.59","3"
"10446","Southeast Asia","Referral","1074.1799999999998","4"
"10852","Europe","Email","1073.56","2"
"11312","Europe","Organic","1073.26","5"
"11144","Latin America","Email","1072.96","4"
"10728","North America","Organic","1070.62","3"
"11489","North America","Paid Search","1068.1599999999999","2"
"10386","North America","Organic","1068.1299999999999","7"
"12665","Europe","Influencer","1067.49","9"
"10458","Europe","Paid Search","1066.98","3"
"11590","North America","Influencer","1066.91","10"
"12315","North America","Referral","1066.08","3"
"12813","North America","Social Ads","1065.92","5"
"10701","Latin America","Paid Search","1065.1200000000001","5"
"11235","Southeast Asia","Organic","1062.3799999999999","8"
"10219","North America","Influencer","1061.27","7"
"10261","North America","Referral","1060.3899999999999","7"
"10967","Europe","Organic","1059.05","7"
"11607","Middle East","Paid Search","1058.96","1"
"10021","Europe","Organic","1058.47","4"
"10535","North America","Organic","1058.02","7"
"11706","Middle East","Organic","1057.73","3"
"10010","North America","Social Ads","1056.52","7"
"12291","Europe","Email","1055.03","4"
"10009","Europe","Email","1054.8700000000001","2"
"10085","Europe","Organic","1054.46","4"
"11618","North America","Organic","1054.23","10"
"11821","Europe","Influencer","1053.07","6"
"11120","Europe","Paid Search","1052.37","1"
"12359","Middle East","Organic","1051.88","2"
"12290","Southeast Asia","Influencer","1051.77","6"
"10840","North America","Social Ads","1048.74","2"
"10424","Southeast Asia","Paid Search","1047.24","1"
"11376","Europe","Referral","1046.12","6"
"10405","Middle East","Social Ads","1043.8600000000001","2"
"11851","Southeast Asia","Influencer","1043.47","4"
"10031","North America","Organic","1043.17","7"
"12733","North America","Organic","1041.4099999999999","5"
"11702","Europe","Organic","1041.23","4"
"11382","Europe","Organic","1039.6","4"
"10913","Latin America","Organic","1038.33","5"
"10931","Europe","Social Ads","1037.39","6"
"12855","Middle East","Organic","1036.16","3"
"11584","Europe","Organic","1035.69","5"
"10507","Europe","Social Ads","1035.5","4"
"11295","North America","Social Ads","1035.4099999999999","3"
"12513","Latin America","Email","1034.46","7"
"10594","Latin America","Email","1031.36","3"
"12896","North America","Organic","1031","11"
"10191","North America","Organic","1029.51","5"
"10132","North America","Email","1028.99","5"
"12362","Europe","Organic","1027.07","6"
"12518","Southeast Asia","Organic","1026.57","8"
"12854","Southeast Asia","Influencer","1025.99","4"
"10422","Southeast Asia","Organic","1025.31","4"
"12260","North America","Social Ads","1025.05","5"
"11543","North America","Social Ads","1024.3","4"
"12724","North America","Influencer","1021.71","7"
"11510","North America","Organic","1021.5600000000001","5"
"10437","Southeast Asia","Organic","1021","7"
"12157","Europe","Influencer","1019.89","4"
"10281","Europe","Referral","1019.7099999999999","7"
"11161","North America","Influencer","1019.43","4"
"12132","Middle East","Social Ads","1016.83","3"
"11820","Latin America","Paid Search","1015.99","4"
"12603","Latin America","Influencer","1015.08","3"
"10698","North America","Social Ads","1013.74","5"
"10683","Europe","Organic","1013.66","5"
"12472","North America","Social Ads","1012.3","2"
"10937","Southeast Asia","Organic","1009.79","6"
"12098","Latin America","Organic","1009.34","5"
"10345","Latin America","Organic","1008.8299999999999","3"
"12386","Europe","Social Ads","1007.79","3"
"10402","Middle East","Paid Search","1005.95","1"
"12807","North America","Organic","1004.91","4"
"12403","Latin America","Influencer","1004.6700000000001","5"
"12369","Middle East","Social Ads","1003.38","8"
"12497","North America","Social Ads","1001.87","4"
"10965","Southeast Asia","Email","1000.04","3"
"11305","Southeast Asia","Organic","999.71","3"
"12305","Middle East","Organic","999.39","4"
"10390","North America","Email","998.19","5"
"12450","North America","Organic","998.13","2"
"11487","Europe","Referral","997.22","3"
"10118","Europe","Paid Search","996.91","3"
"10886","North America","Influencer","995.9100000000001","5"
"12216","Latin America","Influencer","994.62","8"
"11248","North America","Organic","994.51","3"
"12599","North America","Email","994.01","4"
"12605","Europe","Organic","993.9100000000001","8"
"12004","North America","Influencer","993.47","5"
"10491","Europe","Organic","992.5600000000001","4"
"10024","North America","Organic","991.12","6"
"10215","Latin America","Organic","990.31","2"
"10266","Europe","Email","988.58","4"
"11139","Southeast Asia","Influencer","988.33","6"
"12638","Southeast Asia","Organic","988.2","7"
"11904","Europe","Paid Search","987.47","1"
"11135","Europe","Paid Search","986.33","1"
"10197","Latin America","Influencer","984.77","5"
"11862","Europe","Social Ads","984.28","4"
"11071","Europe","Organic","983.82","6"
"12177","Southeast Asia","Social Ads","983.04","3"
"11870","Latin America","Influencer","982.73","9"
"12372","Southeast Asia","Organic","982.3199999999999","4"
"11233","North America","Paid Search","982.12","6"
"11495","Europe","Organic","980.7","1"
"12453","Europe","Social Ads","980.63","5"
"11486","Europe","Paid Search","978.47","1"
"12948","Europe","Influencer","977.55","5"
"12865","Southeast Asia","Organic","977.49","2"
"11141","North America","Influencer","973.15","3"
"10252","Southeast Asia","Organic","972.1800000000001","5"
"12615","Europe","Email","971.58","5"
"10321","Southeast Asia","Email","971.06","5"
"10135","Latin America","Organic","970.47","5"
"10914","Middle East","Paid Search","970.23","5"
"10581","Europe","Social Ads","969.94","4"
"10256","Europe","Paid Search","969.35","1"
"10002","North America","Social Ads","969.3499999999999","3"
"11876","Middle East","Paid Search","968.9000000000001","2"
"11554","Southeast Asia","Social Ads","968.72","5"
"11972","Europe","Email","968.4100000000001","3"
"11897","Latin America","Organic","968.23","3"
"11249","Southeast Asia","Paid Search","967.35","3"
"11888","Southeast Asia","Influencer","966.94","8"
"10222","Southeast Asia","Organic","962.57","6"
"11595","Europe","Paid Search","962.04","3"
"11256","Europe","Influencer","961.52","3"
"12233","Europe","Organic","961.16","4"
"11589","Europe","Referral","959.46","4"
"12899","Europe","Social Ads","959.4000000000001","4"
"12566","Southeast Asia","Influencer","959.29","7"
"11903","North America","Organic","958.28","2"
"12490","Europe","Email","956.16","5"
"11743","Europe","Paid Search","955.78","2"
"11051","Europe","Social Ads","954.6","2"
"10644","North America","Social Ads","954.59","5"
"10556","Europe","Paid Search","953.5","3"
"12476","Europe","Paid Search","953.2","5"
"12784","Southeast Asia","Email","950.9200000000001","4"
"12180","North America","Paid Search","950.3299999999999","3"
"11917","North America","Organic","950.01","5"
"11572","Latin America","Paid Search","949.4499999999999","6"
"11983","North America","Paid Search","947.86","5"
"12795","Europe","Social Ads","947.4300000000001","5"
"11429","Europe","Social Ads","946.38","5"
"10277","Europe","Organic","946.34","6"
"11206","Middle East","Social Ads","945.35","1"
"12567","Europe","Social Ads","944.91","2"
"10751","Southeast Asia","Social Ads","944.87","4"
"12719","Middle East","Organic","944.7","3"
"12920","Europe","Social Ads","943.81","1"
"12326","North America","Organic","943.7099999999999","4"
"12742","Europe","Paid Search","941.84","2"
"10831","Europe","Social Ads","939.21","1"
"10623","Europe","Organic","939.15","4"
"12876","Europe","Organic","939.13","5"
"11153","Middle East","Social Ads","938.58","4"
"12128","Europe","Paid Search","938.28","4"
"11523","Southeast Asia","Referral","937.87","6"
"12607","Latin America","Email","937.2","5"
"10916","Latin America","Social Ads","936.0999999999999","2"
"10890","Southeast Asia","Organic","934.67","6"
"12994","North America","Paid Search","932.82","2"
"10716","Europe","Organic","930.37","4"
"11259","Southeast Asia","Organic","929.26","2"
"10126","Middle East","Paid Search","928.32","1"
"10529","Southeast Asia","Social Ads","928.03","6"
"11309","Latin America","Organic","927.48","4"
"10004","North America","Referral","927.24","8"
"10313","Southeast Asia","Email","927.1099999999999","4"
"12778","North America","Paid Search","927.03","3"
"10971","Middle East","Social Ads","925.84","3"
"12327","North America","Organic","925.74","5"
"12285","North America","Referral","925.65","6"
"12867","Europe","Organic","924.88","3"
"11892","Europe","Organic","924.8000000000001","4"
"12488","Southeast Asia","Organic","924.24","4"
"12032","Middle East","Organic","921.55","5"
"12079","Southeast Asia","Influencer","920.91","6"
"11806","North America","Organic","920.2","2"
"12678","Southeast Asia","Email","918.33","6"
"11434","Latin America","Email","917.3599999999999","2"
"12259","Latin America","Social Ads","914.99","1"
"11239","Europe","Organic","913.58","6"
"11915","North America","Influencer","912.78","3"
"12843","Europe","Email","912.6","8"
"12084","North America","Email","911.47","5"
"11681","Europe","Referral","909.37","8"
"11177","Europe","Social Ads","908.5699999999999","3"
"12471","North America","Social Ads","907.8799999999999","3"
"11989","North America","Influencer","907.3199999999999","4"
"10725","Latin America","Email","906.4499999999999","4"
"11534","Middle East","Paid Search","903.83","4"
"12988","Latin America","Social Ads","903.08","2"
"11019","Middle East","Email","902.9499999999999","5"
"11304","Middle East","Influencer","902.1","7"
"10077","North America","Paid Search","900.36","3"
"12482","North America","Social Ads","899.8","4"
"11657","Middle East","Email","899.33","3"
"12787","Southeast Asia","Paid Search","899.21","2"
"11297","Middle East","Organic","896.4399999999999","5"
"10843","Southeast Asia","Influencer","896.1","6"
"11858","Southeast Asia","Email","894.87","4"
"10611","Europe","Influencer","893.49","4"
"11861","Southeast Asia","Social Ads","893.11","3"
"11130","North America","Organic","892.9499999999999","5"
"10861","Latin America","Email","891.34","4"
"12648","Latin America","Email","890.94","3"
"12135","North America","Referral","890.78","3"
"12842","North America","Referral","890.68","5"
"10760","Europe","Social Ads","890.27","5"
"11941","North America","Referral","885.5600000000001","7"
"10352","Southeast Asia","Social Ads","884.7199999999999","4"
"10559","Europe","Influencer","884.22","2"
"10690","North America","Referral","883.99","5"
"11403","North America","Paid Search","882.74","4"
"12007","North America","Influencer","878.04","4"
"11540","Europe","Social Ads","875.6700000000001","3"
"12564","Europe","Organic","875.3599999999999","3"
"11676","North America","Social Ads","875.1999999999999","5"
"10318","North America","Referral","874.98","5"
"12902","Europe","Influencer","874.9","4"
"12985","Southeast Asia","Paid Search","874.9","2"
"11680","Europe","Organic","874.37","3"
"11558","Latin America","Email","873.6","4"
"10063","Europe","Email","872.94","7"
"11005","Europe","Referral","872.09","9"
"11056","Europe","Paid Search","870.77","3"
"12904","Middle East","Organic","870.5500000000001","5"
"11466","Europe","Organic","870.05","6"
"12577","North America","Organic","869.62","6"
"10580","Southeast Asia","Organic","867.61","3"
"11813","Southeast Asia","Email","866.42","1"
"11507","Latin America","Paid Search","865.97","3"
"11780","Southeast Asia","Email","865.19","5"
"12200","North America","Influencer","864.1899999999999","6"
"12330","Southeast Asia","Email","863.7","4"
"12622","North America","Paid Search","861.08","4"
"11332","Europe","Paid Search","861.01","1"
"11039","Europe","Social Ads","860.29","2"
"11032","Southeast Asia","Influencer","856.1099999999999","5"
"10919","Middle East","Email","854.81","4"
"12995","Southeast Asia","Social Ads","853.52","2"
"10948","Southeast Asia","Organic","853.25","8"
"10368","North America","Influencer","853.21","6"
"11624","Europe","Influencer","848.53","8"
"12673","Latin America","Social Ads","847.43","6"
"12314","North America","Paid Search","845.71","3"
"12156","Latin America","Influencer","845.2099999999999","5"
"11916","Latin America","Organic","844.55","5"
"11262","Middle East","Organic","842.5600000000001","3"
"12153","Latin America","Organic","841.84","6"
"12900","North America","Paid Search","840.88","2"
"11281","Europe","Email","840.8000000000001","3"
"10960","North America","Paid Search","838.1500000000001","3"
"12441","Europe","Email","833.49","5"
"11923","North America","Organic","832.8","3"
"12799","Europe","Organic","831.13","5"
"11874","Southeast Asia","Organic","830.8299999999999","8"
"11536","North America","Influencer","830.54","7"
"12202","North America","Email","828.24","4"
"11929","Southeast Asia","Paid Search","827.73","2"
"10218","Southeast Asia","Organic","827.52","7"
"10911","Latin America","Organic","826.49","4"
"11159","Europe","Paid Search","825.9100000000001","2"
"11867","Middle East","Paid Search","825.6800000000001","4"
"11380","North America","Organic","823.5","2"
"12292","Southeast Asia","Email","822.53","4"
"11588","Latin America","Social Ads","821.22","3"
"10767","Southeast Asia","Email","820.96","6"
"12026","Middle East","Email","820.87","3"
"11038","Europe","Social Ads","820.2","2"
"12280","North America","Email","820.0400000000001","4"
"10959","North America","Organic","817.98","4"
"12011","North America","Influencer","817.9","1"
"11147","Europe","Social Ads","814.28","1"
"10853","North America","Social Ads","813.5999999999999","3"
"10169","Europe","Email","813.24","4"
"11668","North America","Organic","812.4200000000001","6"
"10998","Latin America","Email","812.21","4"
"10703","Europe","Referral","812.15","3"
"10030","Middle East","Organic","811.02","3"
"11164","North America","Email","810.14","7"
"10269","Europe","Referral","809.35","4"
"10747","Latin America","Paid Search","808.73","3"
"10445","Latin America","Referral","808.47","9"
"11133","Europe","Paid Search","808.31","2"
"12311","North America","Organic","804.3000000000001","4"
"12559","Latin America","Organic","801.3299999999999","2"
"10249","Southeast Asia","Social Ads","799.77","4"
"11775","North America","Influencer","799.38","9"
"11378","North America","Referral","797.63","5"
"10988","Southeast Asia","Organic","796.91","4"
"11993","Southeast Asia","Social Ads","796.62","3"
"12722","Southeast Asia","Referral","796.35","5"
"10012","North America","Social Ads","794.5699999999999","2"
"11480","Europe","Referral","794.26","3"
"10415","Middle East","Paid Search","793.9200000000001","3"
"10096","Middle East","Influencer","792.73","4"
"12846","Europe","Influencer","792.29","1"
"10891","Europe","Email","791.97","4"
"11481","Europe","Organic","791.89","3"
"11843","Southeast Asia","Organic","791.77","5"
"12023","Southeast Asia","Social Ads","790.24","2"
"10304","Southeast Asia","Paid Search","789.76","2"
"11009","Middle East","Organic","787.52","4"
"10927","Middle East","Paid Search","784.9","2"
"12121","North America","Organic","784.6700000000001","3"
"10845","Europe","Email","784.2","5"
"10533","North America","Social Ads","783.22","2"
"12398","Southeast Asia","Organic","783.22","3"
"11238","Middle East","Email","782.66","6"
"12499","North America","Email","781.97","6"
"12351","Latin America","Paid Search","781.87","2"
"10160","Europe","Paid Search","780.81","1"
"12123","North America","Social Ads","779.4","3"
"10105","Latin America","Paid Search","779.22","1"
"11727","North America","Paid Search","779.1500000000001","3"
"11311","Europe","Email","778.37","3"
"12844","Europe","Social Ads","777.26","2"
"12712","North America","Social Ads","776.99","3"
"12264","North America","Paid Search","775.92","2"
"12350","Europe","Influencer","775.1","8"
"12176","Southeast Asia","Social Ads","774.84","4"
"10659","Europe","Paid Search","773.65","3"
"10474","Middle East","Organic","773.35","2"
"12856","Latin America","Organic","773.35","5"
"12389","North America","Organic","771.04","7"
"11632","Latin America","Social Ads","770.63","5"
"11359","Middle East","Paid Search","769.28","2"
"12510","Latin America","Organic","768.62","11"
"12224","Middle East","Organic","768.23","1"
"10778","North America","Organic","767.9200000000001","4"
"12299","Europe","Organic","765.05","3"
"10495","Middle East","Referral","765.01","4"
"11810","North America","Organic","764.26","4"
"11544","Europe","Paid Search","764.0600000000001","2"
"11653","Latin America","Organic","763.96","4"
"12498","Southeast Asia","Paid Search","763.68","2"
"12031","Middle East","Paid Search","763.0699999999999","3"
"10836","North America","Social Ads","763.0600000000001","3"
"11528","Southeast Asia","Organic","761.84","6"
"10176","Southeast Asia","Influencer","761.15","6"
"12033","Latin America","Influencer","759.49","3"
"10693","Europe","Email","759.23","5"
"12014","Latin America","Paid Search","759.07","1"
"10676","Europe","Paid Search","757.9200000000001","5"
"10502","North America","Social Ads","756.5","4"
"11935","Europe","Influencer","756.35","7"
"11288","Middle East","Email","756.29","3"
"12068","North America","Paid Search","755.07","5"
"12507","Southeast Asia","Referral","754.9300000000001","4"
"12817","Middle East","Email","754.22","2"
"12143","Europe","Email","753.88","5"
"11442","North America","Organic","753.79","5"
"12484","North America","Influencer","752.85","8"
"11665","Middle East","Organic","752.78","6"
"12165","Europe","Influencer","751.41","4"
"12515","North America","Paid Search","750.55","1"
"10917","Latin America","Organic","750.52","2"
"11482","Southeast Asia","Referral","750.25","4"
"12823","Middle East","Email","748.12","2"
"12181","Latin America","Organic","746.37","3"
"11671","North America","Organic","745.96","4"
"10516","Europe","Social Ads","745.38","4"
"12741","Europe","Organic","744.84","7"
"10048","Southeast Asia","Email","744.72","3"
"12658","Europe","Organic","744.6","5"
"11551","Southeast Asia","Influencer","744.49","4"
"10574","North America","Influencer","743.83","3"
"10362","North America","Organic","743.63","9"
"10560","Europe","Paid Search","741.59","2"
"12764","North America","Paid Search","740.28","2"
"10858","Middle East","Social Ads","739.79","2"
"10963","Europe","Social Ads","739.35","3"
"10263","Latin America","Influencer","737.95","4"
"10080","Latin America","Referral","737.1899999999999","3"
"12829","Middle East","Organic","736.74","4"
"12859","North America","Social Ads","736.09","5"
"10084","Latin America","Influencer","734.48","4"
"12669","North America","Referral","733.5799999999999","4"
"11547","Europe","Paid Search","733.47","3"
"11029","North America","Organic","732.14","5"
"12194","North America","Social Ads","731.15","4"
"11004","North America","Paid Search","730.72","2"
"11679","Southeast Asia","Influencer","728.9200000000001","3"
"11001","Europe","Influencer","728.6800000000001","6"
"11217","Middle East","Email","728.31","4"
"12685","Latin America","Email","727.9","4"
"12796","North America","Email","726.36","4"
"11026","Europe","Influencer","726.22","5"
"11292","Europe","Social Ads","725.5699999999999","2"
"11944","North America","Social Ads","724.4","5"
"11092","North America","Referral","723.25","5"
"11752","Europe","Paid Search","722.37","3"
"10247","Latin America","Social Ads","721.33","3"
"10216","Europe","Referral","720.33","2"
"12114","North America","Paid Search","719.61","4"
"11847","Southeast Asia","Social Ads","718.65","1"
"11185","Southeast Asia","Social Ads","717.3","2"
"10104","Southeast Asia","Organic","716.77","6"
"11155","Latin America","Social Ads","714.24","7"
"10926","Europe","Email","713.8000000000001","2"
"12047","Europe","Social Ads","713.07","6"
"11465","Europe","Email","713.04","3"
"12974","Europe","Paid Search","713.02","4"
"12420","North America","Organic","712.6","7"
"11362","Southeast Asia","Organic","711.77","1"
"11204","Latin America","Influencer","709.46","7"
"11471","Middle East","Organic","708.44","2"
"11224","Southeast Asia","Organic","707.31","4"
"11740","North America","Organic","706.9200000000001","3"
"12728","North America","Paid Search","706.87","1"
"10181","Southeast Asia","Organic","705.87","3"
"11072","Europe","Paid Search","704.86","3"
"12631","North America","Paid Search","704.7","3"
"11431","Europe","Social Ads","703.89","2"
"10301","North America","Social Ads","703.63","6"
"11151","North America","Influencer","703.48","5"
"10471","Southeast Asia","Organic","702.55","5"
"12933","Latin America","Organic","702.3199999999999","6"
"10799","Latin America","Influencer","702.31","3"
"10770","Europe","Social Ads","702.14","3"
"12697","Middle East","Social Ads","701.67","4"
"12352","North America","Social Ads","701.45","2"
"12781","Europe","Social Ads","699.58","3"
"10129","Southeast Asia","Paid Search","698.77","4"
"10441","Southeast Asia","Organic","697.8","6"
"12819","Southeast Asia","Email","697.75","3"
"12108","Europe","Organic","696.74","3"
"12780","Middle East","Email","696.52","5"
"12881","North America","Referral","695.84","5"
"12226","Latin America","Social Ads","695.37","2"
"12688","North America","Paid Search","695.3199999999999","2"
"11966","Middle East","Paid Search","695.31","2"
"12853","Southeast Asia","Organic","693.78","4"
"11937","North America","Social Ads","692.7","2"
"11746","Europe","Email","692.3","4"
"11124","North America","Social Ads","691.3100000000001","5"
"11078","Europe","Influencer","690.1899999999999","3"
"11040","Middle East","Influencer","690.03","4"
"12583","Latin America","Paid Search","689.24","2"
"10472","Latin America","Organic","687.89","5"
"12010","North America","Influencer","687.5","4"
"11058","Southeast Asia","Referral","685.26","5"
"12361","North America","Organic","684.11","4"
"10531","North America","Organic","683.49","3"
"11285","North America","Referral","683.03","5"
"11845","North America","Organic","681.53","4"
"12553","Latin America","Referral","679.85","1"
"10341","Southeast Asia","Social Ads","679.5","3"
"12650","Europe","Organic","679.43","6"
"11337","Europe","Email","678.68","3"
"10630","Europe","Paid Search","678.28","4"
"12930","Europe","Influencer","677.08","3"
"12921","Middle East","Paid Search","676.85","2"
"10079","Europe","Referral","676.72","4"
"11621","Latin America","Social Ads","676.6899999999999","3"
"11617","Latin America","Organic","675.82","4"
"11694","North America","Influencer","675.7","6"
"10251","North America","Social Ads","675.13","3"
"10114","Europe","Organic","674.96","6"
"10543","North America","Influencer","674.51","5"
"12747","Europe","Organic","673.44","3"
"10947","Southeast Asia","Email","672.69","2"
"10377","Middle East","Social Ads","672.16","4"
"12608","North America","Organic","671.71","6"
"11123","North America","Referral","670.82","4"
"10035","North America","Paid Search","670.16","3"
"12445","Europe","Paid Search","669.88","2"
"10612","North America","Email","669.77","4"
"11360","Southeast Asia","Organic","669.43","4"
"11604","North America","Referral","667.99","3"
"10292","Southeast Asia","Email","664.78","3"
"11437","Europe","Organic","663.9","5"
"10755","Latin America","Social Ads","663.5999999999999","4"
"10651","Europe","Organic","663.17","5"
"11366","Latin America","Email","660.79","1"
"10427","Southeast Asia","Social Ads","659.53","2"
"12560","Southeast Asia","Organic","659.16","2"
"10614","Europe","Paid Search","656.99","2"
"10639","Europe","Social Ads","656.84","2"
"12173","Europe","Influencer","655.85","6"
"12884","Europe","Social Ads","655.6","5"
"12215","North America","Email","655.43","3"
"11538","North America","Influencer","655.0600000000001","7"
"11535","Latin America","Paid Search","653.33","3"
"11755","Middle East","Email","652.94","4"
"10287","Europe","Organic","652.71","3"
"10407","Southeast Asia","Referral","652.36","4"
"11765","Southeast Asia","Email","652.01","7"
"10822","Middle East","Paid Search","651.72","4"
"10633","Europe","Email","650.97","4"
"10300","Southeast Asia","Social Ads","650.1","1"
"10738","North America","Paid Search","649.66","1"
"12065","North America","Paid Search","648.99","3"
"11539","Middle East","Social Ads","648.9399999999999","4"
"11779","Europe","Social Ads","648.8399999999999","2"
"10399","Southeast Asia","Organic","647.6","6"
"12228","Europe","Paid Search","647.25","3"
"12858","North America","Paid Search","646.09","3"
"10921","Southeast Asia","Social Ads","644.96","2"
"12413","North America","Social Ads","644.7700000000001","2"
"10787","Europe","Influencer","644.4300000000001","7"
"11084","Southeast Asia","Social Ads","643.95","4"
"11967","North America","Influencer","643.14","5"
"11615","North America","Email","643.06","1"
"10964","North America","Organic","642.97","5"
"10487","Southeast Asia","Paid Search","642.41","1"
"11545","North America","Organic","640.59","3"
"12770","Europe","Social Ads","640.5799999999999","4"
"12243","North America","Email","640.04","4"
"11445","Europe","Social Ads","639.35","3"
"10239","North America","Organic","638.1","5"
"11658","Latin America","Organic","637.3100000000001","3"
"10381","Europe","Social Ads","635.45","3"
"11817","Europe","Social Ads","634.91","4"
"11971","Latin America","Paid Search","630.65","3"
"10413","Europe","Organic","629.85","6"
"12647","Europe","Organic","629.12","5"
"11260","Southeast Asia","Referral","628.64","3"
"12025","Europe","Organic","628.4499999999999","2"
"12983","Europe","Email","627.46","5"
"12105","Southeast Asia","Organic","626.0699999999999","2"
"12407","Southeast Asia","Paid Search","625.25","2"
"11318","North America","Social Ads","625.11","2"
"11125","Middle East","Influencer","624","6"
"12716","Southeast Asia","Email","623.4000000000001","2"
"10421","North America","Paid Search","622.03","4"
"11736","North America","Social Ads","621.5600000000001","5"
"10017","North America","Email","620.27","2"
"11660","Europe","Email","620.1899999999999","4"
"12127","Europe","Social Ads","620.1","1"
"12148","Europe","Social Ads","620.1","1"
"12175","Latin America","Organic","618.83","6"
"10434","Middle East","Email","618.78","3"
"12580","Southeast Asia","Referral","618.78","1"
"12597","Europe","Paid Search","618.51","1"
"12502","North America","Social Ads","618.25","3"
"10423","Southeast Asia","Referral","618.21","1"
"12227","Middle East","Organic","617.92","2"
"12183","Europe","Social Ads","617.75","5"
"11218","Europe","Social Ads","616.71","4"
"12505","Europe","Email","616.3499999999999","2"
"11397","Middle East","Paid Search","616.11","2"
"11789","Southeast Asia","Email","614.67","1"
"10597","Europe","Organic","613.92","2"
"10432","Southeast Asia","Organic","613.54","9"
"10200","Southeast Asia","Paid Search","612.98","4"
"10638","Europe","Organic","612.61","5"
"11777","North America","Paid Search","611.24","2"
"10198","Latin America","Email","611.02","2"
"10276","Latin America","Email","610.88","3"
"12850","Southeast Asia","Social Ads","609.96","4"
"10817","North America","Paid Search","609.64","2"
"11241","Latin America","Social Ads","609.36","3"
"12636","Latin America","Paid Search","608.44","2"
"10107","Latin America","Referral","608.1999999999999","4"
"12321","Southeast Asia","Social Ads","606.6","1"
"12112","Southeast Asia","Social Ads","606.0699999999999","4"
"11409","Southeast Asia","Social Ads","605.88","3"
"10272","Southeast Asia","Paid Search","605.62","2"
"12609","North America","Email","604.85","4"
"11229","Southeast Asia","Social Ads","603.45","1"
"12604","North America","Email","602.65","1"
"12412","Southeast Asia","Email","602.62","1"
"11569","Southeast Asia","Influencer","602.5","5"
"11232","Middle East","Social Ads","602.39","1"
"10007","Middle East","Organic","600.5799999999999","5"
"12643","Latin America","Email","600.57","6"
"10255","Southeast Asia","Social Ads","600.22","4"
"12056","North America","Social Ads","599.97","3"
"12081","Southeast Asia","Email","599.9","2"
"12971","Europe","Email","599.8","3"
"11400","Europe","Paid Search","599.6500000000001","2"
"11577","Middle East","Organic","598.78","4"
"11251","Europe","Organic","598.74","5"
"11754","Europe","Paid Search","598.45","1"
"11795","Latin America","Social Ads","597.51","5"
"10885","Southeast Asia","Email","597.03","4"
"11738","Latin America","Influencer","594.93","4"
"12116","Europe","Referral","594.88","3"
"10098","Latin America","Paid Search","593.92","3"
"11263","North America","Social Ads","591.45","2"
"12199","Southeast Asia","Email","590.3399999999999","4"
"12779","North America","Paid Search","590.2","2"
"10637","Europe","Email","589.79","5"
"11136","Middle East","Organic","589.62","2"
"10754","North America","Social Ads","588.85","3"
"10653","Europe","Organic","588.05","4"
"11704","North America","Social Ads","587.46","3"
"11807","North America","Organic","586.76","4"
"11346","Latin America","Social Ads","586.69","3"
"11666","Southeast Asia","Social Ads","586.5500000000001","4"
"12155","North America","Social Ads","585.62","3"
"11104","Europe","Organic","584.73","4"
"10032","North America","Paid Search","584.66","3"
"10786","Southeast Asia","Paid Search","584.56","2"
"12700","North America","Paid Search","583.04","5"
"12353","Europe","Paid Search","582.64","2"
"10384","North America","Organic","582.48","3"
"12521","Latin America","Organic","582.01","3"
"12270","Europe","Influencer","580.67","3"
"11405","Europe","Social Ads","580.55","4"
"11299","North America","Paid Search","580.25","2"
"12435","North America","Influencer","578.74","2"
"12480","Latin America","Social Ads","577.2900000000001","4"
"12090","North America","Organic","577.27","5"
"12198","Latin America","Organic","576.94","5"
"12313","Europe","Paid Search","576.65","2"
"10183","Latin America","Paid Search","576.53","1"
"10170","Southeast Asia","Influencer","576.0600000000001","4"
"12660","Southeast Asia","Paid Search","575.39","1"
"10851","Europe","Paid Search","574.35","5"
"10945","Middle East","Organic","574.24","2"
"12877","Europe","Email","573.92","5"
"12628","Southeast Asia","Organic","573.69","3"
"11474","Europe","Social Ads","572.31","2"
"11715","Middle East","Paid Search","572.15","6"
"11386","Europe","Email","568.92","4"
"12951","Latin America","Email","568.45","4"
"11306","North America","Paid Search","565.9","2"
"11868","Europe","Social Ads","565.79","2"
"11328","Latin America","Organic","562.78","2"
"12691","Europe","Organic","562.64","3"
"11899","Southeast Asia","Referral","562.03","6"
"12077","Europe","Organic","560.95","4"
"10846","Middle East","Organic","559.67","3"
"11560","Middle East","Social Ads","558.19","2"
"11314","Europe","Organic","557.37","8"
"11096","Southeast Asia","Referral","557.2","4"
"10447","North America","Paid Search","556.15","1"
"12283","North America","Referral","555.47","4"
"10115","Southeast Asia","Social Ads","554.99","3"
"12523","Europe","Paid Search","554.93","1"
"10646","Europe","Email","554.81","3"
"10541","North America","Paid Search","554.78","1"
"12042","Southeast Asia","Social Ads","553.8399999999999","2"
"12760","Latin America","Organic","553.38","1"
"10074","Europe","Email","553.3199999999999","3"
"12563","Latin America","Paid Search","553.3","3"
"12064","North America","Paid Search","552.98","4"
"10602","Middle East","Social Ads","552.04","4"
"11726","Southeast Asia","Social Ads","551.7","4"
"12537","North America","Social Ads","551.06","2"
"10110","Latin America","Organic","549.87","4"
"10228","North America","Social Ads","548.22","2"
"11938","Southeast Asia","Social Ads","548.1899999999999","3"
"11531","Latin America","Social Ads","547.48","2"
"11992","North America","Organic","547.35","4"
"12111","Middle East","Email","546.51","4"
"10511","Southeast Asia","Organic","546.49","5"
"11693","Latin America","Organic","545.26","3"
"12524","Middle East","Referral","544.6700000000001","4"
"11100","North America","Paid Search","544.1","4"
"12242","Southeast Asia","Organic","543.75","3"
"10267","Southeast Asia","Social Ads","542.48","4"
"10634","North America","Email","542.37","3"
"11969","North America","Organic","541.9","4"
"12263","Europe","Organic","541.3199999999999","3"
"10898","Europe","Paid Search","541.1","1"
"11117","Europe","Paid Search","541.1","4"
"10332","Europe","Social Ads","541.02","1"
"12190","Europe","Social Ads","539","4"
"12395","Middle East","Referral","538.27","2"
"12486","North America","Organic","537.33","1"
"11605","Southeast Asia","Email","536.98","5"
"10706","Europe","Influencer","536.97","8"
"12970","North America","Social Ads","536.66","5"
"10360","North America","Influencer","535.05","6"
"11237","Europe","Referral","533.86","2"
"12594","North America","Organic","533.21","4"
"10488","Latin America","Organic","533.16","3"
"11264","North America","Referral","533.11","8"
"10954","Europe","Email","533.05","4"
"12870","Middle East","Organic","532.9300000000001","2"
"10190","Southeast Asia","Paid Search","532.41","2"
"10465","Europe","Referral","531.88","5"
"12276","Southeast Asia","Organic","531.88","2"
"10567","Middle East","Social Ads","531.56","1"
"12071","Europe","Organic","531.31","4"
"11267","Latin America","Social Ads","531.27","4"
"12152","Europe","Organic","530.51","3"
"10311","Europe","Email","530.09","4"
"10205","North America","Organic","530.05","4"
"11207","Southeast Asia","Email","529.4499999999999","4"
"11244","Europe","Organic","528.02","4"
"12241","Southeast Asia","Referral","527.54","2"
"11812","Southeast Asia","Influencer","527.25","5"
"11432","North America","Social Ads","527.18","1"
"10053","North America","Social Ads","525.28","3"
"12399","Europe","Email","524.84","5"
"11802","North America","Email","523.24","3"
"11325","North America","Paid Search","522.53","1"
"10753","Middle East","Influencer","521.4","4"
"11846","North America","Influencer","521.17","2"
"10803","Middle East","Paid Search","521.12","3"
"10648","Europe","Paid Search","520.64","2"
"10729","North America","Referral","520.4","7"
"12075","Southeast Asia","Organic","519.28","3"
"10217","North America","Organic","517.64","6"
"12001","Latin America","Email","517.36","4"
"12312","North America","Paid Search","517.13","3"
"11879","Middle East","Social Ads","516.91","2"
"12456","Middle East","Paid Search","516.68","1"
"10378","Europe","Email","516.46","5"
"11017","Southeast Asia","Social Ads","516.37","2"
"10832","Southeast Asia","Referral","516.33","4"
"11757","North America","Social Ads","515.97","4"
"10420","Latin America","Social Ads","515.66","5"
"12342","Europe","Organic","515.6","5"
"10504","Southeast Asia","Social Ads","514.2","3"
"12954","Europe","Organic","513.4499999999999","2"
"10363","Southeast Asia","Paid Search","513.23","1"
"11398","Europe","Referral","512.67","3"
"11472","North America","Paid Search","512.26","2"
"12346","Europe","Social Ads","512.04","2"
"11265","Middle East","Organic","511.93","7"
"10248","Latin America","Organic","511.68","6"
"12319","Southeast Asia","Organic","511.39","3"
"12329","North America","Paid Search","511.24","3"
"11686","Middle East","Paid Search","510.66999999999996","3"
"10510","Latin America","Social Ads","510.5","1"
"10784","Middle East","Referral","510.47","6"
"12863","Europe","Influencer","510.2","5"
"11116","Latin America","Organic","510.18","5"
"10989","Southeast Asia","Social Ads","508.45000000000005","3"
"11566","Southeast Asia","Social Ads","506.76","1"
"12765","Southeast Asia","Organic","504.92","3"
"12612","Southeast Asia","Organic","504.77","6"
"11816","Europe","Social Ads","504.72999999999996","4"
"10783","Southeast Asia","Paid Search","504.47","1"
"12625","Middle East","Social Ads","504.21","3"
"12337","Latin America","Social Ads","503.51","1"
"10679","Latin America","Social Ads","502.34","2"
"11444","Middle East","Social Ads","500.93","1"
"11367","North America","Social Ads","500.37","3"
"11508","Europe","Email","500.27","6"
"11347","North America","Email","499.72","2"
"10702","North America","Referral","499.67","1"
"12373","Latin America","Social Ads","497.84999999999997","2"
"11887","Europe","Referral","497.1","6"
"12054","North America","Social Ads","496.25","2"
"10544","Southeast Asia","Organic","496.08","1"
"12410","Latin America","Paid Search","496.06","1"
"10958","North America","Influencer","493.9","4"
"11557","Europe","Social Ads","493.1","1"
"10039","Europe","Email","493.06","3"
"10480","Latin America","Organic","492.89","3"
"12967","Europe","Referral","492.17","5"
"12595","North America","Referral","492.05","3"
"11433","Europe","Influencer","489.66","7"
"12752","North America","Referral","489.18","6"
"11798","Europe","Email","489.17","5"
"12840","North America","Paid Search","488.91999999999996","2"
"12323","Latin America","Social Ads","488.73","2"
"10493","North America","Organic","488.12","3"
"12206","North America","Organic","487.94","3"
"11612","Middle East","Influencer","487.02","5"
"12368","Latin America","Social Ads","485.55","3"
"12308","Southeast Asia","Email","484.97","3"
"11688","Europe","Organic","484.75","4"
"11910","Southeast Asia","Paid Search","484.34","1"
"11211","Europe","Social Ads","484.09","4"
"12078","North America","Paid Search","483.81","3"
"12532","North America","Organic","483.51","5"
"12252","Europe","Referral","483.47","4"
"11333","Latin America","Organic","482.65000000000003","3"
"12544","North America","Organic","482.4","6"
"12745","North America","Organic","481.86","2"
"11596","Latin America","Email","481.12","1"
"10915","Southeast Asia","Social Ads","480.93","3"
"11173","Latin America","Organic","480.25","7"
"11750","Europe","Social Ads","478.3","3"
"10987","North America","Organic","478.25","3"
"10365","Southeast Asia","Paid Search","476.65","2"
"10532","Latin America","Organic","476.44000000000005","2"
"10687","Southeast Asia","Organic","475.9","3"
"10752","Southeast Asia","Email","475.56","3"
"12670","Latin America","Paid Search","475.51","3"
"12375","North America","Influencer","475.35","5"
"10051","North America","Social Ads","474.88","3"
"12919","North America","Influencer","474.53","1"
"10201","Latin America","Influencer","474.36","4"
"11586","North America","Email","473.42","3"
"11801","Europe","Organic","473.08","4"
"12917","Southeast Asia","Paid Search","472.93","2"
"10518","North America","Organic","472.69000000000005","4"
"10257","Latin America","Organic","472.69","5"
"12186","North America","Referral","471.95","6"
"10691","Southeast Asia","Organic","471.5","1"
"11745","North America","Organic","471.33","4"
"11113","North America","Social Ads","470.65","1"
"12527","Southeast Asia","Paid Search","470.26","3"
"10600","Europe","Email","469.78999999999996","2"
"10143","Middle East","Paid Search","469.39000000000004","2"
"11308","Europe","Email","468.95","3"
"12649","Europe","Email","468.51","2"
"10184","Latin America","Organic","467.55","5"
"11416","North America","Influencer","467.07","4"
"11255","Europe","Organic","467.05999999999995","2"
"11958","Latin America","Referral","466.68","5"
"10527","Europe","Paid Search","464.65999999999997","3"
"10935","Southeast Asia","Paid Search","464.63","2"
"10993","North America","Email","464.02","3"
"12417","Latin America","Paid Search","463.44","1"
"11428","North America","Social Ads","462.71999999999997","3"
"10615","Europe","Influencer","462.13000000000005","5"
"10848","Southeast Asia","Referral","461.09000000000003","6"
"11343","Europe","Organic","460.87","5"
"12519","North America","Influencer","460.37","4"
"11209","North America","Organic","460.03","5"
"12073","North America","Organic","459.49","5"
"12189","Europe","Social Ads","458.13","3"
"10895","Latin America","Paid Search","458.09999999999997","2"
"10050","Southeast Asia","Social Ads","457.67","5"
"11585","Latin America","Organic","457.23","3"
"10245","North America","Social Ads","454.99","3"
"12188","Latin America","Social Ads","454.69","1"
"10372","Europe","Social Ads","452.74","2"
"12211","Southeast Asia","Paid Search","452.55","2"
"11154","Middle East","Organic","452.40000000000003","4"
"11731","Europe","Paid Search","452.26","2"
"11152","Europe","Organic","451.22","5"
"11886","North America","Organic","451.04","7"
"12461","Europe","Organic","447.57","6"
"12536","Europe","Social Ads","446.27","1"
"11519","Europe","Organic","445.98","3"
"10561","North America","Paid Search","445.21999999999997","3"
"10241","Southeast Asia","Organic","444.98","4"
"12960","Europe","Social Ads","444.78000000000003","3"
"10667","North America","Organic","444.58000000000004","4"
"12508","Europe","Email","443.48","1"
"10878","North America","Paid Search","441.82000000000005","2"
"10376","Europe","Influencer","441.70000000000005","5"
"10457","North America","Organic","441.16","4"
"11094","North America","Organic","440.99","3"
"12239","Latin America","Organic","440.63","2"
"11932","Middle East","Email","440.18","4"
"12937","North America","Organic","439.88","4"
"12908","Middle East","Email","439.38","2"
"11579","Middle East","Organic","439","3"
"10627","Europe","Paid Search","438.74","1"
"12293","Southeast Asia","Social Ads","438.48","2"
"10195","Latin America","Social Ads","438.39000000000004","3"
"11636","Latin America","Social Ads","438.25","3"
"11530","Southeast Asia","Email","437.4","2"
"12209","Europe","Email","437.21000000000004","4"
"10744","Latin America","Paid Search","436.15","4"
"11734","Latin America","Email","435.95","4"
"11322","Latin America","Email","435.67","3"
"11186","Latin America","Organic","435.48","1"
"12621","Latin America","Paid Search","435.24","1"
"12679","Middle East","Social Ads","433.46000000000004","3"
"12236","Europe","Referral","433.13","5"
"11395","Europe","Organic","432.92","4"
"10058","Latin America","Influencer","432.65999999999997","4"
"12357","North America","Influencer","431.83","3"
"11758","Europe","Paid Search","430.59000000000003","2"
"12755","North America","Paid Search","428.88","2"
"11900","Southeast Asia","Paid Search","428.68","4"
"11214","Southeast Asia","Organic","428.07","3"
"12936","Southeast Asia","Paid Search","426.82","3"
"11753","North America","Social Ads","426.51","3"
"11759","North America","Paid Search","425.21999999999997","2"
"12247","Southeast Asia","Organic","424.58","3"
"10076","Europe","Email","424.36","3"
"10524","Latin America","Social Ads","424.08000000000004","3"
"12365","Europe","Organic","423.21","3"
"11107","Southeast Asia","Social Ads","422.28000000000003","3"
"11060","Southeast Asia","Paid Search","421.64","1"
"10305","Europe","Organic","421.45","2"
"12509","Southeast Asia","Paid Search","420.37","2"
"11619","Latin America","Organic","418.99","3"
"10775","Southeast Asia","Social Ads","418.90999999999997","4"
"11364","Latin America","Organic","418.58","4"
"12708","Latin America","Social Ads","418.38","2"
"10905","Europe","Referral","418.03","6"
"11105","Europe","Social Ads","417.94","3"
"11018","North America","Referral","416.90999999999997","2"
"11832","Latin America","Email","416.17","4"
"10242","Latin America","Influencer","415.7","4"
"10798","Europe","Paid Search","414.82000000000005","2"
"12848","Latin America","Influencer","414.52000000000004","2"
"12847","North America","Paid Search","414.19","3"
"11793","Europe","Influencer","413.61","4"
"11541","Europe","Organic","412.93","2"
"11834","Europe","Paid Search","412.83000000000004","4"
"11225","Southeast Asia","Social Ads","410.86","3"
"11961","Southeast Asia","Social Ads","409.97","3"
"12552","Middle East","Social Ads","409.58","4"
"11659","North America","Social Ads","409.47","3"
"10771","Europe","Email","409.34","2"
"12892","Europe","Social Ads","409.21","2"
"12141","North America","Social Ads","408.98","2"
"10288","Europe","Email","408.68","3"
"11453","Middle East","Email","408.26","2"
"10904","Middle East","Email","408.15999999999997","2"
"10394","Southeast Asia","Social Ads","407.02000000000004","3"
"12125","Southeast Asia","Social Ads","406.77","1"
"11761","North America","Organic","406.5","6"
"11194","Latin America","Organic","405.46000000000004","3"
"10325","Europe","Organic","404.94","4"
"12459","Southeast Asia","Social Ads","404.64","2"
"11415","North America","Paid Search","402.92","1"
"11860","North America","Email","402.22","4"
"10789","Europe","Social Ads","400.71","4"
"12572","Europe","Organic","400.1","3"
"11710","Southeast Asia","Paid Search","400.07","2"
"12903","Europe","Organic","399.8","4"
"12695","North America","Paid Search","399.25","2"
"10194","Southeast Asia","Organic","398.45","3"
"11034","North America","Email","398.45","5"
"12592","Europe","Organic","398.07","3"
"11963","Europe","Organic","397.95000000000005","2"
"11918","North America","Influencer","397.62","5"
"11881","North America","Email","396.23","4"
"10028","North America","Influencer","395.29","3"
"10896","Europe","Organic","394.99","3"
"11833","Europe","Paid Search","394.76","4"
"12302","Southeast Asia","Organic","393.89","3"
"10473","Europe","Paid Search","393.82","3"
"11791","Southeast Asia","Paid Search","393.78999999999996","2"
"12987","Middle East","Paid Search","393.24","1"
"11895","Europe","Social Ads","391.15999999999997","5"
"11348","North America","Paid Search","391.03","1"
"12113","Europe","Organic","390.93","3"
"10854","Europe","Organic","390.77000000000004","3"
"11162","Southeast Asia","Referral","390.61","3"
"10859","Middle East","Email","389.4","2"
"10449","North America","Paid Search","389.15999999999997","2"
"12882","Middle East","Paid Search","388.8","3"
"12938","Middle East","Social Ads","388.76","3"
"11934","Southeast Asia","Paid Search","388.71000000000004","2"
"12993","North America","Organic","388.69","4"
"10208","Europe","Paid Search","388.32","1"
"12296","Europe","Referral","387.94","4"
"12118","North America","Paid Search","387.51","1"
"10652","North America","Referral","387.5","4"
"12191","Southeast Asia","Organic","387.03999999999996","2"
"10808","Southeast Asia","Organic","386.78999999999996","4"
"10829","Middle East","Organic","386.41999999999996","3"
"10438","Europe","Email","386.4","5"
"12217","Europe","Social Ads","386.38","5"
"12977","North America","Social Ads","386.05","5"
"10443","Middle East","Paid Search","385.96","3"
"12616","North America","Organic","384.48","3"
"12739","Europe","Paid Search","384.31","1"
"10494","Latin America","Social Ads","383.28","2"
"12208","Southeast Asia","Organic","383.02","5"
"11549","Latin America","Organic","382.95","4"
"12204","Europe","Referral","382.61","1"
"11452","Southeast Asia","Organic","380.31","4"
"13000","Middle East","Paid Search","380.04","2"
"11744","Southeast Asia","Email","377.55999999999995","4"
"12107","Europe","Social Ads","377.39","3"
"11974","Southeast Asia","Social Ads","376.39","3"
"12880","North America","Social Ads","376.38","4"
"10823","Southeast Asia","Influencer","376.32","5"
"11101","Europe","Organic","376.05999999999995","2"
"10677","Southeast Asia","Influencer","375.27","4"
"10006","Middle East","Paid Search","375.25","1"
"12915","Southeast Asia","Social Ads","374.58000000000004","2"
"10596","Middle East","Social Ads","373.96999999999997","3"
"12726","Latin America","Paid Search","373.73","1"
"11059","Europe","Paid Search","373.46","1"
"10665","North America","Paid Search","372.56","2"
"10498","North America","Paid Search","372.40999999999997","2"
"11627","Middle East","Social Ads","372.3","2"
"12761","Latin America","Social Ads","372.21","3"
"10839","Europe","Email","372.18","3"
"11447","Europe","Paid Search","372.16999999999996","2"
"10934","Europe","Social Ads","371","4"
"12824","Europe","Organic","367.88","1"
"10278","Southeast Asia","Email","367.43","4"
"11085","Southeast Asia","Paid Search","366.76","2"
"10262","North America","Influencer","365.7","2"
"12771","Latin America","Paid Search","364.08","3"
"12131","Southeast Asia","Organic","364","2"
"11356","Latin America","Social Ads","363.87","4"
"10429","Europe","Paid Search","362.84000000000003","2"
"11664","Europe","Social Ads","361.57","2"
"10078","Latin America","Paid Search","361.02","2"
"10847","Europe","Paid Search","360.96","1"
"12495","Latin America","Email","360.87","2"
"10073","North America","Paid Search","360.82","1"
"12798","Southeast Asia","Organic","360.81","1"
"10226","Southeast Asia","Social Ads","360","2"
"10061","North America","Social Ads","359.9","3"
"10379","Latin America","Influencer","359.13","2"
"10763","North America","Social Ads","358.83000000000004","3"
"12571","Europe","Organic","358.67","4"
"12639","Latin America","Paid Search","357.75","2"
"10450","North America","Email","357.55","4"
"12066","Southeast Asia","Email","357.15","4"
"12385","Europe","Paid Search","356.15999999999997","2"
"12370","Southeast Asia","Organic","355.77","2"
"10739","North America","Social Ads","355.52","2"
"11137","Latin America","Influencer","355.39","1"
"11250","Europe","Paid Search","355.34","4"
"10468","North America","Email","355.04","1"
"10583","North America","Paid Search","355.02","1"
"10682","Europe","Organic","353.91","3"
"12757","Europe","Organic","353.71","3"
"11460","Southeast Asia","Organic","353.65999999999997","2"
"10133","North America","Organic","353.12","2"
"12477","Latin America","Social Ads","352.92","2"
"11355","Latin America","Paid Search","351.35","2"
"10815","Europe","Paid Search","351.22999999999996","2"
"11191","Southeast Asia","Organic","350.36","2"
"12879","Europe","Influencer","349.59","2"
"12335","North America","Social Ads","349.52","1"
"11109","Latin America","Organic","347.5","3"
"10733","Southeast Asia","Social Ads","346.78000000000003","3"
"11623","North America","Paid Search","346.7","4"
"12087","Southeast Asia","Email","346.4","2"
"10323","Europe","Organic","345.94","3"
"10496","North America","Organic","345.54999999999995","3"
"10809","Europe","Social Ads","345.54","3"
"10863","North America","Paid Search","345.19","2"
"10094","Southeast Asia","Referral","345.06","5"
"10207","North America","Social Ads","344.71000000000004","5"
"12794","Latin America","Organic","343.79","2"
"12773","North America","Social Ads","343.76","3"
"11240","North America","Paid Search","343.3","1"
"11053","Southeast Asia","Influencer","342.97","3"
"12570","Europe","Referral","342.62","3"
"11357","North America","Social Ads","341.9","2"
"11609","Europe","Paid Search","341.61","1"
"12235","Europe","Social Ads","341.44","1"
"12006","Europe","Influencer","341.06","4"
"10014","Southeast Asia","Influencer","340.73","4"
"10426","North America","Email","340.46","4"
"11517","North America","Organic","339.93","2"
"10514","North America","Referral","339.53999999999996","3"
"12489","Europe","Social Ads","339.3","1"
"11041","Middle East","Influencer","338.95","3"
"11234","Latin America","Social Ads","338.45","1"
"11537","North America","Paid Search","338.13","2"
"11608","Europe","Social Ads","338.13","2"
"12055","North America","Organic","337.4","3"
"10903","North America","Influencer","337.08","7"
"11170","North America","Influencer","337.05","3"
"11800","Southeast Asia","Organic","337.01","3"
"11179","Latin America","Organic","336.92","1"
"10872","North America","Influencer","336.77","2"
"11976","Southeast Asia","Paid Search","336.5","2"
"12619","Europe","Social Ads","336.33","1"
"11880","Europe","Social Ads","336.05","2"
"10317","North America","Paid Search","335.77","1"
"10223","North America","Referral","335.18","4"
"10389","Middle East","Organic","335.02","1"
"10908","Middle East","Paid Search","334.97","2"
"11361","Middle East","Organic","333.71","2"
"11245","Europe","Influencer","333.65","6"
"11742","Europe","Organic","333.09","4"
"10867","Latin America","Paid Search","332.53000000000003","3"
"11515","Middle East","Paid Search","332.52000000000004","3"
"12041","Latin America","Paid Search","332.3","2"
"10534","Europe","Social Ads","330.73","1"
"10419","North America","Social Ads","330.71","3"
"12246","Middle East","Referral","330.63","4"
"10280","Southeast Asia","Influencer","330.57","1"
"10451","Latin America","Paid Search","329.43","1"
"10192","Europe","Referral","329.01","2"
"10309","North America","Social Ads","328.76","3"
"11374","Europe","Organic","328.23","3"
"12905","Europe","Paid Search","328.19","3"
"10375","North America","Paid Search","328.18","2"
"10672","Latin America","Organic","327.9","3"
"12124","Southeast Asia","Organic","327.81","5"
"11146","Europe","Organic","326.49","3"
"11796","Latin America","Social Ads","326.40000000000003","2"
"11202","Latin America","Social Ads","325.32000000000005","2"
"11872","Europe","Paid Search","324.48","3"
"10745","Middle East","Organic","324.03000000000003","3"
"12088","Southeast Asia","Social Ads","323.54999999999995","2"
"10570","North America","Organic","322.51","3"
"10479","Southeast Asia","Paid Search","321.69","3"
"11824","Europe","Organic","321.6","3"
"12102","North America","Email","320.84","4"
"10319","Europe","Paid Search","319.33","1"
"12219","Middle East","Organic","319.09000000000003","3"
"11118","Latin America","Referral","317.18","2"
"10237","Europe","Email","316.96000000000004","4"
"10983","Southeast Asia","Referral","316.85","4"
"11313","Middle East","Paid Search","316.77","2"
"12890","Middle East","Referral","316.52","2"
"10705","Europe","Social Ads","316.32","1"
"11093","North America","Paid Search","316.1","4"
"10026","North America","Social Ads","315.76","2"
"11057","Europe","Email","314.96","4"
"10722","North America","Paid Search","314.9","3"
"12317","North America","Referral","314.86","1"
"11669","North America","Paid Search","314.35","2"
"10844","Europe","Paid Search","313.63","3"
"12758","Latin America","Social Ads","313.03999999999996","2"
"11196","Middle East","Referral","312.67","3"
"10034","Europe","Referral","312.65999999999997","3"
"12325","Southeast Asia","Social Ads","312.59","4"
"11521","Middle East","Social Ads","311.87","5"
"12136","Europe","Email","311.84000000000003","4"
"11021","Latin America","Email","311.05","4"
"11840","North America","Organic","310.78999999999996","4"
"11031","North America","Social Ads","309.42","1"
"10093","Southeast Asia","Paid Search","309.24","1"
"12715","North America","Organic","308.65","5"
"10018","Middle East","Paid Search","308.64","4"
"10999","Southeast Asia","Organic","308.40999999999997","4"
"12110","North America","Organic","308.28999999999996","5"
"10083","North America","Paid Search","308.23","2"
"12493","Latin America","Referral","308.21999999999997","3"
"10327","Europe","Organic","308.07","2"
"12753","Europe","Organic","307.82","4"
"12851","North America","Referral","307.5","4"
"10036","North America","Referral","306.47","2"
"10650","Southeast Asia","Influencer","306.46","3"
"10512","North America","Influencer","306.12","6"
"10221","Southeast Asia","Email","305.79","4"
"12672","Europe","Email","305.12","4"
"12886","North America","Organic","305.02","2"
"11335","Latin America","Paid Search","304.99","2"
"10970","North America","Social Ads","304.1","2"
"10557","Europe","Organic","304.09000000000003","2"
"10526","Latin America","Paid Search","303.63","4"
"10975","Europe","Email","303.58","3"
"12803","Southeast Asia","Organic","303.44","2"
"12791","Southeast Asia","Email","303.2","3"
"11413","North America","Paid Search","302.9","1"
"12976","North America","Email","302.9","3"
"10293","Southeast Asia","Paid Search","302.76","3"
"12301","Europe","Email","302.68","5"
"12446","Middle East","Paid Search","301.58","2"
"11662","Middle East","Social Ads","301.34","2"
"10666","Europe","Organic","301.29","3"
"11351","Southeast Asia","Organic","300.5","1"
"12038","North America","Social Ads","300.38","2"
"11625","North America","Organic","300.24","2"
"10307","Europe","Social Ads","299.95","1"
"12273","Latin America","Email","299.19","4"
"10566","Latin America","Organic","298.75","3"
"12792","Europe","Influencer","298.73","2"
"12814","North America","Influencer","297.98","3"
"11450","Latin America","Social Ads","297.53000000000003","2"
"12980","Middle East","Paid Search","296.61","2"
"10986","North America","Paid Search","296.45","2"
"10978","North America","Social Ads","296.42","3"
"10545","Middle East","Email","296.39","3"
"10482","Europe","Social Ads","295.56","4"
"10087","Europe","Social Ads","294.81","2"
"11417","Europe","Paid Search","294.77","3"
"11942","Middle East","Organic","294.45","1"
"12008","North America","Social Ads","294.02","2"
"10714","North America","Social Ads","293.83000000000004","2"
"11013","Europe","Social Ads","292.90999999999997","3"
"10622","North America","Organic","291.98","2"
"12481","Latin America","Organic","291.38000000000005","2"
"10044","Southeast Asia","Social Ads","290.04","3"
"11695","North America","Social Ads","289.53","2"
"10932","Southeast Asia","Referral","289.32","3"
"11424","Southeast Asia","Organic","288.52","3"
"12470","North America","Paid Search","288.13","1"
"12613","North America","Paid Search","287.87","1"
"12465","Latin America","Social Ads","287.28","1"
"12332","Europe","Organic","287.25","3"
"11243","Latin America","Email","286.92","3"
"12883","North America","Referral","286.87","1"
"10735","North America","Social Ads","286.81","2"
"12837","Europe","Paid Search","286.24","3"
"11350","Southeast Asia","Organic","285.81","3"
"12805","North America","Paid Search","284.78999999999996","2"
"10113","Latin America","Paid Search","283.99","3"
"12195","Southeast Asia","Social Ads","283.68","3"
"10900","Europe","Referral","283.5","2"
"12630","Middle East","Paid Search","283.15999999999997","3"
"11945","Europe","Email","282.8","4"
"12866","Middle East","Influencer","282.77","5"
"10303","Europe","Email","281.77","3"
"10923","Latin America","Email","281.43","3"
"10629","Middle East","Social Ads","280.71","5"
"10430","North America","Email","280.56","3"
"10857","Europe","Paid Search","279.8","3"
"10356","North America","Paid Search","279.42","3"
"11699","Latin America","Paid Search","279.32","1"
"11922","Europe","Paid Search","279.3","4"
"11203","Latin America","Paid Search","278.92","3"
"11776","Europe","Paid Search","278.85","1"
"10976","Europe","Email","277.90999999999997","2"
"10153","Latin America","Organic","277","3"
"12677","Latin America","Influencer","276.81","4"
"11981","Latin America","Email","276.58","2"
"12541","Europe","Social Ads","274.35","2"
"10374","Southeast Asia","Paid Search","274.34","1"
"10478","North America","Organic","274.1","3"
"11349","North America","Paid Search","273.47","3"
"12238","Europe","Social Ads","273.02","4"
"10721","Europe","Paid Search","272.99","3"
"11042","North America","Social Ads","272.73","2"
"11477","Europe","Organic","272.6","3"
"10912","Europe","Organic","272.13","3"
"10231","Europe","Organic","272.09","3"
"10103","Southeast Asia","Email","272.05","3"
"12218","North America","Email","272.03","4"
"10444","Southeast Asia","Paid Search","271.8","1"
"11965","Middle East","Email","271.38","2"
"12703","Latin America","Organic","270.77000000000004","3"
"11975","North America","Paid Search","270.4","2"
"10564","Latin America","Paid Search","270.07","3"
"11687","Southeast Asia","Social Ads","269.82","1"
"10542","Europe","Paid Search","269.79","3"
"11373","Southeast Asia","Paid Search","269.01","2"
"12367","Europe","Paid Search","268.01","2"
"12104","Europe","Paid Search","266.62","3"
"11066","North America","Influencer","266.56","2"
"11451","Europe","Social Ads","266.27","1"
"11925","North America","Referral","266.16","3"
"11488","North America","Email","265.99","2"
"11236","North America","Social Ads","265.40999999999997","3"
"12062","Latin America","Paid Search","264.85","2"
"11924","North America","Social Ads","264.82","3"
"12591","Europe","Organic","264.06","3"
"10433","Southeast Asia","Paid Search","263.85","1"
"12727","Europe","Email","263.53999999999996","3"
"12632","Southeast Asia","Social Ads","263.47","1"
"10412","North America","Organic","263.12","3"
"12473","Europe","Organic","263.07","2"
"10037","Europe","Paid Search","262.05","2"
"11719","Europe","Social Ads","261.73","3"
"12336","Latin America","Paid Search","261.45","2"
"10883","Latin America","Social Ads","261.38","2"
"10213","North America","Paid Search","261.32","3"
"11823","Europe","Email","261.17","3"
"12376","Southeast Asia","Email","261.06","5"
"10628","Southeast Asia","Paid Search","261","1"
"11142","Europe","Organic","259.58000000000004","2"
"12390","Southeast Asia","Paid Search","259.4","3"
"11134","North America","Referral","258.59000000000003","7"
"12409","Europe","Email","258.49","3"
"10172","Middle East","Influencer","257.98","4"
"12610","Middle East","Social Ads","256.93","3"
"10579","Europe","Paid Search","256.84","1"
"11837","Latin America","Social Ads","255.72","2"
"12589","Middle East","Email","254.69","2"
"11901","North America","Influencer","254.21","6"
"10041","Southeast Asia","Paid Search","253.28000000000003","2"
"12261","North America","Influencer","253.09","4"
"11402","Southeast Asia","Paid Search","251.94","1"
"11425","Middle East","Social Ads","251.91000000000003","2"
"11282","North America","Organic","251.36999999999998","4"
"10298","North America","Social Ads","250.83","2"
"11678","Middle East","Organic","250.48000000000002","3"
"11644","Europe","Organic","250.26999999999998","3"
"12443","Europe","Paid Search","249.75","2"
"10727","North America","Social Ads","249.52999999999997","2"
"10481","Latin America","Social Ads","249.44","3"
"12705","Southeast Asia","Organic","249.43","2"
"10290","Europe","Email","249.09","3"
"10274","Europe","Social Ads","248.78","1"
"10726","North America","Paid Search","248.66","2"
"12996","Southeast Asia","Organic","248.54","3"
"12872","Middle East","Organic","248.36","3"
"12653","North America","Paid Search","246.73000000000002","2"
"12699","North America","Social Ads","246.73","4"
"12358","Europe","Referral","246.62","4"
"12475","Europe","Social Ads","245.88","3"
"11099","Europe","Paid Search","245.75","2"
"12961","Europe","Organic","245.3","2"
"11728","North America","Social Ads","243.48","5"
"11183","North America","Paid Search","242.7","1"
"12286","Europe","Email","242.41","3"
"12873","Southeast Asia","Social Ads","241.89","2"
"12418","Latin America","Organic","241.57","3"
"10730","Europe","Social Ads","240.67999999999998","2"
"12053","Latin America","Organic","239.47000000000003","3"
"10506","North America","Social Ads","239.37","3"
"10864","Middle East","Social Ads","239.26","2"
"12736","Southeast Asia","Influencer","239.19","3"
"12491","North America","Email","239.04999999999998","2"
"11712","Southeast Asia","Social Ads","238.73","2"
"10416","Middle East","Email","238.47","2"
"12751","Southeast Asia","Paid Search","237.84","1"
"11647","Southeast Asia","Social Ads","237.45","1"
"10645","Southeast Asia","Organic","237.26000000000002","3"
"10329","Latin America","Email","236.76999999999998","2"
"11377","Europe","Social Ads","236.74","4"
"12928","Southeast Asia","Paid Search","236.63","2"
"12094","Europe","Paid Search","236.49","3"
"10089","Southeast Asia","Influencer","236.34","5"
"10720","Southeast Asia","Paid Search","236.31","4"
"11316","North America","Social Ads","235.98","1"
"10193","Southeast Asia","Social Ads","235.45","1"
"10338","Latin America","Paid Search","235","3"
"11187","Southeast Asia","Organic","234.7","3"
"10940","North America","Paid Search","234.4","1"
"10805","Europe","Organic","234.35999999999999","3"
"12601","Europe","Paid Search","234.13","2"
"12501","Middle East","Email","233.95","4"
"11921","Latin America","Paid Search","233.72","1"
"12676","Middle East","Social Ads","232.63","2"
"12020","Middle East","Email","232.37","2"
"12255","Latin America","Referral","232.37","3"
"10984","North America","Paid Search","232.20000000000002","3"
"12432","North America","Social Ads","232.16","2"
"10046","North America","Paid Search","231.91","1"
"12874","Europe","Organic","231.57999999999998","3"
"12213","Europe","Paid Search","231.57","2"
"10982","North America","Paid Search","231.42000000000002","2"
"12528","North America","Organic","231.04","4"
"10918","Latin America","Paid Search","230.82","3"
"12702","Middle East","Social Ads","230.67000000000002","3"
"11685","Europe","Paid Search","230.49","3"
"11227","North America","Paid Search","230.1","1"
"12662","Southeast Asia","Social Ads","228.99","4"
"12551","North America","Email","228.6","2"
"10749","Europe","Organic","228.57999999999998","2"
"11822","Europe","Social Ads","228.57","2"
"11739","Latin America","Email","228.25","3"
"10985","Europe","Organic","227.87","3"
"11266","Latin America","Social Ads","227.75","2"
"11855","Middle East","Paid Search","227.35000000000002","3"
"12076","North America","Social Ads","227.12","3"
"11426","Latin America","Paid Search","227.11999999999998","3"
"10876","Europe","Organic","227.09","3"
"11128","Latin America","Email","226.78","3"
"12448","Latin America","Email","226.58999999999997","4"
"11045","Southeast Asia","Paid Search","226.46","1"
"12923","Middle East","Organic","226.37","3"
"11354","North America","Social Ads","224.95","1"
"12324","Latin America","Social Ads","224.85","3"
"10127","Middle East","Social Ads","224.81","3"
"11033","Middle East","Organic","223.98","3"
"10565","Europe","Organic","223.62","4"
"11030","Europe","Paid Search","223.6","3"
"12901","Europe","Social Ads","223.45","2"
"11111","Europe","Referral","222.93","3"
"10740","Southeast Asia","Paid Search","222.87","1"
"12989","North America","Organic","222.60000000000002","2"
"11905","North America","Paid Search","222.19","1"
"11516","Europe","Paid Search","222.08999999999997","3"
"11184","Southeast Asia","Social Ads","222.03","3"
"10336","Latin America","Email","221.67000000000002","2"
"10428","Europe","Email","221.55","2"
"12036","Latin America","Paid Search","221.55","1"
"11479","Middle East","Paid Search","220.98","1"
"10203","North America","Social Ads","220.75","3"
"12048","Southeast Asia","Social Ads","219.22","2"
"11749","North America","Organic","218.7","1"
"12052","North America","Paid Search","218.53","2"
"11654","Europe","Paid Search","218.2","1"
"10275","Southeast Asia","Email","218.04999999999998","3"
"10513","North America","Paid Search","218.01","2"
"10873","Europe","Paid Search","217.56","2"
"11301","Southeast Asia","Referral","217.44","1"
"10273","Middle East","Paid Search","217.34","3"
"12623","Middle East","Referral","215.04","3"
"11766","North America","Paid Search","214.65","3"
"11048","North America","Social Ads","214.32","1"
"11866","Europe","Social Ads","214.02","2"
"11230","Latin America","Paid Search","213.87","3"
"10603","North America","Email","213.36","2"
"10102","Europe","Social Ads","213.2","2"
"10617","North America","Email","212.89000000000001","2"
"10962","Europe","Organic","212.57999999999998","2"
"12767","Southeast Asia","Referral","212.44","2"
"12963","Latin America","Email","212.39","3"
"11114","Europe","Paid Search","212.35","1"
"12934","North America","Organic","212.11","1"
"12777","Southeast Asia","Email","211.76999999999998","4"
"11928","Southeast Asia","Paid Search","211.16","1"
"10563","Latin America","Social Ads","210.7","1"
"12990","Latin America","Referral","210.6","3"
"11949","North America","Email","210.51999999999998","3"
"11818","Southeast Asia","Paid Search","210.10000000000002","3"
"12069","Europe","Social Ads","209.13","2"
"10608","Europe","Organic","208.64","3"
"12822","North America","Email","208.32","2"
"11461","Europe","Organic","208.24","4"
"10795","Southeast Asia","Social Ads","207.75","1"
"10936","Southeast Asia","Organic","207.55","4"
"10877","Middle East","Email","207.46","1"
"12275","Middle East","Organic","206.5","1"
"12531","North America","Paid Search","206.29","3"
"11435","Middle East","Paid Search","206.26","1"
"10271","Europe","Social Ads","205.96","2"
"10875","Europe","Paid Search","205.76","2"
"12072","North America","Social Ads","205.61","3"
"11729","Middle East","Social Ads","205.34","3"
"10951","North America","Paid Search","205.3","2"
"12689","Europe","Organic","205.2","2"
"10686","Europe","Influencer","205.09","4"
"10605","Southeast Asia","Influencer","204.32999999999998","3"
"10382","North America","Influencer","203.45","1"
"11208","Latin America","Paid Search","203.28","2"
"12634","Middle East","Organic","202.94","2"
"12674","Latin America","Organic","201.87","4"
"11273","Europe","Paid Search","201.79","2"
"12957","Europe","Social Ads","201.3","4"
"12888","Latin America","Social Ads","201.26","2"
"10588","Europe","Organic","200.98000000000002","3"
"10828","North America","Paid Search","200.95","3"
"10283","Europe","Organic","200.45999999999998","3"
"11711","North America","Organic","199.8","2"
"11930","Southeast Asia","Paid Search","199.57","3"
"12645","Latin America","Referral","199.35","4"
"10361","Europe","Social Ads","199.28","2"
"11885","North America","Social Ads","199.23999999999998","2"
"12140","North America","Paid Search","199.16","1"
"10204","Europe","Social Ads","197.42","2"
"12992","Europe","Referral","197.38","3"
"10299","North America","Paid Search","197.18","2"
"11193","Europe","Paid Search","196.94","2"
"11221","North America","Paid Search","196.78","2"
"10029","North America","Paid Search","196.74","1"
"12178","North America","Influencer","196.39","3"
"10342","Southeast Asia","Social Ads","196.09","3"
"12675","Middle East","Email","195.75","2"
"10750","North America","Paid Search","195.47","3"
"12637","North America","Social Ads","194.91","2"
"10250","North America","Organic","194.89","2"
"10675","Europe","Paid Search","194.89","3"
"10461","Europe","Social Ads","194.85","1"
"10142","Europe","Paid Search","194.05","2"
"10884","Europe","Social Ads","193.86","3"
"10685","North America","Social Ads","193.82999999999998","4"
"10138","Southeast Asia","Social Ads","192.82","4"
"10463","Europe","Social Ads","192.29000000000002","2"
"11169","Middle East","Influencer","192.19","2"
"11838","Middle East","Social Ads","190.29","2"
"11145","Southeast Asia","Paid Search","190.21","1"
"12162","Europe","Social Ads","190.08999999999997","2"
"12258","Europe","Organic","189.41","1"
"12574","Middle East","Influencer","189.32","1"
"11826","Middle East","Organic","189.1","3"
"11859","Europe","Email","188.3","2"
"11165","Europe","Email","188.21","2"
"12579","North America","Influencer","187.71","4"
"11912","Middle East","Paid Search","187.31","3"
"11369","Europe","Social Ads","186.94","2"
"12300","Southeast Asia","Email","186.32","2"
"12288","North America","Paid Search","186.3","1"
"11007","North America","Paid Search","186.22","1"
"10178","North America","Paid Search","186","3"
"11865","Europe","Paid Search","185.83","3"
"11908","Middle East","Organic","185.44","3"
"10162","Middle East","Social Ads","184.48000000000002","2"
"12197","Europe","Paid Search","184.34","1"
"11781","Europe","Social Ads","183.2","3"
"10590","Latin America","Paid Search","182.62","1"
"12442","North America","Organic","181.67","3"
"10810","North America","Social Ads","181.59","2"
"12164","Middle East","Email","181.57","2"
"12220","North America","Social Ads","181.23","1"
"12391","North America","Social Ads","181.19","2"
"11597","Latin America","Referral","180.84","2"
"11973","Europe","Email","180.64","2"
"11836","North America","Social Ads","180.39","1"
"10713","Southeast Asia","Social Ads","180.13","3"
"10944","North America","Paid Search","180.02","3"
"11458","North America","Organic","179.56","2"
"12347","Southeast Asia","Paid Search","179.24","3"
"12310","Europe","Referral","179.04","4"
"10175","North America","Paid Search","178.88","2"
"10122","North America","Social Ads","178.47","1"
"11995","Europe","Paid Search","178","3"
"12452","North America","Social Ads","176.76999999999998","3"
"11167","Latin America","Social Ads","176.59","2"
"10358","Europe","Paid Search","176.11","1"
"11518","North America","Organic","175.51","3"
"11786","Europe","Paid Search","175.42000000000002","4"
"10397","Europe","Organic","175.39000000000001","3"
"11406","Southeast Asia","Organic","174.34","1"
"11287","North America","Social Ads","173.69","1"
"10005","North America","Paid Search","173.68","2"
"12019","Southeast Asia","Organic","173.6","6"
"10938","Southeast Asia","Influencer","173.26","4"
"12397","Southeast Asia","Paid Search","173.13","1"
"11844","Middle East","Social Ads","172.73","3"
"12387","Europe","Organic","172.05","2"
"12549","Latin America","Social Ads","171.63","3"
"11600","Latin America","Influencer","171.1","4"
"12680","Middle East","Paid Search","171","1"
"10477","North America","Social Ads","170.97","3"
"10314","North America","Paid Search","169.97","2"
"10759","Southeast Asia","Influencer","169.24","3"
"11385","North America","Referral","168.73999999999998","2"
"12945","Europe","Paid Search","168.56","1"
"12789","North America","Paid Search","168.33","3"
"10068","Southeast Asia","Social Ads","167.89999999999998","2"
"10008","North America","Social Ads","167.87","3"
"10709","Southeast Asia","Paid Search","167.87","3"
"11790","Southeast Asia","Paid Search","167.79","1"
"11559","North America","Social Ads","167.2","3"
"12248","Europe","Paid Search","167.19","1"
"12788","Europe","Social Ads","166.15","2"
"11606","Middle East","Paid Search","165.64999999999998","3"
"11808","Europe","Email","165.46","2"
"12257","Southeast Asia","Paid Search","165.26","2"
"11077","Europe","Paid Search","165.10999999999999","2"
"10766","North America","Organic","164.52","3"
"10994","North America","Referral","164.38","1"
"10899","Europe","Paid Search","163.68","2"
"12012","North America","Social Ads","163.67000000000002","2"
"10704","North America","Paid Search","163.46","1"
"12284","Southeast Asia","Organic","163.14","2"
"10460","Latin America","Paid Search","162.89","2"
"10743","Europe","Paid Search","161.76","4"
"12371","Europe","Email","161.32999999999998","3"
"12834","Europe","Social Ads","160.87","3"
"11871","Southeast Asia","Paid Search","160.77","1"
"11475","Europe","Influencer","160.65","3"
"11902","Europe","Paid Search","160.43","2"
"12232","Europe","Social Ads","159.83","1"
"12122","Europe","Social Ads","159.59","2"
"12720","Europe","Organic","159.56","2"
"12815","Latin America","Paid Search","159.03","2"
"11919","Latin America","Paid Search","158.49","1"
"11293","Europe","Social Ads","158.29000000000002","3"
"11384","Europe","Social Ads","158.29","2"
"12404","Europe","Social Ads","158","2"
"10057","Europe","Email","157.83","1"
"12711","North America","Social Ads","157.68","2"
"11911","Middle East","Paid Search","157.26","1"
"10499","Latin America","Social Ads","156.99","3"
"12754","Europe","Email","156.92","1"
"11035","Latin America","Paid Search","155.73","2"
"10647","Europe","Email","154.99","3"
"10072","North America","Paid Search","154.96","1"
"11375","Latin America","Social Ads","154.59","1"
"10692","Southeast Asia","Organic","154.27","2"
"10887","Europe","Social Ads","154.22","2"
"11732","North America","Referral","153.88","2"
"10456","Latin America","Paid Search","153.38","1"
"10464","Southeast Asia","Email","152.45000000000002","3"
"12898","Middle East","Organic","152.42000000000002","4"
"12016","Europe","Paid Search","152.02","1"
"12103","Middle East","Social Ads","151.56","2"
"10973","North America","Social Ads","151.33","2"
"12935","Latin America","Organic","151.26","1"
"12388","North America","Paid Search","150.97","1"
"10049","Europe","Influencer","150.96","1"
"11463","Latin America","Social Ads","150.71","3"
"12421","Latin America","Influencer","150.65","3"
"10254","Latin America","Paid Search","150.58","1"
"11698","Europe","Social Ads","150.19","1"
"12746","North America","Email","149.79","2"
"10724","Europe","Email","149.57999999999998","2"
"10553","Latin America","Paid Search","148.98","1"
"10577","Europe","Social Ads","148.89000000000001","2"
"12117","Southeast Asia","Organic","148.68","1"
"11553","North America","Organic","148.57999999999998","3"
"10025","Middle East","Paid Search","147.84","2"
"11643","Latin America","Social Ads","147.65","1"
"11692","Middle East","Email","146.95","3"
"12557","Southeast Asia","Influencer","146.92","1"
"12138","Southeast Asia","Organic","146.62","2"
"11223","Middle East","Referral","146.26","1"
"12725","Europe","Paid Search","145.97","3"
"10519","Southeast Asia","Paid Search","145.86","1"
"11496","North America","Organic","145.86","1"
"12159","Southeast Asia","Organic","145.57","2"
"11025","Europe","Social Ads","145.5","1"
"10364","North America","Social Ads","145.26","2"
"12210","Europe","Paid Search","145.21","3"
"10095","North America","Email","144.7","2"
"10174","Europe","Organic","144.57","3"
"11502","Latin America","Paid Search","144.41","1"
"11675","North America","Paid Search","143.99","2"
"11641","North America","Organic","143.8","2"
"12205","Middle East","Paid Search","143.79","1"
"11172","North America","Social Ads","143.48000000000002","3"
"12256","Latin America","Organic","143.45","2"
"11430","Middle East","Social Ads","143.22","2"
"10322","Latin America","Email","142.56","1"
"12730","Southeast Asia","Influencer","142.48000000000002","2"
"12363","Southeast Asia","Paid Search","141.32","2"
"12947","Southeast Asia","Social Ads","141.12","3"
"11946","North America","Paid Search","140.96","3"
"12485","North America","Social Ads","140.87","1"
"12810","Middle East","Paid Search","140.61","2"
"11594","Middle East","Paid Search","140.33","1"
"12440","North America","Paid Search","139.9","2"
"11212","Middle East","Email","139.8","3"
"10785","Southeast Asia","Organic","139.37","1"
"10408","Europe","Social Ads","139.25","2"
"10731","North America","Social Ads","138.38","2"
"11388","Southeast Asia","Paid Search","138.29","1"
"10101","Middle East","Email","138.22","3"
"11076","Europe","Social Ads","137.84","3"
"10972","Europe","Paid Search","137.74","1"
"11705","Southeast Asia","Paid Search","137.39","1"
"10139","Europe","Organic","137.2","2"
"10812","Europe","Social Ads","136.92","2"
"11054","Europe","Paid Search","136.7","3"
"12895","North America","Organic","136.43","3"
"10043","North America","Paid Search","136.35","1"
"10953","Europe","Paid Search","136.13","1"
"12652","Europe","Social Ads","135.69","1"
"12774","North America","Paid Search","135.65","2"
"12860","Europe","Social Ads","135.49","3"
"10825","Europe","Paid Search","135.48","1"
"12182","Southeast Asia","Paid Search","135.2","2"
"12768","Latin America","Paid Search","134.98","1"
"11751","Southeast Asia","Paid Search","134.96","2"
"12496","North America","Paid Search","134.76","1"
"12666","Latin America","Referral","134.74","2"
"12266","Latin America","Organic","134.18","1"
"12269","Europe","Email","134.03","1"
"10090","Europe","Paid Search","133.92","1"
"10573","North America","Influencer","133.82999999999998","2"
"11611","Europe","Social Ads","133.76","2"
"11950","Europe","Paid Search","133.73000000000002","2"
"10882","North America","Organic","133.43","3"
"11410","Southeast Asia","Email","133.31","1"
"12734","Europe","Organic","132.81","3"
"11709","Middle East","Organic","132.57","2"
"11044","Europe","Social Ads","131.95","3"
"11086","Latin America","Social Ads","131.93","1"
"10054","Europe","Organic","131.8","1"
"11762","Europe","Paid Search","131.73000000000002","2"
"12555","Europe","Organic","131.68","1"
"10696","Southeast Asia","Social Ads","131.29","1"
"11689","North America","Influencer","131.17000000000002","2"
"11216","Southeast Asia","Email","131.14","4"
"12684","Latin America","Paid Search","130.34","1"
"12984","North America","Organic","130","1"
"10166","North America","Paid Search","129.79","1"
"11952","Europe","Paid Search","129.26","1"
"11326","North America","Paid Search","128.97","1"
"12377","Europe","Social Ads","128.85999999999999","2"
"10064","Middle East","Organic","128.60999999999999","4"
"10870","North America","Email","128.09","2"
"11254","North America","Social Ads","127.93","3"
"12596","North America","Email","127.61","1"
"10585","Southeast Asia","Social Ads","127.23","2"
"11960","Southeast Asia","Social Ads","126.82","1"
"12492","Latin America","Paid Search","126.51","1"
"10521","Europe","Paid Search","126.26","2"
"10694","Latin America","Email","126.2","1"
"12743","Southeast Asia","Paid Search","125.44","3"
"11527","North America","Social Ads","125.22","1"
"12172","Latin America","Paid Search","125.15","1"
"10942","Southeast Asia","Social Ads","124.38","2"
"12704","North America","Organic","124.37","1"
"12474","Middle East","Organic","124.30000000000001","2"
"10344","Europe","Paid Search","124.27","1"
"12406","North America","Organic","124.04","3"
"10196","North America","Organic","123.39","1"
"12763","Europe","Social Ads","123.19","1"
"12942","North America","Organic","123.16","2"
"11638","Latin America","Paid Search","123.14000000000001","2"
"11122","North America","Organic","122.24","1"
"12875","Middle East","Referral","121.92999999999999","2"
"11730","North America","Organic","121.91999999999999","2"
"10459","Southeast Asia","Paid Search","121.54","1"
"10950","Middle East","Paid Search","121.43","3"
"12130","North America","Paid Search","120.78","2"
"12067","North America","Email","120.57000000000001","2"
"10892","North America","Influencer","120.15","2"
"11319","Southeast Asia","Paid Search","120.07","2"
"12005","Europe","Influencer","120.01","1"
"12910","North America","Organic","119.91999999999999","2"
"11690","North America","Social Ads","119.4","1"
"12797","Europe","Paid Search","119.36","1"
"11126","Europe","Referral","119.2","1"
"10800","Middle East","Email","118.92","1"
"10148","North America","Social Ads","118.81","3"
"10732","North America","Influencer","118.18","2"
"11591","Europe","Paid Search","116.61","3"
"10040","Europe","Social Ads","116.36","3"
"10575","Europe","Paid Search","116.24","1"
"10225","North America","Email","115.50999999999999","2"
"12282","Europe","Social Ads","115.44","1"
"11948","Southeast Asia","Social Ads","115.38999999999999","3"
"12378","Latin America","Paid Search","115.35","1"
"11947","Europe","Influencer","115.21","1"
"12912","Latin America","Referral","114.94","1"
"10909","North America","Paid Search","114.75999999999999","2"
"12841","North America","Email","114.66","2"
"12035","Latin America","Referral","114.36000000000001","2"
"12415","Middle East","Paid Search","114.29","1"
"11797","Europe","Social Ads","113.85","2"
"12120","Southeast Asia","Organic","113.52","1"
"12717","Middle East","Paid Search","113.18","2"
"10163","North America","Paid Search","113.12","2"
"11383","North America","Paid Search","112.7","1"
"11108","North America","Social Ads","112.69","1"
"12298","North America","Social Ads","112.19","1"
"12044","Europe","Social Ads","112.16","1"
"11455","Middle East","Paid Search","111.91","1"
"10678","North America","Paid Search","111.85","3"
"11393","North America","Paid Search","111.55","1"
"10595","Latin America","Organic","110.84","2"
"10045","Europe","Email","110.78999999999999","3"
"11741","Europe","Referral","110.49000000000001","3"
"10410","Latin America","Paid Search","110.22","1"
"12424","Southeast Asia","Email","110.18","2"
"12169","Latin America","Social Ads","109.98","2"
"11490","Latin America","Paid Search","109.94","1"
"12393","Middle East","Influencer","109.78","1"
"10779","Europe","Paid Search","109.75","2"
"11529","Southeast Asia","Paid Search","109.64","1"
"10383","Middle East","Social Ads","109.30000000000001","3"
"12341","Europe","Paid Search","107.94","1"
"10664","North America","Email","107.9","1"
"12322","Southeast Asia","Paid Search","107.9","1"
"10343","Europe","Paid Search","107.59","2"
"12918","Europe","Paid Search","107.50999999999999","2"
"12868","Europe","Email","107.39","2"
"10367","Southeast Asia","Referral","107.26","3"
"11629","North America","Paid Search","106.92999999999999","2"
"11168","Southeast Asia","Paid Search","106.49","1"
"12338","North America","Social Ads","106.32000000000001","2"
"12617","North America","Organic","105.68","1"
"12816","Southeast Asia","Paid Search","105.44","1"
"12274","Southeast Asia","Email","104.93","2"
"11513","North America","Social Ads","104.78","1"
"10469","Middle East","Email","104.63","3"
"12627","Europe","Organic","104.6","1"
"11421","Europe","Paid Search","104.41","1"
"10452","Europe","Paid Search","103.94","1"
"11814","Europe","Paid Search","103.33000000000001","2"
"11819","North America","Social Ads","103.16","2"
"11478","Europe","Organic","102.87","1"
"10117","Southeast Asia","Social Ads","102.69","2"
"12119","Europe","Organic","102.47999999999999","2"
"10866","Europe","Organic","102.4","2"
"10401","North America","Email","102.32","2"
"10718","Europe","Paid Search","102.03","1"
"11811","Europe","Organic","101.98","1"
"10070","North America","Paid Search","101.4","2"
"11081","Southeast Asia","Social Ads","101.14","2"
"11068","North America","Social Ads","100.19","1"
"10202","Europe","Email","99.61","1"
"12070","Europe","Email","99.37","1"
"12000","North America","Paid Search","98.94","2"
"10260","North America","Social Ads","98.81","3"
"10371","Europe","Organic","98.29","1"
"10439","North America","Paid Search","98.17","2"
"11315","North America","Paid Search","97.06","2"
"10773","Southeast Asia","Social Ads","96.92","2"
"12801","Southeast Asia","Influencer","96.39","1"
"10997","Southeast Asia","Organic","96.1","2"
"12455","Latin America","Organic","95.98","3"
"10387","Europe","Email","95.74","1"
"11065","Europe","Paid Search","95.69999999999999","2"
"10910","Southeast Asia","Paid Search","95.5","2"
"12427","Middle East","Social Ads","95.45","1"
"12184","Latin America","Social Ads","95.2","1"
"10400","Southeast Asia","Organic","95.1","3"
"10592","Latin America","Paid Search","95.05","2"
"12584","North America","Paid Search","94.87","2"
"10396","Latin America","Paid Search","94.79","1"
"11568","North America","Email","94.52","1"
"10655","North America","Paid Search","94.38","1"
"11363","Latin America","Social Ads","94.38","1"
"12343","Middle East","Organic","94.28","2"
"11563","Southeast Asia","Social Ads","93.53","1"
"10285","Southeast Asia","Paid Search","93.23","2"
"12100","Middle East","Social Ads","92.75","2"
"11423","Southeast Asia","Organic","92.4","1"
"10879","North America","Paid Search","92.04","1"
"10264","Europe","Paid Search","91.97","1"
"12254","North America","Social Ads","91.94999999999999","2"
"10586","Europe","Paid Search","91.74000000000001","2"
"12690","North America","Social Ads","91.68","1"
"10849","Southeast Asia","Referral","91.55","1"
"10328","Southeast Asia","Social Ads","91.49","2"
"11391","Europe","Email","91.41","2"
"10774","North America","Organic","91.32","1"
"12526","North America","Paid Search","91.19","1"
"12585","North America","Paid Search","90.78","2"
"12838","North America","Organic","90.31","2"
"11055","Europe","Influencer","90.29","2"
"11506","Europe","Organic","89.58","3"
"12806","Middle East","Organic","89.57","2"
"12464","Europe","Paid Search","89.17","1"
"10500","Southeast Asia","Referral","89.09","1"
"11985","Middle East","Organic","89.02","1"
"10591","Southeast Asia","Influencer","88.84","3"
"11635","Southeast Asia","Organic","88.07","1"
"11336","North America","Referral","87.46000000000001","2"
"11485","North America","Paid Search","87.4","1"
"10140","Southeast Asia","Organic","87.09","1"
"10765","Southeast Asia","Paid Search","86.9","2"
"11763","Southeast Asia","Paid Search","86.59","2"
"11512","Southeast Asia","Organic","86.27","2"
"12869","Europe","Social Ads","85.8","2"
"12772","Europe","Paid Search","85.55","2"
"10711","North America","Paid Search","85.3","2"
"10635","Middle East","Social Ads","85.28","2"
"10549","Europe","Email","85.18","2"
"12830","Europe","Paid Search","84.98","2"
"10907","North America","Influencer","84.92999999999999","2"
"11443","North America","Organic","84.66","2"
"11440","Southeast Asia","Organic","83.56","1"
"11498","Middle East","Paid Search","83.06","1"
"11857","North America","Paid Search","82.39","1"
"10540","Latin America","Organic","82.36","2"
"12126","Europe","Email","82.27","2"
"12802","Middle East","Paid Search","82.18","1"
"11129","Middle East","Social Ads","82.07","1"
"10855","North America","Email","81.76","2"
"11002","North America","Paid Search","81.66","1"
"10700","Middle East","Organic","81.38","2"
"11231","Latin America","Paid Search","81.33","2"
"12405","Latin America","Social Ads","80.52","2"
"12981","Latin America","Paid Search","80.3","2"
"12095","North America","Social Ads","80.25","1"
"11782","Latin America","Organic","80.14","1"
"10979","North America","Social Ads","80.12","1"
"10636","Europe","Influencer","79.89","2"
"11772","North America","Paid Search","79.76","1"
"11083","Europe","Paid Search","79.55","2"
"12775","Europe","Paid Search","78.58","1"
"10792","Latin America","Paid Search","78.27","1"
"12516","North America","Email","77.81","1"
"10619","Southeast Asia","Social Ads","77.58","2"
"12101","Southeast Asia","Social Ads","76.72999999999999","2"
"11988","Europe","Social Ads","76.49000000000001","2"
"11718","Latin America","Paid Search","75.74","1"
"11277","North America","Paid Search","75.73","1"
"11329","Southeast Asia","Paid Search","75.43","1"
"10523","Middle East","Organic","75.24","1"
"12196","North America","Paid Search","75.01","1"
"11957","Southeast Asia","Paid Search","74.77","1"
"12045","North America","Social Ads","74.58","3"
"10486","Latin America","Paid Search","74.38","1"
"10003","Southeast Asia","Email","74.1","1"
"11246","Latin America","Paid Search","74.1","1"
"10373","North America","Social Ads","73.42","2"
"10485","Europe","Organic","73.22","1"
"10598","North America","Paid Search","73.12","1"
"11713","North America","Social Ads","72.66","1"
"12192","Southeast Asia","Referral","72.39","2"
"11725","Middle East","Paid Search","72.24","1"
"11272","North America","Paid Search","72.19","2"
"12444","Middle East","Organic","71.84","2"
"12931","Europe","Paid Search","70.94","1"
"10599","Southeast Asia","Paid Search","70.78","1"
"10392","North America","Paid Search","70.45","1"
"10894","North America","Paid Search","70.16","1"
"10108","Southeast Asia","Social Ads","69.93","2"
"12655","Southeast Asia","Social Ads","69.92","1"
"12179","Europe","Social Ads","69.82","1"
"11149","North America","Social Ads","69.69","1"
"10425","Europe","Paid Search","69.58","1"
"10411","Latin America","Social Ads","69.44","2"
"11778","Southeast Asia","Social Ads","69.43","1"
"10508","North America","Social Ads","69.18","2"
"10395","Europe","Organic","68.95","2"
"10554","Middle East","Referral","68.46","1"
"10071","North America","Social Ads","68.44","1"
"10086","Southeast Asia","Paid Search","68.39","1"
"10621","Southeast Asia","Paid Search","68.28","3"
"10790","Latin America","Paid Search","68.28","1"
"11683","Europe","Referral","67.69","2"
"10134","Europe","Social Ads","66.66","2"
"10212","Europe","Referral","66.42","1"
"12804","North America","Paid Search","65.95","1"
"11982","North America","Paid Search","65.91","1"
"11052","Southeast Asia","Paid Search","65.8","1"
"10791","North America","Social Ads","65.78999999999999","2"
"11182","North America","Paid Search","65.78","2"
"11828","Latin America","Social Ads","65.78","1"
"11180","North America","Paid Search","65.32","1"
"10232","Latin America","Social Ads","65.2","2"
"11274","North America","Paid Search","65.17","2"
"12278","North America","Paid Search","65.01","1"
"10161","North America","Organic","64.94","2"
"12808","Southeast Asia","Email","64.93","1"
"12426","Latin America","Social Ads","64.6","1"
"11891","Southeast Asia","Paid Search","64.31","1"
"12500","Europe","Organic","64.26","1"
"10865","Europe","Organic","64.12","1"
"12467","Europe","Organic","63.81","1"
"10874","Europe","Paid Search","63.56","1"
"12793","Southeast Asia","Referral","63.2","1"
"10552","North America","Paid Search","63.01","1"
"11628","Middle East","Referral","62.84","1"
"10453","North America","Paid Search","62.82","1"
"11601","Southeast Asia","Paid Search","62.82","1"
"10781","North America","Influencer","60.3","1"
"12686","Southeast Asia","Email","59.769999999999996","2"
"10109","Southeast Asia","Influencer","59.21","1"
"11446","Southeast Asia","Social Ads","58.84","2"
"10042","North America","Paid Search","58.62","1"
"11499","Europe","Email","58.13","1"
"11964","Southeast Asia","Paid Search","58.02","1"
"10780","Middle East","Social Ads","57.74","1"
"10065","Europe","Social Ads","57.72","1"
"12968","Europe","Paid Search","57.32","1"
"10901","Middle East","Organic","57.29","1"
"11562","Europe","Email","57.24","1"
"10440","Europe","Paid Search","56.62","1"
"10023","Latin America","Organic","56.38","1"
"12602","Europe","Paid Search","55.9","1"
"12268","Southeast Asia","Influencer","55.67","1"
"10558","North America","Social Ads","55.61","1"
"12139","Latin America","Influencer","55.61","2"
"10902","Latin America","Paid Search","55.54","1"
"12642","North America","Social Ads","55.13","1"
"11884","Europe","Influencer","54.97","1"
"12694","Latin America","Paid Search","54.76","1"
"10295","Southeast Asia","Social Ads","53.41","1"
"12374","Latin America","Organic","53.32","1"
"10842","Latin America","Social Ads","53.25","2"
"11344","North America","Social Ads","53.15","1"
"11663","Europe","Social Ads","52.63","1"
"11439","North America","Social Ads","52.58","1"
"11505","Europe","Email","52.01","2"
"10517","North America","Paid Search","51.88","1"
"12710","Southeast Asia","Influencer","50.93","2"
"11327","North America","Referral","50.82","1"
"10515","Latin America","Social Ads","50.07","1"
"12212","Middle East","Paid Search","50","1"
"12512","Latin America","Social Ads","49.31","1"
"10189","Middle East","Paid Search","49.040000000000006","2"
"10782","North America","Paid Search","48.62","1"
"11082","Latin America","Organic","48.5","1"
"12922","North America","Paid Search","48.29","1"
"11070","Middle East","Paid Search","46.76","1"
"10793","Southeast Asia","Paid Search","46.65","2"
"12894","Europe","Paid Search","46.57","1"
"12034","Europe","Social Ads","46.54","1"
"10062","North America","Paid Search","46.1","1"
"10351","North America","Paid Search","45.91","1"
"12878","Latin America","Paid Search","45.9","2"
"11630","Europe","Social Ads","45.78","2"
"11476","Europe","Social Ads","45.66","1"
"10708","Latin America","Paid Search","44.58","1"
"12334","Latin America","Paid Search","44.55","1"
"10431","Southeast Asia","Social Ads","43.28","2"
"10756","North America","Paid Search","43.22","1"
"10924","North America","Paid Search","43.21","2"
"12146","North America","Paid Search","43.02","1"
"10418","Southeast Asia","Organic","42.92","1"
"10015","Southeast Asia","Organic","42.78","1"
"10027","North America","Social Ads","41.94","1"
"11645","Europe","Paid Search","41.9","2"
"10366","Europe","Paid Search","41.32","1"
"10052","Southeast Asia","Social Ads","41.02","1"
"12533","Europe","Social Ads","40.68","1"
"10673","Southeast Asia","Email","40.04","2"
"11473","Middle East","Social Ads","39.8","1"
"10155","Latin America","Social Ads","39.09","1"
"12955","Southeast Asia","Paid Search","39.07","2"
"11500","Southeast Asia","Paid Search","39.02","1"
"11646","Middle East","Organic","38.74","1"
"12349","Southeast Asia","Email","38.74","1"
"10528","North America","Organic","38.01","1"
"12214","Middle East","Paid Search","37.95","1"
"11984","Europe","Influencer","37.71","2"
"12504","Europe","Paid Search","37.28","1"
"11008","Middle East","Social Ads","37.17","1"
"12093","Middle East","Social Ads","37.17","1"
"10990","Southeast Asia","Paid Search","37.03","1"
"10941","Europe","Email","36.79","1"
"11968","North America","Social Ads","36.69","1"
"12063","Europe","Paid Search","36.61","1"
"12003","North America","Social Ads","36.39","2"
"12167","North America","Social Ads","36.24","1"
"11280","Europe","Social Ads","35.82","1"
"11456","North America","Paid Search","35.51","1"
"12479","Latin America","Social Ads","35.32","2"
"12651","Middle East","Social Ads","33.79","1"
"12969","North America","Influencer","32.66","1"
"11830","Southeast Asia","Influencer","32.28","1"
"12402","Southeast Asia","Paid Search","32.24","1"
"10320","Europe","Paid Search","29.62","1"
"12082","Latin America","Organic","28.95","1"
"12416","Europe","Paid Search","28.85","1"
"12738","North America","Social Ads","28.75","1"
"11467","North America","Organic","28.6","2"
"12099","Southeast Asia","Paid Search","28.35","1"
"10284","North America","Influencer","28.14","2"
"10669","Latin America","Influencer","27.96","1"
"10813","North America","Email","27.69","1"
"10920","North America","Paid Search","27.54","1"
"11526","North America","Social Ads","27.11","1"
"12080","Southeast Asia","Social Ads","26.37","1"
"12431","Europe","Paid Search","26.2","1"
"11724","Southeast Asia","Organic","26.11","1"
"11420","Southeast Asia","Email","26.01","1"
"11532","Latin America","Paid Search","26.01","1"
"10663","Latin America","Paid Search","25.86","1"
"12050","Latin America","Paid Search","25.52","1"
"10807","North America","Referral","25.36","1"
"11492","Europe","Social Ads","25.29","1"
"11825","Middle East","Paid Search","25.1","1"
"11079","North America","Paid Search","24.67","2"
"10576","Europe","Paid Search","24.33","1"
"11996","North America","Social Ads","24.23","1"
"12279","Southeast Asia","Social Ads","24.23","1"
"11226","Southeast Asia","Paid Search","23.92","1"
"11747","Europe","Paid Search","23.4","1"
"12142","Europe","Paid Search","23.23","2"
"11310","Latin America","Social Ads","23","1"
"12545","North America","Paid Search","22.83","1"
"11768","Southeast Asia","Social Ads","22.74","1"
"12821","Europe","Paid Search","22.71","1"
"11012","Latin America","Social Ads","22.68","1"
"10484","North America","Paid Search","21.94","1"
"10489","Europe","Paid Search","21.71","1"
"12825","Southeast Asia","Paid Search","21.64","1"
"10211","Southeast Asia","Social Ads","21.62","1"
"10466","Middle East","Paid Search","21.38","1"
"11979","Europe","Paid Search","21.13","1"
"12812","Southeast Asia","Paid Search","21.06","1"
"12009","Europe","Paid Search","20.92","1"
"11010","Latin America","Paid Search","20.9","1"
"11970","Europe","Paid Search","20.44","1"
"11470","Southeast Asia","Paid Search","20.29","1"
"10270","Europe","Paid Search","20.25","1"
"12244","North America","Social Ads","20.25","1"
"12659","North America","Social Ads","19.96","1"
"10435","Latin America","Paid Search","19.71","1"
"11049","Europe","Influencer","19.43","1"
"10761","Europe","Paid Search","18.93","1"
"12281","Latin America","Social Ads","18.86","1"
"10116","North America","Social Ads","18.78","1"
"10717","Europe","Paid Search","18.74","1"
"12663","Europe","Paid Search","18.64","1"
"10992","Middle East","Paid Search","18.62","1"
"10490","Europe","Social Ads","18.47","1"
"11787","Latin America","Social Ads","18.22","1"
"12364","Europe","Organic","18.22","1"
"10349","Europe","Paid Search","18.21","1"
"11271","Europe","Paid Search","17.78","1"
"12624","Middle East","Paid Search","17.78","1"
"10186","Europe","Paid Search","17.77","1"
"12897","Middle East","Social Ads","17.57","1"
"12576","Latin America","Email","17.32","1"
"11576","North America","Paid Search","17.26","1"
"10736","North America","Email","16.76","1"
"11650","Southeast Asia","Social Ads","16.43","1"
"11427","North America","Paid Search","15.75","1"
"12221","Latin America","Paid Search","14.9","1"
"12554","North America","Social Ads","14.04","1"
"10821","Europe","Influencer","13.66","1"
"12952","Europe","Paid Search","12.23","1"
"10075","Southeast Asia","Paid Search","12.06","1"
"12927","Latin America","Social Ads","11.8","1"
"10150","North America","Social Ads","11.21","1"
"12411","North America","Paid Search","11.21","1"
"10227","Southeast Asia","Paid Search","10.92","1"
"12460","Europe","Organic","10.87","1"
"11286","Europe","Paid Search","5","1"
